0.036965567618608475,-0.03178044781088829,0.1335594654083252,0.03972041979432106,0.03344685584306717,0.09843844920396805,0.058564942330121994,0.06083393096923828,-0.04393453150987625,0.043718837201595306,-0.016617346554994583,0.16941773891448975,-0.18095260858535767,-0.28073742985725403,0.012272214516997337,-0.14227567613124847,-0.14651763439178467,0.09137959778308868,0.055115438997745514,-0.15035392343997955,0.05664128437638283,-0.23509813845157623,-0.014849796891212463,0.15964414179325104,-0.1620045006275177,-0.06879362463951111,0.09728565812110901,-0.06768617033958435,-0.1025145873427391,0.02096335031092167,0.2598209083080292,-0.038591399788856506,0.033119767904281616,-0.2216981202363968,0.07561291754245758,0.12652409076690674,-0.03279642015695572,-0.23318205773830414,-0.08268089592456818,-0.03438301384449005,-0.03273860365152359,-0.0581287257373333,-0.15082533657550812,0.22764597833156586,0.10549706220626831,0.08626602590084076,0.10038083791732788,0.2376013547182083,-0.011335615999996662,0.09673779457807541
-0.043200019747018814,-0.026292875409126282,-0.04716998338699341,-0.13855154812335968,0.269595742225647,0.17042218148708344,-0.10854232311248779,-0.034335795789957047,-0.09647619724273682,0.03749145567417145,-0.2829478681087494,0.020874302834272385,0.03557366132736206,-0.06474672257900238,0.0692300871014595,0.043717045336961746,0.07255536317825317,0.07874004542827606,-0.05530484393239021,0.11325181275606155,0.12428741157054901,0.1455785483121872,-0.11966968327760696,0.04871149733662605,0.1135890781879425,0.23365777730941772,0.07573377341032028,-0.04984473064541817,0.0383744016289711,0.06130317598581314,-0.245334655046463,0.05600707605481148,0.018680987879633904,0.13974812626838684,0.07330044358968735,0.07846033573150635,0.03246504068374634,-0.17342032492160797,-0.19035495817661285,-0.13744290173053741,-0.251880019903183,0.1424075812101364,0.23184125125408173,0.03309604153037071,0.07659900188446045,-0.11386070400476456,-0.0043212370947003365,-0.14888150990009308,0.04255446419119835,0.08883599191904068
0.06133367866277695,-0.009639177471399307,-0.06334267556667328,0.08988422900438309,0.21510422229766846,0.013205304741859436,0.10125520080327988,-0.2173689901828766,0.230246439576149,0.01044962927699089,-0.19409948587417603,-0.0427694208920002,-0.03240150213241577,0.0524560920894146,0.033025678247213364,-0.01733938604593277,0.016529377549886703,-0.19364464282989502,-0.23763351142406464,-0.3334348797798157,-0.06636644899845123,0.10317457467317581,-0.207548588514328,0.1887170523405075,0.007606809027493,-0.2462446391582489,-0.24154174327850342,0.14266815781593323,0.09383149445056915,0.2465968132019043,-0.16257913410663605,-0.10144545882940292,0.16666337847709656,0.05983439460396767,-0.33749523758888245,-0.2413388043642044,-0.1495656818151474,0.3756698668003082,0.04911269247531891,-0.19500687718391418,0.04896792024374008,-0.20829558372497559,-0.2512255311012268,0.1279904544353485,0.0035580527037382126,-0.2344723492860794,-0.12631487846374512,-0.09841729700565338,0.09991467744112015,0.006679123733192682
-0.03471357747912407,0.08590062707662582,-0.0005068110767751932,-0.10249185562133789,-0.04343888908624649,0.10277432948350906,-0.11430983245372772,0.03572667017579079,0.07325832545757294,-0.11257864534854889,-0.02797151915729046,0.13533122837543488,0.023544806987047195,-0.1326756626367569,-0.0706825852394104,-0.29992854595184326,0.10101006180047989,-0.08374878019094467,-0.14898942410945892,-0.0730442926287651,0.04064928740262985,-0.2181040495634079,0.0038731652311980724,0.13358178734779358,0.08341587334871292,-0.23023870587348938,-0.010248084552586079,0.057688891887664795,0.03765483945608139,-0.14351539313793182,0.021731985732913017,-0.07075848430395126,-0.01505342498421669,-0.12898434698581696,0.14876799285411835,-0.1943451166152954,0.06354140490293503,0.1914811134338379,-0.1901732236146927,-0.016939856112003326,-0.15919624269008636,-0.03048374317586422,-0.03024529293179512,0.05584358423948288,0.2795192301273346,0.04496852681040764,0.3653948903083801,-0.04777095839381218,0.023209111765027046,0.20752379298210144
-0.24502018094062805,-0.039511606097221375,-0.12628640234470367,-0.2865602672100067,0.2941616177558899,0.03441827744245529,-0.05240541696548462,-0.32705315947532654,-0.07107089459896088,-0.07982408255338669,0.11555445939302444,0.04527844488620758,-0.11952677369117737,0.063407301902771,0.06484369188547134,0.16043318808078766,0.24484127759933472,0.05698198080062866,0.0002762920339591801,0.0019442428601905704,0.19186408817768097,-0.02319590374827385,-0.04827046021819115,0.08010446280241013,-0.037926387041807175,0.2340044379234314,-0.3841380178928375,-0.020268836989998817,-0.0909445658326149,-0.03437899798154831,-0.14306025207042694,0.024616796523332596,-0.17379099130630493,0.3200818598270416,0.06053520366549492,0.03814413398504257,-0.05038364231586456,-0.03739515691995621,0.01708919368684292,0.01757119968533516,-0.18265120685100555,0.1820317506790161,0.23494015634059906,0.08592086285352707,0.13987550139427185,-0.06633301079273224,-0.03359270468354225,-0.16739152371883392,-0.28550300002098083,0.009851408191025257
-0.12458419054746628,0.15098561346530914,-0.0032761688344180584,0.03327047824859619,0.03804614394903183,0.22001749277114868,-0.020987512543797493,-0.03801041096448898,-0.13013619184494019,0.2316998988389969,0.17795981466770172,-0.08489051461219788,-0.1531413048505783,-0.11886006593704224,-0.017852425575256348,-0.0595819316804409,0.08284103870391846,-0.14592328667640686,0.07666292786598206,-0.24206577241420746,-0.2301463633775711,-0.2083941102027893,0.09156042337417603,-0.05506386607885361,-0.25290483236312866,-0.0012053275713697076,0.0928615853190422,0.14280718564987183,-0.3736794888973236,0.006491593085229397,-0.34866684675216675,0.24045032262802124,0.24836565554141998,0.0054253521375358105,-0.11973337829113007,0.1996106058359146,0.048388104885816574,-0.199165478348732,-0.08227192610502243,-0.16488781571388245,-0.14247001707553864,-0.07221288233995438,-0.07145813852548599,0.09431364387273788,0.0319242998957634,-0.3682350218296051,-0.11199484765529633,-0.05227626487612724,-0.11901837587356567,0.09731541574001312
0.16140495240688324,0.2624414265155792,-0.14183078706264496,-0.03160855546593666,-0.04152705892920494,-0.006428495980799198,0.20666615664958954,0.06693871319293976,-0.09366580098867416,-0.019437532871961594,-0.036502499133348465,-0.1539541631937027,0.21718519926071167,0.10582319647073746,-0.03259075805544853,0.07138600945472717,0.14469824731349945,0.031984779983758926,-0.35484305024147034,-0.10805190354585648,-0.12185350060462952,0.0052002789452672005,-0.21603460609912872,-0.01968269608914852,-0.03676459938287735,-0.23420487344264984,-0.11856268346309662,0.30014458298683167,0.2889893054962158,0.19629232585430145,0.027662266045808792,-0.12887494266033173,-0.024343835189938545,0.12652574479579926,-0.14843955636024475,-0.4582712948322296,-0.2704591453075409,0.17870451509952545,0.16123366355895996,-0.00438584154471755,0.19643141329288483,-0.0968785509467125,0.09314598143100739,-0.06429800391197205,-0.07537872344255447,-0.02542915940284729,0.09469021111726761,-0.070061095058918,-0.18767286837100983,0.023683764040470123
0.03095155395567417,-0.10695761442184448,0.056036997586488724,0.05899765342473984,0.014110689982771873,-0.23436376452445984,0.05401771515607834,0.1556244194507599,-0.040451958775520325,0.20822963118553162,0.1894843578338623,0.21908608078956604,-0.1238178089261055,-0.19748243689537048,-0.05184571444988251,-0.11964354664087296,-0.047251176089048386,0.30346930027008057,0.1350579410791397,0.2538031339645386,0.20239189267158508,-0.2761959731578827,0.19794239103794098,0.06198176369071007,-0.013564719818532467,0.07446318864822388,0.31256988644599915,-0.03215319290757179,-0.294596791267395,0.2555730938911438,0.14279630780220032,0.05191786587238312,0.11076604574918747,-0.316087007522583,0.03682129085063934,0.20276843011379242,-0.13396908342838287,0.04042899236083031,-0.12113646417856216,-0.03333064913749695,0.1801222711801529,-0.08344234526157379,-0.11901956051588058,0.10451629757881165,0.11570949107408524,0.3484972417354584,0.18938377499580383,0.13639333844184875,-0.07279196381568909,-0.041120242327451706
-0.036520831286907196,-0.03212762624025345,-0.17298893630504608,0.11255844682455063,-0.09220448136329651,0.06950392574071884,0.12063589692115784,0.06974374502897263,-0.027060329914093018,0.28219449520111084,-0.048652634024620056,0.114295095205307,-0.06969841569662094,-0.03301224485039711,0.016579171642661095,0.03906882926821709,-0.023238826543092728,-0.11948755383491516,-0.030317651107907295,-0.10868898779153824,0.004550206940621138,0.008986866101622581,0.03966650739312172,-0.04148638993501663,-0.21701152622699738,0.02858661115169525,0.045052025467157364,-0.11047377437353134,-0.298903226852417,0.022300858050584793,0.007626732345670462,0.1781035214662552,0.12371142953634262,-0.2596534490585327,0.015166605822741985,0.11174706369638443,-0.10344883799552917,-0.1929629147052765,-0.23730500042438507,-0.05596870929002762,-0.06151874363422394,-0.027063891291618347,-0.021634861826896667,0.23308929800987244,0.12309201061725616,0.07657162845134735,-0.04576702415943146,-0.00646245339885354,0.12378618121147156,0.05705425143241882
-0.1280437856912613,0.06089334189891815,0.050788454711437225,-0.20104067027568817,-0.34331098198890686,-0.17706972360610962,-0.22133639454841614,0.029689382761716843,0.002770322374999523,-0.0018005125457420945,0.09687606990337372,-0.011888591572642326,0.022763365879654884,0.17861288785934448,-0.1215561032295227,-0.016399415209889412,-0.005657719448208809,0.12410346418619156,0.23721596598625183,0.02767091616988182,-0.10549404472112656,-0.10706479847431183,0.18166106939315796,0.02978682331740856,-0.1652420163154602,0.032834071666002274,0.10612896084785461,-0.22263815999031067,0.07682233303785324,-0.012922065332531929,0.0987684428691864,-0.03053169697523117,0.1397266834974289,0.15854240953922272,0.11987106502056122,0.32576698064804077,-0.03362550958991051,0.15676528215408325,0.2053808718919754,0.015516740269958973,-0.008233994245529175,0.1709333062171936,-0.10811439156532288,0.0029926204588264227,-0.11446642875671387,-0.03858695179224014,0.036287836730480194,0.11353320628404617,-0.022755976766347885,0.07893005013465881
0.057639818638563156,0.22817584872245789,-0.04476364329457283,0.1637379229068756,-0.03139214962720871,0.10287361592054367,-0.033761899918317795,0.08574746549129486,-0.025503933429718018,-0.03873725235462189,-0.027342891320586205,0.0033074808306992054,0.20718760788440704,0.0897647812962532,-0.04478457570075989,-0.19236458837985992,0.14626199007034302,0.08229401707649231,-0.16425873339176178,-0.1646214872598648,-0.06504034250974655,0.2496754378080368,0.021968837827444077,-0.11033067852258682,0.0343107208609581,-0.03702874109148979,0.09552975744009018,-0.008648622781038284,-0.018688298761844635,0.10533417761325836,-0.2549867331981659,0.17366014420986176,0.12128544598817825,-0.04022272303700447,-0.32543638348579407,-0.08045252412557602,-0.1530725061893463,0.18598391115665436,0.2322055548429489,-0.17228545248508453,-0.11975770443677902,0.10771602392196655,-0.16611969470977783,-0.2744026482105255,-0.0474616102874279,-0.03370780497789383,0.23028606176376343,-0.024997267872095108,0.28197890520095825,0.037946753203868866
-0.04378846660256386,0.0120238047093153,-0.03492790833115578,0.07471852004528046,-0.2585260570049286,-0.0006220023497007787,0.31151527166366577,-0.0077799116261303425,-0.23869149386882782,-0.005747883580625057,0.16814224421977997,0.0935843214392662,-0.24054013192653656,-0.11148235946893692,0.15213963389396667,-0.05789695680141449,-0.17594334483146667,-0.15039300918579102,-0.014005000703036785,0.20129893720149994,0.22673851251602173,-0.29527291655540466,-0.12858574092388153,0.11862857639789581,-0.15899041295051575,0.27530205249786377,0.16905619204044342,0.0002590492367744446,-0.11866994947195053,-0.1133657917380333,0.07312775403261185,0.0021895268000662327,0.15277214348316193,-0.20095153152942657,0.1257399022579193,-5.557994882110506e-05,0.13279107213020325,-0.19414614140987396,-0.14157970249652863,-0.044106680899858475,0.007146620191633701,0.009099460206925869,-0.17408166825771332,0.21232572197914124,-0.059009600430727005,-0.0027876803651452065,0.017781414091587067,-0.05085105821490288,0.01612660475075245,-0.09811366349458694
-0.0322830006480217,-0.024013100191950798,0.176641047000885,-0.02917485125362873,0.205332413315773,0.27522629499435425,-0.37209153175354004,-0.15253686904907227,0.2527455985546112,0.020771782845258713,-0.1342504471540451,-0.16778382658958435,0.10859519988298416,0.18341895937919617,-0.03608259558677673,-0.1694018542766571,0.17768695950508118,0.0493936724960804,0.2252815216779709,0.16652840375900269,-0.08161050826311111,0.23739555478096008,0.3033549189567566,-0.15462630987167358,-0.20248275995254517,0.20801495015621185,0.062109045684337616,0.07186360657215118,-0.0700039342045784,-0.13976652920246124,-0.09172897785902023,-0.19403816759586334,0.12440174072980881,0.19302356243133545,-0.14691869914531708,0.2341901659965515,-0.12527140974998474,0.11536847800016403,-0.09611477702856064,-0.05870777368545532,0.007117059081792831,-0.13827916979789734,0.2694774270057678,0.008220228366553783,0.15612715482711792,-0.2632586359977722,-0.13982032239437103,0.00016001751646399498,-0.19725677371025085,-0.11600317806005478
-0.05720391869544983,-0.17129680514335632,0.1737113744020462,0.013080147095024586,-0.03378940746188164,-0.17226195335388184,-0.27640727162361145,0.10572007298469543,0.08853007107973099,-0.07711168378591537,0.06472113728523254,0.01688062958419323,0.14282383024692535,0.024678047746419907,-0.15237610042095184,0.02270033396780491,-0.008193871937692165,0.10025886446237564,0.310342013835907,0.09287445992231369,0.08973605185747147,-0.09070045500993729,0.157775416970253,-0.2620004713535309,0.09028220176696777,-0.1713666021823883,0.07070348411798477,-0.09017551690340042,-0.01970221847295761,0.033437930047512054,0.26081159710884094,-0.10997205227613449,-0.057925786823034286,0.0412634015083313,0.19205878674983978,-0.034272149205207825,0.15499597787857056,-0.14033924043178558,0.15280099213123322,0.056116651743650436,-0.16003209352493286,0.18704943358898163,-0.026286372914910316,0.28536349534988403,0.007418380584567785,0.03461567312479019,0.43238329887390137,0.07044675946235657,0.1518762707710266,0.017075002193450928
0.3033338487148285,-0.02775026485323906,0.18214108049869537,-0.3663044571876526,0.05257892981171608,-0.05034314841032028,0.08250992745161057,0.20744478702545166,-0.05784780532121658,0.1111907958984375,0.04371616989374161,0.10203897953033447,-0.10613902658224106,0.012518739327788353,0.23391655087471008,0.3456631600856781,-0.11224114894866943,0.00802693422883749,0.03095998242497444,0.16188842058181763,0.22588805854320526,-0.05052681639790535,-0.20675264298915863,0.17194464802742004,0.24520108103752136,-0.37039849162101746,0.07351260632276535,-0.04571628198027611,0.03128973767161369,0.2826080620288849,0.05939190462231636,-0.17682625353336334,-0.1176610216498375,-0.3226759731769562,0.09526397287845612,-0.07271693646907806,0.08587795495986938,-0.05252249538898468,0.07803864032030106,0.18175248801708221,0.4549510180950165,-0.008002683520317078,0.02008744515478611,-0.03131233900785446,-0.04295721277594566,0.26360374689102173,-0.07155346870422363,-0.05700497701764107,0.004990036599338055,0.0035080243833363056
-0.11480153352022171,-0.027485257014632225,0.03556196764111519,0.11830601841211319,0.11553838849067688,-0.0028098002076148987,0.20003898441791534,-0.10381706058979034,0.11153694987297058,-0.017102623358368874,0.07394363731145859,0.11372524499893188,-0.0015211497666314244,0.09448473900556564,-0.16373786330223083,-0.06528456509113312,-0.004191278945654631,0.1384362280368805,0.07107671350240707,-0.12757866084575653,-0.06202331557869911,0.003613813780248165,-0.07439098507165909,-0.027836354449391365,0.18196368217468262,0.026496659964323044,-0.004720049910247326,-0.04626782611012459,-0.07646097242832184,0.3327937126159668,-0.06563547253608704,0.1971769481897354,0.09141857922077179,0.08901894092559814,-0.016461290419101715,0.001563556957989931,0.1380603015422821,-0.14088411629199982,0.23625849187374115,-0.08495882898569107,0.1039549708366394,0.05603528022766113,0.11197012662887573,-0.07699447125196457,0.03887247294187546,-0.014907588250935078,0.10529967397451401,0.21412163972854614,0.06958834826946259,-0.17959754168987274
0.2252740114927292,-0.05214540287852287,0.15212878584861755,0.10165979713201523,0.15751779079437256,0.15409451723098755,0.10574021935462952,-0.10851733386516571,0.1414763331413269,-0.007753895595669746,0.10419042408466339,-0.04646056517958641,0.1080545112490654,-0.14021126925945282,0.012138026766479015,0.09019201248884201,0.02009226381778717,-0.075387142598629,-0.09606937319040298,0.02142198383808136,-0.09816572815179825,0.05357174575328827,0.09683139622211456,-0.027917873114347458,0.10994520038366318,-0.00027510663494467735,0.06613587588071823,0.0033204799983650446,-0.12495089322328568,-0.00819177832454443,-0.10229089111089706,-0.12950780987739563,0.014272017404437065,-0.19500304758548737,0.09588868170976639,-0.03855058550834656,0.07945173233747482,0.11793726682662964,-0.12075581401586533,-0.12643292546272278,0.2203248292207718,-0.13824772834777832,-0.05139501765370369,-0.05699823051691055,-0.006349962204694748,-0.15783444046974182,-0.0317876823246479,0.02420763298869133,-0.1268792450428009,-0.019390879198908806
-0.07855165004730225,-0.02885272540152073,-0.02524685300886631,-0.05974312499165535,-0.029276560992002487,-0.14799463748931885,0.05783269554376602,0.010660650208592415,-0.09514670819044113,-0.12227478623390198,-0.018892839550971985,-0.0735049918293953,-0.0831831842660904,0.13337919116020203,0.05983932688832283,-0.027890130877494812,-0.06578224897384644,-0.1091877892613411,0.1998651772737503,0.2226109504699707,0.024762636050581932,0.18128003180027008,-0.1114993616938591,0.12027157843112946,0.013766330666840076,0.018907012417912483,-0.041077014058828354,-0.0674843117594719,-0.05582837015390396,-0.21466036140918732,-0.28486084938049316,0.09835883229970932,-0.20681405067443848,0.04942959547042847,0.27441486716270447,0.15596236288547516,0.20803484320640564,0.17916002869606018,0.03811202943325043,-0.08227159082889557,-0.03405935317277908,-0.11554789543151855,0.12581036984920502,0.06485037505626678,0.044500719755887985,0.0006766945589333773,0.023097051307559013,0.14712101221084595,-0.052936408668756485,0.08031533658504486
-0.029944399371743202,-0.11291703581809998,-0.07626928389072418,0.06422870606184006,-0.1951274424791336,0.03291713818907738,0.07546578347682953,-0.14109791815280914,0.02906402386724949,0.02924388460814953,-0.12889456748962402,0.1104007214307785,-0.06688441336154938,0.0983826294541359,-0.20086248219013214,-0.12338770925998688,-0.023341819643974304,-0.07337770611047745,0.08015697449445724,-0.1434299349784851,-0.2574659585952759,0.03717070445418358,0.086142897605896,0.11028836667537689,0.013398654758930206,0.2250456064939499,-0.24469879269599915,-0.02402699738740921,0.2932804226875305,0.011316593736410141,-0.028948141261935234,0.004289700649678707,0.03332057222723961,0.39832550287246704,-0.3615000545978546,-0.03868997469544411,-0.18184761703014374,0.0366218276321888,0.08642181754112244,0.0045448481105268,-0.09923798590898514,-0.13954134285449982,-0.1776597499847412,-0.16203783452510834,0.027884747833013535,-0.028318168595433235,0.11208005994558334,0.0036532562226057053,0.03691450133919716,-0.013265149667859077
-0.0050965272821486,-0.001815646537579596,0.017896506935358047,0.039842694997787476,-0.13029015064239502,-0.20747193694114685,0.03781745210289955,0.025336161255836487,-0.03894883021712303,-0.03167341649532318,0.09482598304748535,0.2237839549779892,-0.07534757256507874,0.10012278705835342,-0.006362264044582844,-0.04766705632209778,-0.03638680651783943,0.17826209962368011,-0.014347519725561142,-0.11013097316026688,0.07647731155157089,0.008179880678653717,-0.009680325165390968,-0.01656443625688553,-0.021008428186178207,0.09833020716905594,0.013950610533356667,-0.03777766600251198,-0.17369848489761353,-0.008554905652999878,0.07554568350315094,0.14351704716682434,0.2027086615562439,0.02283165603876114,0.1608855426311493,0.2169804871082306,-0.05616569146513939,-0.18256117403507233,-0.11301473528146744,-0.029077595099806786,-0.056418526917696,-0.18032196164131165,-0.11249618232250214,-0.0029878972563892603,0.030932482331991196,0.08944973349571228,0.051376424729824066,-0.0156326312571764,-0.00980233121663332,-0.23009732365608215
0.02949427254498005,0.04163152351975441,0.07147339731454849,-0.020454183220863342,-0.09093999862670898,0.06045721471309662,0.008700686506927013,0.1345907300710678,-0.011456793174147606,0.052119165658950806,-0.02201506495475769,-0.025884060189127922,0.0661182701587677,0.0932210311293602,-0.05482424795627594,0.06805163621902466,0.005876306444406509,-0.07148293405771255,-0.15469078719615936,-0.3437311053276062,-0.4088594317436218,0.10168147832155228,0.1129908487200737,-0.18732373416423798,-0.1571616381406784,0.012054495513439178,-0.22730141878128052,0.09214646369218826,0.022921768948435783,-0.10894004255533218,-0.2045958787202835,0.04525857791304588,-0.08649879693984985,0.1644555628299713,-0.08401694893836975,0.05093011632561684,-0.2663637101650238,0.058600518852472305,0.13545949757099152,-0.009982121177017689,0.254937082529068,0.026910170912742615,0.03361215069890022,-0.12614771723747253,-0.008921364322304726,-0.1440342217683792,-0.1515091508626938,-0.04962886497378349,0.20163582265377045,0.03502047061920166
-0.04258202761411667,-0.03644609451293945,-0.042898029088974,0.04995105788111687,0.06364500522613525,0.023029889911413193,-0.1635621041059494,-0.10781373083591461,-0.058947592973709106,-0.15566283464431763,0.020802879706025124,-0.13328871130943298,0.07016587257385254,0.07313361018896103,0.06831103563308716,0.07947175204753876,0.1162528470158577,0.17872467637062073,0.10906922072172165,0.042827047407627106,0.13099238276481628,0.07150188088417053,-0.06438527256250381,0.020288405939936638,-0.0882202610373497,0.022767817601561546,0.1843847632408142,-0.07767233997583389,-0.027972137555480003,-0.08373880386352539,-0.1658650040626526,-0.054744984954595566,0.0482943095266819,0.022629814222455025,0.24274440109729767,-0.2029220461845398,0.07838111370801926,-0.09788066893815994,0.04514472186565399,0.15997005999088287,0.15826471149921417,0.062191352248191833,0.2924029529094696,0.05170852690935135,0.026302382349967957,0.01721394993364811,0.07425881922245026,0.08079487830400467,-0.21830524504184723,-0.1317690759897232
-0.10930320620536804,-0.0583704374730587,-0.02248668298125267,0.17347842454910278,-0.07429828494787216,-0.08002690225839615,0.04596521705389023,-0.15774698555469513,0.11080741137266159,-0.009882498532533646,-0.08357381075620651,0.2422448694705963,0.057570017874240875,0.13337141275405884,0.02070809155702591,0.2555171549320221,0.01194844488054514,0.3619571030139923,0.04057220742106438,-0.07514949887990952,0.19572634994983673,0.1668267846107483,-0.12282925844192505,0.08292344212532043,0.14347060024738312,0.06082125008106232,0.09272453933954239,-0.3059818744659424,0.0012428216869011521,0.1049976795911789,0.08943918347358704,0.1658339947462082,-0.07644053548574448,0.03404930233955383,0.057750504463911057,-0.17443585395812988,0.3182109594345093,-0.14415188133716583,0.1342308074235916,0.10520586371421814,0.0511382631957531,0.11973755806684494,-0.0028859255835413933,-0.010821881704032421,0.014938371255993843,-0.014815199188888073,0.12438588589429855,0.12948015332221985,0.3532634675502777,0.10152614861726761
-0.0001170455216197297,0.1816813051700592,0.0007652876665815711,0.16203947365283966,-0.010104428045451641,0.21560080349445343,-0.08096061646938324,0.1204160749912262,0.2267214059829712,-0.05314449593424797,0.03377842903137207,0.07554426044225693,-0.17641472816467285,-0.07060164213180542,0.14258340001106262,-0.008740111254155636,0.0772702693939209,-0.01939484477043152,0.0870235338807106,0.046644289046525955,0.022986464202404022,0.0924881175160408,-0.09508324414491653,0.05054398998618126,-0.05258715897798538,0.102776437997818,0.024116849526762962,0.20100773870944977,-0.0435338132083416,-0.06897220015525818,-0.22455145418643951,0.09522771090269089,0.13735704123973846,0.01625635288655758,-0.16864289343357086,0.04435182362794876,-0.05775383114814758,0.14200976490974426,-0.05707905441522598,-0.062057867646217346,-0.1556578278541565,0.012259096838533878,-0.017421338707208633,-0.07928158342838287,0.08711465448141098,-0.23116683959960938,-0.0198336374014616,0.20528174936771393,-0.026998164132237434,-0.0183640718460083
0.1188061386346817,0.02709340676665306,-0.025218982249498367,-0.022529346868395805,-0.14617130160331726,0.028504157438874245,0.03484068810939789,0.32729876041412354,-0.045426905155181885,-0.1104661151766777,0.09891656041145325,0.13610127568244934,-0.025264259427785873,-0.03135168179869652,0.07848616689443588,0.14511731266975403,-0.019051004201173782,0.14576420187950134,-0.0900828018784523,0.061958350241184235,0.11836490035057068,0.05387372151017189,-0.04809509962797165,-0.010589931160211563,0.14233320951461792,-0.012287547811865807,0.007105216849595308,-0.06806543469429016,0.10229813307523727,0.05818012356758118,-0.008533177897334099,0.1803700476884842,0.010606558993458748,0.08246339857578278,0.22303132712841034,-0.11151683330535889,0.27168282866477966,-0.3869602382183075,-0.009817230515182018,0.06372750550508499,0.25275444984436035,-0.027004707604646683,0.05579623579978943,-0.052990641444921494,0.08766225725412369,0.20807436108589172,0.16785818338394165,0.0345001146197319,0.20979556441307068,-0.03230815380811691
-0.021776877343654633,0.262348473072052,-0.09020504355430603,0.09906096011400223,-0.10475018620491028,-0.15096305310726166,0.28034305572509766,0.03926284983754158,0.2133951485157013,-0.003304397687315941,0.011029678396880627,0.17749151587486267,-0.06964364647865295,-0.09473027288913727,0.18552236258983612,-0.16548897325992584,-0.06381133943796158,-0.0647718608379364,-0.2804432511329651,0.054668128490448,-0.2707328796386719,-0.026403013616800308,-0.08150199055671692,0.12679801881313324,0.2470221221446991,-0.06557326018810272,0.09231411665678024,-0.009664105251431465,0.08361023664474487,0.4039888083934784,-0.11694654077291489,0.14385804533958435,-0.01794103905558586,-0.1309032142162323,0.06573019176721573,-0.14488333463668823,0.000859760504681617,0.22038939595222473,-0.17004883289337158,-0.09546644240617752,-0.2527393102645874,0.21842782199382782,-0.1915406733751297,0.04920027777552605,-0.13405533134937286,0.030206715688109398,-0.05204808712005615,0.010027308948338032,-0.12960299849510193,0.26511815190315247
-0.1250968873500824,0.13275104761123657,0.14581339061260223,0.12702125310897827,0.044287391006946564,-0.018826844170689583,-0.03192715719342232,0.07092691957950592,0.1753074824810028,0.06725692749023438,0.031820472329854965,0.04588158428668976,0.10692877322435379,0.10416910797357559,-0.048602085560560226,-0.04131006449460983,-0.08757878839969635,0.08504051715135574,-0.032551590353250504,-0.10292834788560867,0.037275031208992004,0.16873197257518768,-0.1261742264032364,0.10835899412631989,0.12490946799516678,-0.05005532503128052,0.009173530153930187,-0.032369259744882584,-0.09621865302324295,-0.046162549406290054,-0.14179232716560364,-0.05110219120979309,0.10310383886098862,0.07966010272502899,0.03899713233113289,0.0721118152141571,0.23941512405872345,0.1255900114774704,0.05593588203191757,0.15119878947734833,-0.03709307312965393,-0.01007105689495802,0.04641810432076454,-0.1782548725605011,-0.00954153761267662,-0.1733439564704895,0.1309906393289566,-0.11252967268228531,-0.05408329889178276,0.029607512056827545
0.13283145427703857,-0.044147789478302,0.03811997175216675,-0.15476150810718536,0.06007077172398567,0.1691768318414688,-0.04508894309401512,-0.1531832367181778,-0.211880162358284,-0.13239450752735138,-0.03585079684853554,-0.12213033437728882,-0.040279291570186615,-0.0833442434668541,0.005971366073936224,-0.15849627554416656,-0.0591895617544651,0.04575423151254654,0.012919764965772629,0.06943762302398682,-0.05851001664996147,0.0004571084282360971,-0.16924796998500824,-0.04427872598171234,0.0854407250881195,0.08952437341213226,0.10086901485919952,-0.19610580801963806,-0.05936682969331741,-0.14129149913787842,-0.17176279425621033,-0.07764910161495209,-0.05261790752410889,0.06659460067749023,0.0176914744079113,-0.038500770926475525,0.1016862690448761,0.04642864316701889,-0.10945955663919449,0.1404213160276413,-0.12889176607131958,0.20319433510303497,-0.09373442828655243,-0.008707953616976738,0.116673044860363,0.11561640352010727,0.0037440452724695206,-0.13180893659591675,0.06215596944093704,0.29183200001716614
0.23397883772850037,0.010758763179183006,0.12306313216686249,-0.009750086814165115,0.11715628206729889,0.24254237115383148,-0.12883050739765167,-0.09598448127508163,0.2047313153743744,-0.009114139713346958,0.20861220359802246,0.17051929235458374,-0.23686771094799042,-0.1570976972579956,0.1062854528427124,-0.18393655121326447,-0.0562361478805542,-0.12549424171447754,-0.22660855948925018,0.10667939484119415,-0.3025445342063904,-0.2568661868572235,0.05195361003279686,0.049471158534288406,0.21261578798294067,-0.18792052567005157,0.1591670662164688,-0.1791481077671051,-0.08452407270669937,0.17508694529533386,0.030215468257665634,-0.01958027482032776,-0.0968627780675888,-0.2473359853029251,-0.011452967301011086,0.0619291216135025,-0.02926817536354065,-0.06187315285205841,-0.011726435273885727,0.009429674595594406,0.1252860426902771,0.013432400301098824,-0.11881186813116074,0.030055882409214973,0.10944884270429611,0.16204549372196198,0.03975945711135864,0.13857939839363098,-0.028275050222873688,0.07544885575771332
-0.06083041802048683,0.13429643213748932,-0.0373273640871048,0.348751038312912,-0.05894695967435837,-0.04021991789340973,-0.06230052933096886,0.08776354044675827,0.2127704918384552,-0.2568468153476715,-0.0681433230638504,0.12378452718257904,0.20834407210350037,-0.046723928302526474,0.00318939913995564,-0.14748695492744446,0.22574535012245178,0.1082058772444725,-0.03994717076420784,0.05041230842471123,0.005119125824421644,0.2794002294540405,-0.17819306254386902,-0.003411432495340705,0.3683536946773529,0.12473078072071075,-0.031692057847976685,-0.27196651697158813,0.07801572233438492,0.05720872804522514,0.11109878122806549,-0.06619297713041306,-0.15566407144069672,0.09208360314369202,0.17651785910129547,-0.013609376735985279,0.18167442083358765,0.006275988183915615,-0.14101482927799225,-0.03611207753419876,0.06718491017818451,-0.09364011138677597,0.04557962343096733,-0.07634686678647995,-0.12181895226240158,-0.09384769201278687,0.17704874277114868,0.12651291489601135,-0.04044816642999649,0.198246031999588
-0.1005248874425888,-0.04804288595914841,0.05145348608493805,-0.11928022652864456,0.038379110395908356,-0.2193683236837387,0.1557697355747223,-0.08869952708482742,0.0538749098777771,0.0941808745265007,-0.24442951381206512,-0.15308928489685059,0.0068946704268455505,0.2844350039958954,0.13476577401161194,0.319126158952713,0.07594548165798187,0.1598331183195114,0.06678252667188644,0.12461444735527039,-0.28754323720932007,0.24570976197719574,0.08355943113565445,-0.08891794830560684,-0.02622595801949501,0.12181973457336426,0.10970425605773926,-0.20999178290367126,-0.184738889336586,-0.04882131889462471,-0.07693499326705933,-0.0025562564842402935,0.028741776943206787,0.11342168599367142,0.10400025546550751,0.11757948994636536,0.1161426231265068,0.04151274263858795,0.09028971940279007,-0.12326610088348389,0.07144394516944885,-0.23728761076927185,0.012431619688868523,-0.03486563265323639,-0.08376102894544601,-0.012393660843372345,-0.16934551298618317,0.01757696084678173,0.30939921736717224,0.20001129806041718
0.007769870571792126,-0.12493012845516205,-0.05278974026441574,-0.23994016647338867,0.19249990582466125,-0.2964932322502136,-0.05723382905125618,-0.16806381940841675,-0.19844190776348114,-0.04644894227385521,-0.019562900066375732,0.14203107357025146,0.15275666117668152,0.27545425295829773,-0.07544568926095963,0.09270906448364258,0.0702386125922203,-0.0096513656899333,-0.016856547445058823,-0.11094889044761658,-0.12722720205783844,0.2967737019062042,0.30382248759269714,-0.18257561326026917,-0.08878335356712341,0.08433795720338821,-0.035236991941928864,0.08200950920581818,-0.042170122265815735,-0.22900380194187164,0.04537494480609894,-0.0660473182797432,-0.21323877573013306,0.2127760350704193,0.06035611778497696,0.08742576837539673,-0.16584588587284088,0.17199431359767914,0.10388261824846268,0.042081043124198914,0.008958929218351841,-0.08233314752578735,-0.014587256126105785,0.06864570081233978,-0.12244577705860138,0.06582365930080414,-0.02764381468296051,-0.03598249703645706,0.06971073895692825,-0.043111078441143036
0.050130732357501984,-0.26174214482307434,0.05871232599020004,-0.18953916430473328,0.1717001050710678,-0.03478223457932472,-0.03140634670853615,-0.10282265394926071,0.013759908266365528,-0.08771549165248871,0.06469829380512238,0.14085173606872559,-0.030589425936341286,-0.16809067130088806,-0.07475104928016663,-0.008534444496035576,0.12456580996513367,0.01182393915951252,0.02296408638358116,0.1506796032190323,0.23263661563396454,-0.17849117517471313,-0.1915852278470993,-0.002937371376901865,0.13115422427654266,0.13236531615257263,0.09149061143398285,-0.1530669629573822,-0.06868336349725723,-0.17923523485660553,-0.03431070223450661,-0.03253798931837082,-0.06231875345110893,0.2280004471540451,0.04208425059914589,0.012613561935722828,0.12470781058073044,0.008177099749445915,-0.014308061450719833,0.027230363339185715,0.018058843910694122,-0.024853380396962166,0.08282376825809479,0.20614828169345856,0.17377187311649323,0.046312302350997925,0.010150214657187462,0.03757117688655853,-0.18863312900066376,0.08219212293624878
0.062125880271196365,0.22356680035591125,0.012918359600007534,0.02318410389125347,0.07432094216346741,0.10419858992099762,0.04817526414990425,-0.19425450265407562,0.14222368597984314,-0.15610620379447937,0.14842870831489563,-0.028462279587984085,-0.08817368000745773,-0.013311858288943768,0.14092135429382324,-0.09039132297039032,0.04125220701098442,0.14018017053604126,0.0007875151350162923,0.21733902394771576,0.1799314320087433,0.05739513784646988,-0.14727343618869781,0.07677310705184937,0.12860539555549622,0.027288751676678658,-0.02487078495323658,-0.022487977519631386,0.040866509079933167,0.20252755284309387,-0.16894862055778503,0.1556272655725479,-0.047960732132196426,-0.2848171591758728,0.00782717578113079,-0.15844736993312836,0.17702417075634003,0.003724366892129183,-0.31843802332878113,-0.03446025773882866,0.015005259774625301,-0.08907083421945572,0.005289609078317881,-0.11411081254482269,0.10468535870313644,0.25948283076286316,0.29780155420303345,-0.02707298845052719,0.04942869022488594,0.2748790383338928
-0.25992950797080994,0.09232205152511597,0.1965845376253128,0.03418595343828201,0.11944584548473358,-0.12477365136146545,-0.2317802757024765,-0.05312998592853546,-0.007567418273538351,-0.14173948764801025,-0.0687253400683403,0.06732363253831863,-0.0042226980440318584,-0.18559931218624115,0.1430739462375641,-0.06877516210079193,0.06637553125619888,0.040095530450344086,-0.06474439799785614,0.21664346754550934,0.12817265093326569,-0.027919301763176918,-0.10440818220376968,0.17386820912361145,0.2157774269580841,0.24819427728652954,-0.046160031110048294,-0.03494583070278168,0.02741158753633499,-0.16117465496063232,-0.3333618640899658,-0.159392848610878,0.10359101742506027,-0.04656555876135826,-0.09816475212574005,-0.09790166467428207,0.1711176484823227,0.18530724942684174,-0.009638955816626549,0.008027194999158382,-0.07532613724470139,0.10412416607141495,-0.08805542439222336,0.14853115379810333,-0.08933127671480179,-0.3001008629798889,0.19168169796466827,-0.0450090691447258,0.03740076348185539,-0.05099009349942207
0.22724713385105133,-0.13433080911636353,-0.010287485085427761,-0.019014902412891388,-0.304254412651062,-0.019979313015937805,0.25967735052108765,0.1929975301027298,-0.1994360089302063,0.27462825179100037,0.04406357556581497,0.15869538486003876,-0.01396334171295166,0.11535484343767166,0.1629800647497177,0.21303324401378632,-0.09195853024721146,0.4350859522819519,-0.14134694635868073,-0.006427600514143705,0.11370574682950974,-0.27596279978752136,0.15402716398239136,0.06736473739147186,-0.0521688237786293,-0.17093218863010406,0.13883556425571442,-0.21719133853912354,-0.025811614468693733,0.15987461805343628,0.12288811802864075,0.1060318648815155,0.016212251037359238,-0.40276628732681274,0.029278304427862167,-0.0008499556570313871,0.07209167629480362,-0.10206162184476852,-0.07257672399282455,0.05676408112049103,0.22753454744815826,-0.15288637578487396,-0.04815349355340004,-0.09433053433895111,0.03955983370542526,0.5120319128036499,-0.030600400641560555,0.04987907409667969,0.2841944694519043,0.08899866044521332
-0.055730607360601425,-0.12405804544687271,-0.143610879778862,-0.04871852695941925,-0.1397954225540161,-0.016305910423398018,-0.004075060598552227,-0.22681434452533722,0.1479516178369522,0.012791418470442295,-0.0267876498401165,0.0762890949845314,-0.19205108284950256,-0.30152788758277893,-0.05982526019215584,-0.05686908960342407,-0.0041419812478125095,-0.10678748041391373,-0.10905227810144424,0.023231517523527145,-0.019907554611563683,-0.1483127921819687,0.18683500587940216,-0.024377208203077316,0.029500342905521393,0.02271755412220955,0.016655882820487022,-0.12095945328474045,0.28142112493515015,0.06707510352134705,-0.18914543092250824,-0.18964824080467224,0.013868365436792374,-0.018025651574134827,-0.16700921952724457,0.04708355292677879,-0.15615762770175934,0.07029435783624649,0.02935151755809784,0.018875472247600555,0.004641398787498474,0.046091239899396896,-0.06680619716644287,0.025711722671985626,0.04720921441912651,-0.19263955950737,-0.14003315567970276,0.020146029070019722,-0.13524746894836426,-0.13396139442920685
0.166169211268425,-0.04028940573334694,0.24562504887580872,-0.2273854911327362,-0.16010838747024536,-0.013324391096830368,0.26643136143684387,-0.1287645697593689,0.07351601868867874,-0.06262394785881042,-0.11160624027252197,-0.13108547031879425,-0.04882560670375824,-0.21243047714233398,0.0940011590719223,-0.1022234633564949,0.1075316071510315,-0.25925955176353455,-0.2323271781206131,0.1870405226945877,0.058385781943798065,-0.19070422649383545,-0.17446260154247284,0.17972789704799652,0.08545177429914474,0.030656682327389717,-0.054036397486925125,0.14701345562934875,0.16736117005348206,0.1276600956916809,-0.3048432767391205,-0.4041544795036316,0.11199719458818436,0.06815364956855774,-0.038271576166152954,0.10229838639497757,0.1086568608880043,-0.054781604558229446,-0.37067675590515137,-0.22208358347415924,-0.00043654959881678224,0.06196625903248787,-0.08684416115283966,-0.0018487804336473346,0.050783902406692505,-0.09055926650762558,-0.1455354541540146,-0.21313662827014923,-0.1962224692106247,-0.033578209578990936
0.3564448952674866,0.1303407996892929,0.20521771907806396,-0.02306509017944336,-0.14424705505371094,0.1565609723329544,0.16065725684165955,0.04288996756076813,-0.206236332654953,0.24653571844100952,-0.19707484543323517,-0.05808868631720543,-0.20733191072940826,-0.05263718217611313,-0.044759850949048996,-0.003683325368911028,-0.14028792083263397,-0.07436852157115936,-0.03354502469301224,-0.21691246330738068,-0.17670652270317078,-0.013972260057926178,-0.0579129159450531,0.28266510367393494,0.07897906005382538,-0.13595345616340637,-0.03594602271914482,-0.15802337229251862,0.2367544323205948,0.3970329463481903,-0.11233676224946976,0.029502838850021362,0.0674235075712204,-0.12442272901535034,-0.21163947880268097,-0.045751169323921204,0.011107929050922394,0.003394061466678977,-0.028483793139457703,0.0071546477265655994,0.1550726741552353,-0.13732098042964935,0.03456684201955795,0.05384813994169235,-0.06764581054449081,0.036029152572155,-0.05832144245505333,-0.12280718237161636,0.2841698229312897,0.2929385006427765
0.04230102524161339,-0.2722083628177643,-0.027465445920825005,-0.19059492647647858,-0.2500722110271454,-0.21526046097278595,-0.03214598819613457,0.0907941535115242,-0.047894373536109924,0.23508459329605103,0.0584053173661232,0.08100588619709015,-0.21646130084991455,-0.06139571592211723,0.25842756032943726,0.13974140584468842,0.009175064973533154,-0.23149791359901428,0.12286936491727829,0.065072201192379,0.15887543559074402,-0.015624117106199265,0.28398311138153076,0.06154491752386093,-0.07411787658929825,0.13689133524894714,0.1720123142004013,-0.03921857848763466,0.038554951548576355,-0.3688132166862488,0.24091725051403046,0.061776723712682724,-0.08891468495130539,0.007865773513913155,0.08204099535942078,0.020000532269477844,-0.11630594730377197,-0.030196374282240868,0.07630053907632828,0.037053629755973816,0.07691610604524612,0.02444361336529255,-0.08322339504957199,0.060358721762895584,0.026745883747935295,-0.04336635768413544,0.06265248358249664,-0.055000703781843185,0.07504239678382874,0.07064111530780792
-0.007838554680347443,-0.19306068122386932,-0.1915053278207779,-0.00760809937492013,-0.0007454550941474736,-0.1530560553073883,0.09497790038585663,-0.05080350115895271,0.12624171376228333,-0.0417838916182518,0.23794278502464294,0.16543757915496826,0.023773597553372383,0.10442998260259628,0.12229060381650925,-0.1264481544494629,0.03545974940061569,-0.04947865009307861,-0.13996915519237518,-0.23540902137756348,-0.017696646973490715,-0.05158671364188194,0.14305977523326874,-0.18857403099536896,0.05313531681895256,-0.2899942696094513,-0.031505290418863297,-0.005967969540506601,-0.006215271074324846,-0.043614715337753296,0.1020708680152893,-0.20395849645137787,-0.05953122302889824,-0.0015778695233166218,0.2255789041519165,0.10313387215137482,-0.2603567838668823,0.055797889828681946,0.38061070442199707,0.14776962995529175,0.03890236094594002,0.15249589085578918,-0.1853071004152298,0.11278490722179413,0.0108973802998662,0.14702661335468292,0.08445383608341217,0.03598354384303093,0.10742742568254471,-0.039101339876651764
0.029534272849559784,0.00249182665720582,0.08257754147052765,0.3574492335319519,-0.06009142845869064,0.3066442906856537,-0.1670045554637909,0.08184849470853806,-0.06798610836267471,-0.06290604174137115,-0.10965179651975632,-0.15676099061965942,0.06333216279745102,-0.10459195822477341,0.08053171634674072,-0.03983762487769127,0.022671468555927277,0.07490982115268707,-0.007861088961362839,-0.18855051696300507,-0.27858150005340576,-0.024327799677848816,-0.14202909171581268,0.03012826293706894,-0.02875502221286297,0.01233352068811655,-0.23753370344638824,-0.004099906422197819,0.03633960708975792,0.05090316757559776,-0.11180729418992996,-0.0867559090256691,0.03172885254025459,-0.16349636018276215,0.0871710479259491,-0.11570112407207489,0.26806139945983887,0.15006887912750244,-0.2212119698524475,-0.16439968347549438,-0.11288870871067047,0.17023596167564392,0.2905721068382263,-0.005051843356341124,-0.03525906801223755,-0.030060864984989166,-0.040313877165317535,0.2185717672109604,0.03813159838318825,0.21524134278297424
0.014130745083093643,0.10781300067901611,-0.039484526962041855,0.09474293142557144,-0.011755885556340218,-0.038244593888521194,0.053651049733161926,-0.034341275691986084,0.2664022147655487,-0.08144472539424896,0.12281638383865356,0.02610275335609913,-0.0027340867090970278,0.19851109385490417,-0.07774635404348373,-0.07846751809120178,0.1514701247215271,0.2749326229095459,-0.052582643926143646,-0.04685850813984871,-0.06678749620914459,-0.09380872547626495,0.0242757648229599,0.14171479642391205,0.17241521179676056,-0.09135999530553818,-0.17732186615467072,0.09395921975374222,0.08768688887357712,0.27602827548980713,0.22420719265937805,-0.21832971274852753,-0.0210152268409729,0.010629597119987011,0.1176406517624855,-0.05597918480634689,-0.09341622143983841,-0.01515556126832962,-0.03218522667884827,-0.02103583887219429,0.13900595903396606,-0.00875626690685749,0.12801377475261688,0.04387388005852699,0.1367466300725937,0.20643919706344604,0.0875072032213211,0.1128978580236435,-0.016188858076930046,0.08017899841070175
-0.04601873829960823,0.26367124915122986,0.2045041173696518,0.28440895676612854,0.19564515352249146,-0.04745400696992874,0.22013573348522186,-0.049126677215099335,-0.3417387902736664,-0.1464453637599945,-0.2723311185836792,-0.15274715423583984,-0.03697732836008072,-0.1874406784772873,-0.09441741555929184,0.11196722090244293,0.06414102017879486,0.34929585456848145,0.3489958643913269,0.32286643981933594,0.2530742883682251,0.010747748427093029,-0.10663434118032455,0.2198154330253601,-0.01385725848376751,0.08799691498279572,0.20509734749794006,-0.1780688613653183,-0.23063626885414124,0.14828358590602875,-0.2954747974872589,0.14338119328022003,0.20151253044605255,0.08362137526273727,0.279911607503891,0.16911885142326355,0.17391179502010345,-0.1798093318939209,-0.3961886167526245,0.19537785649299622,-0.1778281033039093,0.23806023597717285,0.1463645100593567,-0.07745925337076187,-0.13513673841953278,-0.006157894153147936,0.15566956996917725,0.16854265332221985,0.11723051965236664,0.342488557100296
0.04643958806991577,0.035960059612989426,-0.1946171373128891,-0.05288900434970856,0.3487652838230133,-0.04600723087787628,-0.13881780207157135,0.03636790066957474,-0.11755140125751495,0.060265712440013885,-0.05160851031541824,-0.028807703405618668,0.0774470716714859,-0.022471414878964424,-0.14055593311786652,-0.09647653996944427,-0.1354694366455078,-0.06732328981161118,0.07897765934467316,0.08791787177324295,-0.1632004976272583,-0.06506841629743576,0.09116359800100327,-0.08542896062135696,-0.3734951913356781,0.16493165493011475,-0.1738247573375702,0.042755305767059326,-0.10708773136138916,-0.018654728308320045,0.12139348685741425,0.01709343120455742,-0.04299350082874298,0.18452692031860352,-0.1352800875902176,0.1166410967707634,-0.0231336560100317,0.19766691327095032,-0.07737582921981812,-0.01800784282386303,-0.06641405820846558,-0.09945662319660187,-0.03583988547325134,0.04578406736254692,0.18506106734275818,-0.005874001886695623,-0.0572880357503891,-0.08062063902616501,-0.03316279500722885,0.10758101940155029
0.31936487555503845,0.012375633232295513,-0.03685277700424194,-0.15603241324424744,0.040830809623003006,0.17392359673976898,-0.017998147755861282,-0.0021909268107265234,0.15275560319423676,-0.04356779158115387,0.1772584766149521,-0.1183013990521431,0.031982336193323135,0.02242971397936344,0.12079508602619171,0.20984214544296265,0.12021719664335251,-0.21781562268733978,-0.1676958054304123,0.0901171863079071,0.010236194357275963,-0.0016896446468308568,0.0772332027554512,0.10346619784832001,-0.010201944969594479,-0.2298775613307953,-0.0719611793756485,-0.022162852808833122,-0.0035595011431723833,0.037437569350004196,-0.03637925907969475,-0.18750888109207153,-0.09896429628133774,-0.16277065873146057,-0.25353768467903137,-0.06998639553785324,-0.07093072682619095,-0.19994798302650452,0.16957040131092072,-0.059171780943870544,0.25834178924560547,-0.14305122196674347,0.004650285933166742,0.03598405420780182,0.02525172010064125,-0.09573096036911011,-0.20686623454093933,0.021986842155456543,0.03481344133615494,-0.14844346046447754
-0.028885945677757263,-0.12233530730009079,0.24648600816726685,0.06184285506606102,-0.07566023617982864,0.1008865237236023,-0.06748790293931961,-0.261314332485199,-0.21546320617198944,-0.020057082176208496,0.07714970409870148,-0.22654005885124207,-0.1344115138053894,-0.12680122256278992,-0.16133223474025726,-0.14131397008895874,0.06820168346166611,-0.15124812722206116,0.2911929786205292,0.11267764121294022,-0.05747676640748978,0.02240103855729103,-0.08376098424196243,0.07221433520317078,-0.01595008745789528,0.10603512823581696,0.011761919595301151,0.08048335462808609,-0.18732579052448273,-0.04346860945224762,-0.19056037068367004,0.16423727571964264,0.23950427770614624,-0.05917675420641899,-0.25944605469703674,-0.045315179973840714,0.05716699734330177,0.09239789098501205,-0.4209396541118622,-0.23361128568649292,0.030043084174394608,0.05277066305279732,-0.1093604639172554,-0.1323074847459793,0.15667414665222168,-0.06379332393407822,-0.09924644231796265,-0.13833163678646088,0.00869190227240324,0.018324818462133408
-0.007722863927483559,-0.0513421967625618,0.15915447473526,0.16076688468456268,-0.2551935315132141,-0.12605908513069153,-0.05695349723100662,-0.10927452147006989,0.13202248513698578,-0.12863706052303314,-0.06769920885562897,0.04351291060447693,-0.03072340041399002,-0.13656294345855713,-0.017342859879136086,-0.13150689005851746,0.09513524174690247,-0.07410621643066406,0.03906271234154701,0.09434816241264343,0.2589203715324402,-0.15102751553058624,0.0029865808319300413,0.10073625296354294,0.07024692744016647,0.1697336882352829,0.0031277581583708525,-0.038083434104919434,-0.17108547687530518,-0.11956201493740082,0.017734192311763763,-0.13239061832427979,-0.09163295477628708,-0.07250537723302841,0.1340925544500351,0.07626917213201523,0.18445473909378052,0.2743932008743286,-0.017086854204535484,0.08078296482563019,-0.3291553258895874,0.025294506922364235,0.054161712527275085,0.06860906630754471,-0.004613976459950209,0.07274720817804337,0.3640323281288147,0.09272672981023788,-0.17393434047698975,-0.031629957258701324
0.30523917078971863,0.03209681436419487,-0.07349056005477905,-0.1266569346189499,0.1720965951681137,0.10525581985712051,-0.062266334891319275,-0.0017774971202015877,-0.14557518064975739,-0.024478910490870476,0.17313030362129211,-0.14310511946678162,0.0891762524843216,0.26029855012893677,0.038104064762592316,0.0776379257440567,0.11615065485239029,0.04512942209839821,0.0666879266500473,-0.08054956793785095,-0.06316369771957397,0.07092303037643433,0.24139490723609924,0.10401719808578491,-0.007045273203402758,0.12981760501861572,0.07408512383699417,-0.06586090475320816,-0.06124626100063324,0.12574434280395508,0.04107102006673813,0.03778620436787605,0.0063963839784264565,0.011792978271842003,-0.1342793107032776,0.04029811918735504,-0.2046302706003189,-0.052314043045043945,0.15998269617557526,0.023442348465323448,0.1800737828016281,-0.17366479337215424,0.17831003665924072,0.0766909196972847,-0.0019993081223219633,-0.007409829646348953,-0.10684674978256226,-0.038309384137392044,0.03725523501634598,-0.057141952216625214
-0.1278100311756134,0.23601034283638,0.053732819855213165,0.28575438261032104,0.020306210964918137,0.23762130737304688,-0.16109544038772583,0.13106776773929596,0.20163677632808685,-0.07766346633434296,-0.1781426966190338,-0.06109907850623131,0.1318824142217636,0.22416098415851593,0.0026118604000657797,-0.14016002416610718,0.13110415637493134,0.2652585208415985,-0.12047639489173889,-0.07307107001543045,-0.0973600521683693,0.37136244773864746,-0.08235234767198563,0.1549798548221588,0.15517239272594452,0.04208958148956299,0.09885911643505096,-0.0322648361325264,0.19794012606143951,0.06583978980779648,0.018397044390439987,-0.06371032446622849,0.01943826489150524,-0.08008243888616562,0.027278397232294083,-0.03898240625858307,-0.030253762379288673,0.052453819662332535,0.14374488592147827,-0.1855919510126114,-0.14271657168865204,0.0731961578130722,0.07762350142002106,-0.2389533519744873,-0.08065666258335114,0.017528492957353592,0.2063845694065094,0.2933504581451416,-0.06402113288640976,0.16825047135353088
