-0.2376866340637207,0.21098503470420837,-0.28033098578453064,0.06154273450374603,0.10391177982091904,-0.20859915018081665,0.0056897797621786594,0.06404536217451096,0.05520906671881676,-0.060596611350774765,0.11941619217395782,-0.26812684535980225,-0.0595034658908844,0.09205886721611023,-0.01721857488155365,0.20772628486156464,-0.06973854452371597,0.16164878010749817,-0.1937568485736847,-0.014779518358409405,-0.10468035191297531,-0.002687292406335473,0.17510397732257843,0.26784220337867737,0.2873668372631073,-0.02204715646803379,-0.23080724477767944,-0.14670877158641815,-0.008453505113720894,0.10294651240110397,-0.012953889556229115,-0.23322175443172455,0.0006040618754923344,0.006120775826275349,0.07714848965406418,-0.19035358726978302,-0.002130490727722645,0.0735248550772667,0.31906211376190186,0.007068287115544081,0.0312324408441782,0.3855612277984619,-0.20695042610168457,-0.19024215638637543,-0.026845205575227737,0.024852195754647255,-0.061769574880599976,-0.14142529666423798,0.14802011847496033,0.18950410187244415
0.07535533607006073,0.2215050458908081,0.2140636295080185,0.15550380945205688,-0.18104928731918335,0.17530950903892517,-0.23153766989707947,0.2203364372253418,-0.053515926003456116,0.01962932199239731,0.18623004853725433,-0.10338173061609268,-0.11418155580759048,0.17728759348392487,-0.3138720691204071,0.1697949320077896,-0.16735881567001343,-0.1703481525182724,-0.08987605571746826,0.11731019616127014,0.09821697324514389,-0.037638094276189804,-0.3082227408885956,0.07207923382520676,0.22772735357284546,-0.10290305316448212,-0.05891454219818115,-0.16468048095703125,-0.12523362040519714,-0.23120546340942383,-0.01495689619332552,0.1325346976518631,0.003572839079424739,0.07082731276750565,0.17103202641010284,0.048650775104761124,0.07991111278533936,0.020845817402005196,0.1644354909658432,-0.09502820670604706,0.2143380343914032,0.16252586245536804,0.03454327583312988,-0.06069694459438324,0.15087896585464478,0.16820374131202698,0.04953858628869057,-0.09284104406833649,-0.15393228828907013,-0.129815474152565
-0.16209065914154053,0.05905785411596298,0.14498132467269897,-0.011697549372911453,-0.018179623410105705,-0.2313135862350464,-0.09963414818048477,0.07093697041273117,0.07494105398654938,-0.0022264174185693264,0.09491240233182907,-0.10953283309936523,-0.04359196126461029,-0.13242614269256592,0.00716332858428359,0.28082433342933655,0.17389653623104095,-0.08309443295001984,0.25017115473747253,0.317935973405838,-0.10773031413555145,-0.21299706399440765,0.0032777294982224703,0.3076920211315155,-0.04710853844881058,-0.00572220329195261,-0.22414451837539673,-0.22416792809963226,0.024180065840482712,-0.1611076295375824,0.1913885474205017,0.04822434484958649,0.008958247490227222,0.12925036251544952,0.05221264809370041,0.04635676369071007,0.12312614172697067,0.009578965604305267,0.07830127328634262,-0.13730710744857788,-0.027678070589900017,-0.017030861228704453,-0.2784992754459381,-0.03084837831556797,0.23231971263885498,0.0826573520898819,-0.21407721936702728,0.14645926654338837,0.29101860523223877,-0.1115308478474617
-0.08406072854995728,-0.16076305508613586,0.09770836681127548,-0.1262332946062088,0.08982633799314499,0.08295329660177231,0.093101367354393,0.21093572676181793,0.027423372492194176,0.17559652030467987,0.11192474514245987,-0.19525206089019775,0.0448233000934124,-0.1636248379945755,-0.17467133700847626,-0.061375003308057785,-0.04147163778543472,-0.1347903311252594,-0.1092657819390297,-0.09847025573253632,-0.07870949804782867,-0.07464797794818878,-0.06159299984574318,0.03197932988405228,-0.03649316355586052,0.19162911176681519,-0.1028616800904274,0.02036941424012184,-0.11469003558158875,0.11787372827529907,-0.04625030234456062,-0.026956437155604362,-0.1618073284626007,-0.13930146396160126,0.24137158691883087,-0.16740337014198303,0.1886257827281952,0.042121171951293945,-0.0806838721036911,0.021421773359179497,0.3160068690776825,0.024944527074694633,-0.12220309674739838,-0.07583250105381012,0.21331456303596497,0.22452184557914734,0.20374225080013275,-0.034826312214136124,-0.11141848564147949,0.02428639493882656
0.06257320940494537,-0.05321855470538139,0.3040950298309326,0.18150673806667328,0.03208570554852486,0.11917243897914886,0.017558468505740166,0.025253981351852417,-0.06593647599220276,-0.10301095992326736,0.28037142753601074,0.18539513647556305,0.02002047933638096,-0.00937985721975565,-0.05719015374779701,0.030129531398415565,0.1463366150856018,0.07160581648349762,-0.13502931594848633,-0.1527179330587387,0.09212494641542435,-0.00982217863202095,-0.07865329086780548,-0.15892277657985687,0.03299730643630028,0.029182206839323044,0.27854347229003906,0.1884472668170929,0.029712632298469543,0.005809521768242121,-0.10357026010751724,0.014088248834013939,-0.19290107488632202,0.1449749916791916,0.08932040631771088,0.0852438285946846,-0.11057005822658539,-0.38438287377357483,-0.08373547345399857,0.09444303065538406,-0.0896606594324112,0.07078445702791214,-0.15300580859184265,0.30400559306144714,0.1929420679807663,0.15295998752117157,-0.01402372308075428,-0.07531753927469254,0.16471053659915924,0.22051145136356354
0.10207098722457886,0.004804982803761959,-0.08822830766439438,-0.18701086938381195,0.10507400333881378,0.22394995391368866,0.027087103575468063,0.18750861287117004,-0.1255270540714264,-0.19990655779838562,-0.18869560956954956,0.1274697333574295,0.05306621268391609,0.13352276384830475,0.08248692005872726,0.03790006414055824,0.021759528666734695,0.04406609386205673,0.14876699447631836,0.0026225275360047817,0.009287356398999691,-0.04668929800391197,0.0307268388569355,-0.07281176000833511,0.08061300218105316,0.2021636664867401,0.1538647562265396,-0.03107207827270031,0.12218418717384338,-0.075800321996212,-0.04764794558286667,-0.06554840505123138,-0.2567877173423767,0.30283811688423157,-0.03729800879955292,-0.04885200783610344,0.05868223309516907,0.24408791959285736,-0.1994568109512329,-0.06893165409564972,-0.11787998676300049,-0.19876128435134888,-0.060935307294130325,0.13278944790363312,-0.06292417645454407,-0.18388408422470093,-0.08020058274269104,0.021194307133555412,0.01609933003783226,-0.17037628591060638
0.03765716776251793,-0.2117815464735031,0.008402206934988499,-0.10772813111543655,0.15249411761760712,-0.12148405611515045,-0.0008768646512180567,-0.05157071724534035,0.12209577113389969,-0.16437658667564392,0.04155174642801285,0.29654237627983093,-0.04706123098731041,-0.11869808286428452,0.01794597879052162,0.03590281307697296,-0.21564887464046478,0.0019360464066267014,-0.12194270640611649,-0.13148030638694763,0.3055972754955292,0.06074048578739166,-0.1734459549188614,0.20523422956466675,0.33842140436172485,-0.017758425325155258,0.16453127562999725,-0.2952209413051605,-0.10055041313171387,0.042730942368507385,-0.0645209550857544,0.026848942041397095,-0.05582410469651222,0.15571008622646332,-0.050263047218322754,-0.08065776526927948,0.1432771384716034,-0.024411112070083618,0.0725049376487732,-0.16061687469482422,-0.15984922647476196,0.056517839431762695,0.04898286983370781,-0.01475323736667633,-0.3134300112724304,-0.18577280640602112,-0.0012571450788527727,0.08665132522583008,-0.14475692808628082,0.15655754506587982
-0.09773670881986618,-0.028302839025855064,0.04072043299674988,0.03898456692695618,0.0008915269863791764,0.24763745069503784,0.059916622936725616,0.18117237091064453,-0.06778061389923096,0.09081710875034332,0.12712553143501282,-0.12195507436990738,0.07320040464401245,0.10837631672620773,-0.3336416780948639,-0.277798593044281,0.20740912854671478,-0.01575576514005661,-0.12884555757045746,-0.12859705090522766,0.10416063666343689,0.0695495679974556,0.0346602164208889,0.19546934962272644,0.1230708509683609,-0.03136514872312546,0.16629905998706818,0.06428385525941849,-0.03581935539841652,-0.26388806104660034,0.12747958302497864,-0.026929983869194984,-0.05220559984445572,-0.1520601212978363,-0.04961930215358734,0.07558811455965042,0.18773820996284485,-0.07256009429693222,0.04069148376584053,-0.16054466366767883,-0.007516552694141865,0.14072997868061066,0.11917503923177719,0.021295512095093727,0.34348854422569275,-0.04593757539987564,0.012410652823746204,0.20777200162410736,-0.1831934154033661,0.1610828936100006
-0.21985432505607605,0.10889727622270584,-0.008765443228185177,-0.12634065747261047,0.1588563174009323,-0.055282555520534515,0.1627369076013565,-0.1563037931919098,-0.10522286593914032,0.12953723967075348,-0.20436063408851624,0.03686187043786049,-0.05301909148693085,-0.11162809282541275,0.224984809756279,0.2228012979030609,-0.04337378218770027,0.023935528472065926,0.040262702852487564,0.05525612831115723,-0.002095345174893737,-0.058953907340765,-0.1176605373620987,0.22331678867340088,0.013890954665839672,0.15552468597888947,-0.16868257522583008,-0.05779249221086502,-0.06352715194225311,0.025263415649533272,-0.06779596209526062,0.23455548286437988,0.1694144755601883,-0.18114762008190155,-0.05894467234611511,-0.09370234608650208,0.05084763094782829,0.132341206073761,-0.07353295385837555,0.18598642945289612,-0.09301797300577164,0.14950017631053925,-0.009507976472377777,-0.17598451673984528,0.014430051669478416,0.06351055949926376,0.09794796258211136,0.05001222714781761,0.17898057401180267,-0.006637208629399538
-0.26462793350219727,-0.14871013164520264,-0.2675968408584595,0.03579758480191231,0.1036757379770279,-0.17434239387512207,-0.03476347029209137,-0.12186790257692337,0.14320026338100433,0.1076606959104538,0.02333763986825943,-0.1469009816646576,-0.052572332322597504,-0.36398717761039734,-0.4550364911556244,0.10915462672710419,-0.2558974027633667,0.05105224624276161,-0.0902443528175354,-0.038166195154190063,-0.02280869148671627,-0.0158274807035923,-0.10622759163379669,0.31367984414100647,0.14455711841583252,-0.09974115341901779,0.08500831574201584,0.015381543897092342,-0.020545916631817818,0.1910492479801178,0.11260923743247986,-0.05975539982318878,0.041565753519535065,-0.1579241007566452,-0.2512964904308319,-0.1445133090019226,-0.12297821789979935,-0.13663579523563385,0.3625449538230896,-0.09438051283359528,0.1598130166530609,0.14423735439777374,-0.21486717462539673,-0.046720750629901886,-0.1379346251487732,0.03891334682703018,0.018440857529640198,0.03758099675178528,0.19349947571754456,0.3751367926597595
0.05044741928577423,0.35552406311035156,-0.13250988721847534,-0.09351027756929398,0.2149745374917984,-0.09872225672006607,0.06082635372877121,0.050257615745067596,0.042730264365673065,0.04623612388968468,-0.19012977182865143,0.029922135174274445,0.016153736039996147,0.025608936324715614,0.06939990818500519,0.023343931883573532,0.030985388904809952,-0.03591861203312874,0.16795626282691956,0.07724427431821823,-0.130774587392807,-0.12047285586595535,0.14196306467056274,0.02799350582063198,-0.030070265755057335,-0.008253631182014942,-0.24302896857261658,-0.1429598480463028,0.027408704161643982,-0.14157921075820923,0.1236029863357544,-0.031231528148055077,-0.02087012492120266,-0.09551069885492325,0.004457388073205948,-0.2177143394947052,-0.00026524378336034715,0.22839155793190002,-0.17223981022834778,-0.06486345827579498,-0.13186705112457275,-0.05058169364929199,-0.10790888220071793,0.046802133321762085,-0.01893891952931881,0.01176199596375227,0.03502078726887703,0.06537806987762451,0.12046563625335693,0.03355234116315842
0.05331524461507797,0.1390867680311203,0.17690683901309967,-0.11817101389169693,0.11849258095026016,0.0877855122089386,0.004599764943122864,-0.02966870740056038,0.029178360477089882,-0.00486246170476079,-0.0808376893401146,0.08832494169473648,0.10933732241392136,-0.0014547263272106647,-0.0212143212556839,0.12169551104307175,-0.1906116008758545,-0.17502783238887787,0.08216756582260132,0.08606395125389099,-0.08363641798496246,-0.04190713167190552,0.00886483583599329,0.09645602852106094,-0.0737152248620987,-0.0315743163228035,0.05621089041233063,-0.09047629684209824,-0.08007306605577469,0.11758214980363846,0.12084828317165375,-0.15486712753772736,-0.07886525988578796,0.028513088822364807,0.023665498942136765,-0.06618871539831161,-0.06135718896985054,0.07561957091093063,0.14224736392498016,-0.012957515195012093,0.22603268921375275,0.15536749362945557,0.1995094120502472,-0.08031994104385376,-0.12686093151569366,0.031116604804992676,-0.22748832404613495,-0.06150735169649124,0.1372511088848114,-0.014189871959388256
-0.1273031234741211,0.03138449788093567,-0.0004618713282980025,0.1775360107421875,0.03165014088153839,-0.26570576429367065,0.15942540764808655,-0.19051961600780487,-0.04125291854143143,0.11749683320522308,-0.26052963733673096,0.10567069053649902,-0.06658606231212616,0.03229162096977234,0.12002996355295181,-0.1348557472229004,0.2233705222606659,0.1218002587556839,-0.12516751885414124,-0.2490360587835312,0.11033059656620026,0.014269709587097168,0.2030072659254074,-0.10329196602106094,-0.06388195604085922,0.007472787983715534,-0.17340314388275146,0.13510294258594513,-0.05722935497760773,-0.07243005931377411,-0.02743726782500744,0.15703701972961426,0.003584271064028144,0.062064822763204575,-0.028147375211119652,0.05943334102630615,-0.08829070627689362,0.01994221843779087,-0.054909732192754745,0.01089272741228342,-0.06057485193014145,0.19130820035934448,0.10283295065164566,0.16637565195560455,-0.04509229212999344,0.17720799148082733,0.03758999705314636,-0.2103855460882187,0.22797642648220062,0.0751519575715065
-0.2814315855503082,0.18829220533370972,-0.05459849163889885,-0.06490811705589294,-0.11317966878414154,0.07276486605405807,0.11181032657623291,0.14069925248622894,0.11558288335800171,-0.07829948514699936,-0.12147863954305649,-0.03161059319972992,0.06614328920841217,0.04953816905617714,0.09449629485607147,-0.09235257655382156,0.11244631558656693,0.1949297934770584,0.1371784657239914,0.003674583276733756,-0.08881984651088715,0.1754959225654602,0.05077483505010605,0.12297800183296204,-0.10372218489646912,0.10264852643013,-0.06542223691940308,-0.15583746135234833,-0.03622269257903099,0.049267880618572235,0.16764497756958008,0.012779701501131058,0.02235923707485199,0.06531322747468948,-0.15690240263938904,0.051080815494060516,0.0952475294470787,0.06577406823635101,0.0373530387878418,0.11783775687217712,-0.07410162687301636,-0.0069595323875546455,0.10526091605424881,0.16716445982456207,-0.052766598761081696,0.03930268809199333,-0.020467475056648254,-0.17895455658435822,-0.021361516788601875,0.14646682143211365
0.23170222342014313,-0.07720684260129929,0.15024615824222565,0.2512255012989044,0.05223969370126724,-0.019064171239733696,0.1436270922422409,-0.16193264722824097,0.07631301879882812,-0.009762978181242943,-0.26580551266670227,-0.0016520369099453092,-0.052616577595472336,-0.0644291415810585,-0.3067456781864166,0.03124011680483818,0.16107003390789032,0.07046075165271759,-0.2857622802257538,-0.10019516944885254,-0.11252197623252869,0.2276410162448883,-0.12927496433258057,0.12071526795625687,0.10088977217674255,-0.17338091135025024,0.22999224066734314,0.28128287196159363,-0.24398767948150635,0.08044315874576569,0.056153275072574615,-0.24137437343597412,-0.08065357059240341,0.1690450757741928,0.15113350749015808,-0.09541860967874527,-0.25936561822891235,0.07971730828285217,-0.05046021565794945,0.08676090091466904,0.12932047247886658,0.27315524220466614,0.21418970823287964,-0.016083111986517906,0.3963817059993744,0.25654545426368713,-0.030740225687623024,-0.06239163503050804,0.0766589343547821,0.03128863126039505
-0.13520976901054382,0.050843533128499985,0.045263439416885376,-0.12297419458627701,0.11291205883026123,-0.05933185666799545,-0.1435789316892624,-0.0303095243871212,0.08780907839536667,-0.18385964632034302,0.1415054202079773,0.08016055077314377,-0.09871894866228104,-0.1524309664964676,-0.1478111892938614,0.22758588194847107,-0.2487386167049408,0.10924657434225082,-0.1448884755373001,-0.08318495750427246,-0.1540866643190384,0.13147860765457153,0.019745679572224617,0.17088720202445984,-0.035352494567632675,0.11317849904298782,0.1633148044347763,-0.020724132657051086,-0.12697826325893402,0.01784982904791832,0.06827683001756668,-0.04677461460232735,0.11086157709360123,-0.010239149443805218,-0.14019586145877838,-0.047629233449697495,0.023675015196204185,0.12121609598398209,0.07274827361106873,-0.12257139384746552,0.13850755989551544,-0.006665817461907864,0.027098258957266808,-0.13419446349143982,-0.42514923214912415,-0.2132270783185959,0.0403105802834034,0.09621842205524445,-0.16638967394828796,0.051094405353069305
0.07017938047647476,0.07506921887397766,-0.12124370783567429,0.16529645025730133,-0.01265230868011713,-0.10188625007867813,-0.0507032610476017,-0.1716475635766983,0.05823933333158493,0.0859125629067421,-0.18356283009052277,-0.08845451474189758,-0.015097890980541706,-0.06411033868789673,0.23043769598007202,0.17061035335063934,0.11353839933872223,0.18948757648468018,0.1253056675195694,0.0701543316245079,-0.2367679327726364,-0.13959121704101562,-0.021579748019576073,0.10822013765573502,-0.07807812094688416,-0.1893078088760376,-0.0934220403432846,-0.08006253093481064,-0.035848021507263184,0.11423489451408386,0.09361289441585541,0.3001265227794647,0.0955272912979126,0.1189911961555481,-0.18351304531097412,-0.034581732004880905,0.17365595698356628,0.1944299042224884,-0.04976595565676689,-0.07559335231781006,-0.37077340483665466,-0.1250091791152954,0.031326208263635635,-0.13432596623897552,-0.24829652905464172,0.010304602794349194,-0.02641364000737667,0.1151353120803833,-0.07756198197603226,-0.26450929045677185
0.0988609790802002,-0.24009957909584045,-0.17185160517692566,-0.009653202258050442,0.2167304903268814,0.07441480457782745,-0.1306559145450592,0.23485295474529266,0.06328712403774261,-0.0454084686934948,0.11763839423656464,0.13689228892326355,0.018408065661787987,0.08396270871162415,0.07984565943479538,-0.17594708502292633,-0.16088908910751343,-0.019414089620113373,0.005742567125707865,-0.08144378662109375,0.06248987838625908,-0.10529007017612457,0.024643979966640472,-0.1982642114162445,-0.17149582505226135,-0.08640958368778229,-0.06824732571840286,-0.017693085595965385,0.17690223455429077,-0.16405965387821198,0.16222383081912994,-0.09853978455066681,-0.08049352467060089,-0.03118680603802204,0.17302148044109344,0.06875981390476227,0.1077568456530571,0.04682465270161629,-0.07795803993940353,0.049889083951711655,0.1328592747449875,-0.04770347476005554,-0.02530190721154213,-0.0308919008821249,-0.3727075457572937,0.007872999645769596,0.03028380125761032,0.11118727922439575,0.10045816004276276,-0.12162041664123535
-0.09383364766836166,-0.2835361361503601,0.27888572216033936,-0.2639998495578766,-0.25794053077697754,0.3961997330188751,-0.017282851040363312,0.20017212629318237,0.035864368081092834,-0.1634250283241272,0.3507823050022125,0.13981415331363678,0.02687865123152733,-0.18640409409999847,0.040116194635629654,-0.2616364061832428,-0.2674890458583832,-0.03970813751220703,0.11451980471611023,0.19300930202007294,-0.04433337599039078,0.1548188179731369,-0.06466236710548401,-0.09471908956766129,-0.013287898153066635,-0.10215360671281815,0.09869112074375153,0.0706164613366127,-0.019437827169895172,-0.08394795656204224,-0.04822348430752754,-0.009788715280592442,0.03356103599071503,-0.11429177969694138,0.07124220579862595,0.11619579792022705,-0.12421364337205887,-0.09386417269706726,-0.16057589650154114,0.06331204622983932,0.06587781012058258,-0.20689928531646729,-0.27439314126968384,0.21940021216869354,0.08693274110555649,0.06610001623630524,0.008473291993141174,-0.21771448850631714,-0.1506248563528061,0.23078972101211548
-0.09869518876075745,-0.09544738382101059,0.03818292170763016,-0.13213098049163818,-0.03882217034697533,-0.11484631896018982,0.19462014734745026,0.0779058039188385,-0.07012063264846802,0.10273975133895874,0.21099242568016052,0.07115927338600159,0.18170137703418732,0.007202254142612219,0.06413766741752625,-0.10351994633674622,-0.07693130522966385,-0.10300691425800323,-0.18115581572055817,0.08383837342262268,-0.015982259064912796,0.026467250660061836,-0.11679738759994507,0.08299185335636139,-0.028342299163341522,-0.028573693707585335,0.08470446616411209,0.0908438116312027,0.12139695137739182,0.03851570561528206,-0.1773912012577057,0.18554998934268951,-0.0024502018932253122,-0.11234530061483383,-0.08660522103309631,0.25157469511032104,-0.1792447417974472,-0.1983567625284195,0.08194726705551147,-0.08250103145837784,-0.1499122828245163,-0.1852129101753235,0.03476226329803467,0.2389688938856125,-0.04595426470041275,-0.0751422867178917,-0.1177949607372284,-0.09901367127895355,-0.1901821494102478,0.1773616373538971
-0.16006030142307281,0.269650399684906,-0.17170022428035736,0.09310830384492874,-0.12955324351787567,0.04156207665801048,0.02004280872642994,-0.11721106618642807,-0.11842731386423111,0.06318092346191406,-0.03664573282003403,0.08953350782394409,-0.02045382373034954,0.059435293078422546,-0.1769603192806244,-0.1389579474925995,0.31009817123413086,0.1786980926990509,-0.20409846305847168,0.1879725456237793,-0.09245001524686813,-0.04993533343076706,0.3924255967140198,0.16336260735988617,-0.1408890187740326,0.34825608134269714,0.07893548160791397,0.07223983108997345,-0.037792641669511795,0.08247147500514984,0.02311643771827221,-0.059301815927028656,0.23633186519145966,-0.08327524363994598,-0.03628909960389137,0.07273662835359573,-0.1706739068031311,0.024094466120004654,0.020116599276661873,-0.1086040660738945,0.2041250765323639,0.1906939595937729,0.013691319152712822,-0.1396988034248352,0.14641119539737701,0.07102631032466888,0.16759242117404938,0.21312710642814636,0.4158015549182892,0.23336617648601532
-0.07292420417070389,0.18284495174884796,-0.2743222117424011,-0.1983056664466858,0.24593210220336914,-0.08643838763237,0.07466278225183487,-0.2017470896244049,-0.1462085247039795,0.03494562581181526,-0.3613332509994507,-0.046031367033720016,0.03054790571331978,-0.034925978630781174,-0.182796910405159,0.10008572787046432,0.13301816582679749,0.03346576914191246,0.14284291863441467,-0.10247685015201569,0.05632263422012329,0.014601687900722027,0.20526081323623657,-0.20091919600963593,0.06955170631408691,0.20983687043190002,-0.09843257069587708,0.020692773163318634,0.07720643281936646,0.3358859121799469,0.3628586530685425,-0.027917100116610527,0.10885006189346313,-0.12322552502155304,-0.05776296183466911,-0.1837811917066574,-0.13715972006320953,0.10282919555902481,0.1468890905380249,-0.15427613258361816,0.007255699019879103,0.06970846652984619,0.2060152292251587,-0.061507634818553925,-0.07591375708580017,-0.03786805272102356,0.24299176037311554,0.07180830091238022,0.2424928992986679,0.12255416810512543
-0.20764759182929993,0.18315210938453674,0.003926894627511501,0.03241788595914841,-0.13138456642627716,-0.12854084372520447,-0.041576486080884933,-0.07615549117326736,0.05514606460928917,-0.09620708227157593,-0.007001976482570171,0.041662342846393585,0.15634091198444366,0.035057079046964645,-0.17177560925483704,0.148843914270401,0.09868673980236053,0.051041655242443085,0.003958184737712145,0.17447364330291748,0.1816209852695465,-0.09033047407865524,0.1070374995470047,0.1877720206975937,-0.060418084263801575,-0.1337716430425644,0.04160961136221886,-0.023824922740459442,0.11899552494287491,-0.2486567199230194,0.023090165108442307,0.1372273713350296,0.07007481157779694,-0.01832379214465618,0.12421851605176926,-0.1404268443584442,0.09936018288135529,-0.00945144984871149,0.0513773150742054,0.016400299966335297,0.1284896284341812,0.05725041776895523,-0.05357245355844498,-0.21135331690311432,0.0019149330910295248,-0.009140782989561558,0.005565793719142675,0.29054033756256104,-0.16528713703155518,-0.013640303164720535
-0.24555499851703644,0.12209872156381607,-0.16103333234786987,-0.06332564353942871,0.10891225188970566,-0.09119410812854767,-0.10475721955299377,0.1745162159204483,0.1272885799407959,0.04423193633556366,0.013502400368452072,0.18911460041999817,0.03791871666908264,-0.13553908467292786,-0.210971862077713,0.07174242287874222,0.013508585281670094,0.11429794132709503,-0.1848050057888031,-0.37051889300346375,0.267875999212265,-0.06641621887683868,0.062219616025686264,-0.03476434573531151,-0.024449069052934647,0.1152258813381195,0.2174965888261795,-0.012215335853397846,0.013565422967076302,-0.33838796615600586,-0.07707814127206802,-0.06466370820999146,0.06306137144565582,0.08538229018449783,0.2410353720188141,0.13433623313903809,0.3651885390281677,0.14710019528865814,-0.2072845697402954,0.04783081263303757,0.3991953432559967,-0.035041023045778275,0.09171607345342636,-0.014918848872184753,-0.0945291519165039,0.14678435027599335,0.05096025392413139,0.03247715160250664,0.1849338561296463,0.15109239518642426
-0.007165093440562487,0.12368825078010559,0.09523803740739822,0.12170371413230896,-0.007326365914195776,0.34363946318626404,-0.1491677612066269,0.20247919857501984,0.11247377097606659,-0.11821836978197098,0.10942813009023666,0.0994526669383049,0.03771011158823967,0.031708430498838425,-0.22018207609653473,-0.2931523025035858,0.02015838399529457,-0.08490774780511856,0.008387948386371136,0.21231615543365479,-0.049812380224466324,0.23698337376117706,0.004887290298938751,0.05619997903704643,-0.07394005358219147,0.36477240920066833,0.20296640694141388,0.10497209429740906,-0.1403467059135437,-0.4167678952217102,0.01361160259693861,-0.2105242908000946,-0.1714305281639099,-0.1737789660692215,0.01941036991775036,-0.038430336862802505,-0.1522420346736908,-0.024684952571988106,-0.03920242190361023,-0.22633038461208344,-0.010789239779114723,-0.008081073872745037,-0.04444950819015503,0.09579869359731674,-0.027907421812415123,0.005679405760020018,0.01304343156516552,-0.09286463260650635,-0.23953187465667725,0.10545510798692703
-0.2264426201581955,-0.06384380906820297,0.17555588483810425,-0.15766532719135284,0.023368336260318756,-0.01789703033864498,-0.08961157500743866,0.08600989729166031,0.07069442421197891,-0.19602292776107788,0.21363389492034912,0.1459907442331314,-0.1552993357181549,-0.06551769375801086,0.07521314918994904,-0.061277836561203,-0.3921894133090973,-0.09306394308805466,-0.12891623377799988,-0.04206084460020065,0.21139301359653473,0.05967353284358978,0.0040205372497439384,-0.03843357786536217,0.14704518020153046,-0.2301902323961258,0.09235313534736633,-0.014788467437028885,0.11024589836597443,-0.10407553613185883,-0.07688244432210922,0.006337436381727457,-0.062784343957901,-0.11577101796865463,0.05822470784187317,0.25044387578964233,-0.08077238500118256,-0.06435665488243103,-0.01866992376744747,0.03189829736948013,0.045122019946575165,-0.3176918923854828,-0.03114750050008297,0.22345340251922607,-0.14624418318271637,-0.14575016498565674,-0.13383905589580536,0.11971957236528397,-0.2995505928993225,-0.009263653308153152
-0.09410739690065384,-0.08272845298051834,-0.09951616823673248,0.12056315690279007,0.037692099809646606,-0.029418354853987694,-0.05644797906279564,0.0730956643819809,0.10462596267461777,0.030321000143885612,0.0721597895026207,0.04285406321287155,-0.0041819363832473755,0.06897489726543427,0.14488919079303741,-0.12024647742509842,-0.06084928289055824,-0.2330000102519989,0.009630314074456692,-0.07377665489912033,-0.09786801040172577,-0.03576022759079933,0.10044959932565689,-0.0825650542974472,-0.07808434218168259,0.13312578201293945,0.07353807985782623,0.0797455832362175,0.013633755967020988,-0.1688971072435379,0.0734005719423294,-0.327976256608963,0.023582980036735535,0.040301356464624405,0.028733043000102043,-0.2921995520591736,0.18957392871379852,0.14283160865306854,-0.0812663733959198,0.19026105105876923,0.16377845406532288,-0.0008906956645660102,0.038898028433322906,0.08617701381444931,-0.1301013082265854,-0.050743672996759415,0.13542386889457703,0.14533086121082306,0.07461816072463989,-0.06810620427131653
-0.2983592748641968,0.024207038804888725,-0.210454523563385,0.04719626158475876,-0.012335866689682007,0.04670318588614464,-0.086170993745327,0.10305720567703247,0.33060500025749207,-0.006218830123543739,-0.052582673728466034,-0.05127996951341629,0.2431953102350235,-0.06522133946418762,-0.3418278992176056,-0.02023816667497158,0.045381058007478714,0.04690351337194443,-0.06072206050157547,-0.10439895838499069,0.2647511065006256,0.2220715582370758,0.11066315323114395,0.022546734660863876,-0.034692343324422836,0.041200000792741776,0.006217018701136112,-0.06182165443897247,0.15093113481998444,-0.20315058529376984,0.2544093132019043,0.07274118810892105,-0.027700651437044144,0.1592448353767395,-0.07689201831817627,0.13429245352745056,0.0774439126253128,-0.06807104498147964,-0.0948786735534668,0.04722580313682556,-0.023976793512701988,-0.12354880571365356,0.05105138570070267,0.17794087529182434,-0.1566219925880432,0.06913254410028458,-0.2606845200061798,-0.08151688426733017,0.09254749119281769,-0.03620405122637749
-0.1090424582362175,0.10392715781927109,-0.3680763244628906,0.13876385986804962,0.05078836902976036,-0.18720409274101257,-0.11534930020570755,0.03359122946858406,0.020420527085661888,-0.11173773556947708,0.19755984842777252,-0.13821904361248016,-0.01214603241533041,-0.07775114476680756,0.14933429658412933,-0.0832536518573761,-0.08357058465480804,-0.26710209250450134,0.06240476667881012,-0.16472947597503662,0.08603556454181671,0.004259105771780014,-0.09817882627248764,-0.07165126502513885,0.1601323038339615,-0.3640481233596802,0.02735442854464054,-0.11469819396734238,0.04820970445871353,-0.10330556333065033,-0.01626724936068058,0.07878104597330093,-0.20547957718372345,0.2145482450723648,-0.10730057209730148,0.034354180097579956,0.16999219357967377,0.15810613334178925,-0.24502120912075043,0.12316769361495972,-0.0768599584698677,-0.14801310002803802,0.3346201479434967,-0.17046234011650085,-0.25560256838798523,-0.09187936037778854,0.21158309280872345,0.09002611041069031,-0.1000751331448555,-0.17289124429225922
-0.08751393109560013,0.2106786072254181,-0.10452663153409958,0.24078984558582306,0.3418106734752655,-0.07790575176477432,0.11147014796733856,-0.07673095166683197,-0.15791840851306915,-0.08001159876585007,0.025555824860930443,-0.2117101401090622,-0.2606448829174042,-0.04958739131689072,-0.10788273066282272,0.2068956196308136,0.12751233577728271,-0.010835754685103893,0.15400156378746033,-0.1283416599035263,0.06350559741258621,0.0655580386519432,-0.18963266909122467,-0.06052536889910698,-0.024666953831911087,-0.08742833882570267,-0.06553728878498077,-0.018409131094813347,0.10496534407138824,0.17817050218582153,-0.0026414317544549704,0.03270859271287918,-0.09173311293125153,0.04930146783590317,-0.04596690088510513,-0.13000580668449402,-0.02097470872104168,0.1448226273059845,0.14937862753868103,0.16425037384033203,0.12808841466903687,0.05411919951438904,0.03789757937192917,0.0047025736421346664,-0.020687051117420197,-0.1289365589618683,0.11915145814418793,0.1011362373828888,0.0901588499546051,-0.09901156276464462
-0.013197093270719051,-0.17632155120372772,0.06252780556678772,0.05844811350107193,-0.26684778928756714,-0.031017770990729332,0.0873710885643959,0.0975789949297905,-0.124489925801754,-0.015601137652993202,0.18961839377880096,0.0856759175658226,0.1812075972557068,0.00313494517467916,0.11221948266029358,0.001361443311907351,-0.005297306925058365,-0.08957675099372864,-0.18419598042964935,0.10022807866334915,-0.043445855379104614,0.13529446721076965,-0.012638899497687817,-0.027373680844902992,0.111142598092556,0.008393403142690659,-0.13138481974601746,-0.002217647386714816,-0.07010827213525772,-0.22317391633987427,-0.20063833892345428,0.09018349647521973,0.16679228842258453,-0.0320587232708931,0.06388562172651291,-0.024366404861211777,-0.007462718058377504,-0.043811261653900146,0.002263649832457304,0.039790160953998566,0.01677015610039234,0.10217989236116409,-0.09852009266614914,-0.1434219926595688,0.08424802124500275,-0.020085331052541733,0.026360683143138885,-0.07406602054834366,-0.21458227932453156,0.12107810378074646
0.17391742765903473,-0.07613301277160645,-0.062210813164711,-0.23524095118045807,0.018453067168593407,0.12832307815551758,0.057520702481269836,0.002242772141471505,0.02917291969060898,0.2602403461933136,-0.20785574615001678,0.20634353160858154,-0.0377289354801178,0.10747914016246796,0.06812122464179993,-0.06371527910232544,0.21321704983711243,0.27422747015953064,-0.14387468993663788,0.130157932639122,0.017565198242664337,-0.011145906522870064,0.09413411468267441,-0.012982498854398727,-0.16504335403442383,0.19236333668231964,0.1262037307024002,0.2970907390117645,-0.10328925400972366,0.07081129401922226,-0.1232241615653038,-0.14682899415493011,0.035901397466659546,-0.08981271833181381,0.015525173395872116,0.07656841725111008,0.007035525050014257,0.2260778248310089,-0.01439684722572565,-0.08151291310787201,-0.01866791769862175,0.08002667874097824,0.053484223783016205,0.16420607268810272,0.09997045993804932,0.028117278590798378,-0.002467986661940813,0.31463146209716797,0.14892266690731049,-0.01714131608605385
0.07828198373317719,-0.022335262969136238,0.001549163251183927,0.14434413611888885,0.0601646862924099,-0.3011952340602875,-0.2502763867378235,-0.1478545218706131,0.025159383192658424,-0.23983870446681976,0.15703020989894867,-0.21560776233673096,0.028799688443541527,-0.04586074873805046,0.09329284727573395,0.059660978615283966,-0.227629154920578,-0.06744027882814407,0.2740289568901062,-0.09810911118984222,0.0732923299074173,-0.10857874155044556,-0.1859188973903656,-0.25586268305778503,-0.07187142968177795,-0.1232934221625328,-0.1155732274055481,-0.10366804152727127,0.04764316603541374,0.16693250834941864,-0.08800831437110901,0.12538421154022217,-0.24181561172008514,0.09577972441911697,0.07528448849916458,0.22867713868618011,0.04106251895427704,0.05974946171045303,0.17942900955677032,0.004728338681161404,-0.16218464076519012,-0.20356696844100952,-0.04619347304105759,-0.2596663236618042,0.037658192217350006,-0.15494845807552338,0.004671541508287191,-0.2674459218978882,-0.24940365552902222,0.05770132690668106
-0.09342378377914429,-0.14240345358848572,0.00987264234572649,-0.0060093519277870655,-0.15145912766456604,-0.019563473761081696,-0.15579329431056976,-0.038278091698884964,0.37881940603256226,-0.01582520082592964,-0.060591403394937515,-0.12250865995883942,-0.07467801868915558,-0.30250805616378784,-0.015107507817447186,0.18863843381404877,-0.04319363087415695,0.1618204563856125,-0.19926531612873077,0.007333172019571066,0.14269322156906128,-0.02459160052239895,-0.29535311460494995,0.274318665266037,0.0537346750497818,0.012041795067489147,-0.033569756895303726,-0.22009046375751495,-0.10226335376501083,-0.01251133717596531,0.07777532935142517,0.14982883632183075,0.12257611006498337,0.010647614486515522,-0.17006026208400726,-0.24883008003234863,0.09110304713249207,-0.01295187696814537,-0.11175951361656189,-0.034943897277116776,-0.05938713997602463,-0.05015360191464424,-0.3725939691066742,0.08919297903776169,-0.02346067689359188,-0.011949947103857994,0.06410587579011917,-0.11239852756261826,0.018851755186915398,0.020932169631123543
0.17389701306819916,0.06795895099639893,0.015466943383216858,0.1503913402557373,0.12750445306301117,0.011653446592390537,0.09800667315721512,0.08020617067813873,-0.1594499796628952,-0.09684395045042038,0.13755987584590912,-0.14459730684757233,-0.0776200145483017,-0.0007348268991336226,-0.16013331711292267,-0.2067047655582428,0.13295777142047882,-0.08671993762254715,0.00563921220600605,0.11780538409948349,-0.15786154568195343,-0.029300659894943237,-0.06638859212398529,0.0023632915690541267,-0.03749728947877884,0.059421248733997345,-0.15362730622291565,0.09488651901483536,-0.01793813705444336,-0.024467099457979202,-0.22144636511802673,0.1854873150587082,-0.15505461394786835,-0.24149957299232483,0.30615904927253723,0.015946749597787857,0.16248397529125214,0.013048449531197548,0.12664999067783356,0.15652984380722046,0.2527480721473694,-0.15938842296600342,-0.02055029198527336,0.04826594889163971,0.19513463973999023,0.1001877412199974,0.002519575646147132,0.12454264611005783,0.26747578382492065,0.009151878766715527
-0.015603170730173588,0.1680549532175064,-0.09081098437309265,0.04814489558339119,-0.026619087904691696,0.04900306463241577,0.13520827889442444,-0.15658125281333923,0.06086759641766548,-0.05977421998977661,-0.008453083224594593,-0.1029500663280487,0.09105336666107178,0.02294195257127285,-0.018891584128141403,-0.041356202214956284,0.12919466197490692,0.11747706681489944,-0.028087584301829338,0.01760200783610344,0.2130790501832962,0.025099964812397957,-0.047930799424648285,-0.08454906940460205,0.024730637669563293,0.0340079665184021,-0.3129386007785797,-0.1659219115972519,0.024234695360064507,-0.11526544392108917,0.18616269528865814,0.21165844798088074,-0.026033898815512657,-0.02056938409805298,-0.028747988864779472,0.15035384893417358,0.010673259384930134,0.12635494768619537,-0.1951708048582077,0.14554151892662048,-0.08635159581899643,0.05649855360388756,0.04720604419708252,-0.08886870741844177,-0.11485107243061066,0.12317371368408203,0.034843482077121735,0.14229805767536163,-0.00567892799153924,0.006281000562012196
-0.10462483763694763,-0.18736563622951508,0.1323942393064499,-0.03415323793888092,-0.007924762554466724,0.06850240379571915,-0.030368883162736893,0.18177644908428192,0.3258301019668579,-0.060722678899765015,0.061834581196308136,-0.2925334572792053,-0.02657245099544525,0.01865474507212639,-0.1051953136920929,0.1604951024055481,-0.29949235916137695,-0.2439655214548111,-0.06264500319957733,-0.13566437363624573,0.2191246896982193,-0.017172081395983696,-0.03539975360035896,-0.010364189743995667,0.002124582417309284,-0.17308999598026276,0.10554399341344833,-0.21572253108024597,-0.26540058851242065,-0.3083513677120209,-0.2601780891418457,-0.08482944220304489,0.02926161326467991,0.11804032325744629,0.22875303030014038,-0.1526811271905899,0.1329009234905243,-0.20027586817741394,0.13636910915374756,-0.0746302604675293,0.17562353610992432,0.07385532557964325,-0.4218129515647888,-0.0766301155090332,-0.004654714372009039,0.02840270660817623,0.020610539242625237,-0.1781257688999176,-0.16316160559654236,-0.08376064151525497
0.10753484070301056,-0.007789893541485071,0.14083074033260345,0.19893570244312286,0.3600408732891083,-0.021254919469356537,0.010281666181981564,0.1670379787683487,-0.1636657565832138,-0.021669704467058182,0.15295927226543427,0.008196783252060413,0.003568819724023342,0.032766539603471756,0.13829566538333893,-0.16902592778205872,0.046497780829668045,-0.15234030783176422,0.07087519019842148,0.11220189929008484,0.060804612934589386,-0.18087713420391083,0.05103214457631111,-0.13328741490840912,-0.1812634915113449,-0.006180367432534695,0.08822248131036758,0.14607574045658112,0.2701658010482788,-0.2264426052570343,-0.20187672972679138,0.017928384244441986,-0.09921827912330627,-0.18589751422405243,0.1897852122783661,0.2564319968223572,0.23872010409832,0.08840057253837585,-0.09412092715501785,-0.052075568586587906,0.05257752910256386,-0.16230134665966034,0.0374382846057415,0.14716291427612305,0.0863141193985939,-0.03252308815717697,0.03524771332740784,0.11687984317541122,0.23280319571495056,-0.24986371397972107
0.011762727051973343,-0.019864408299326897,-0.1394110769033432,-0.06351092457771301,-0.0436088927090168,-0.06560499966144562,-0.07843133807182312,-0.19684256613254547,-0.08984674513339996,-0.03442183881998062,0.005100496578961611,0.03645472228527069,0.09294745326042175,0.03944279998540878,0.32358023524284363,0.2089921236038208,-0.042473144829273224,0.03058091551065445,0.04784144461154938,-0.35426366329193115,0.0982031524181366,-0.050510331988334656,0.057072874158620834,-0.11100301146507263,0.1644626408815384,-0.3025432229042053,0.018511727452278137,-0.1989731788635254,0.03608376160264015,0.255610853433609,0.23199528455734253,0.03723156079649925,0.04899175465106964,0.11676401644945145,-0.13787896931171417,0.06450539827346802,0.13426139950752258,0.17001870274543762,-0.19425268471240997,2.9804185032844543e-05,-0.11046980321407318,0.07344872504472733,0.2256220132112503,-0.11462544649839401,-0.15024715662002563,0.181459441781044,0.09385957568883896,-0.033346857875585556,0.10862164199352264,0.13900502026081085
0.08850618451833725,0.08354947715997696,-0.13233578205108643,-0.18291513621807098,-0.1399230659008026,-0.1256376951932907,0.042403869330883026,-0.043691158294677734,-0.09781503677368164,-0.051725927740335464,-0.20899926126003265,-0.0022491172421723604,0.11199656873941422,0.1342570036649704,0.04958224669098854,0.1974790096282959,0.08073584735393524,0.2667386531829834,0.11048036813735962,0.10857447981834412,-0.25016987323760986,0.016629870980978012,0.02736566960811615,0.021391376852989197,-0.11356819421052933,0.26069700717926025,-0.2471684068441391,0.06349740922451019,-0.02803468517959118,0.038298189640045166,0.18461452424526215,0.04787922278046608,0.10459206998348236,-0.126771479845047,-0.27609050273895264,-0.029614606872200966,-0.14362852275371552,0.1933782696723938,-0.17478148639202118,0.07161614298820496,-0.22883611917495728,-0.01969841495156288,0.320859432220459,0.1395668238401413,-0.1764904111623764,0.018156519159674644,0.20156773924827576,-0.036498140543699265,-0.047811590135097504,0.06157846748828888
0.3425372838973999,0.04945499077439308,0.06321925669908524,-0.0789049044251442,0.13493089377880096,0.014936501160264015,0.13549832999706268,-0.0899999812245369,-0.19493694603443146,-0.17289592325687408,-0.11533752083778381,0.12396261096000671,-0.17929062247276306,-0.05452342703938484,0.11657107621431351,-0.10309583693742752,-0.1817818433046341,0.042968858033418655,-0.04252224788069725,-0.10911257565021515,0.03553851693868637,0.17129701375961304,-0.10388839244842529,-0.2328711748123169,0.06858114898204803,0.018028896301984787,-0.0031737638637423515,0.1652035415172577,-0.014086841605603695,0.3032662868499756,0.09251637011766434,0.06970018893480301,-0.002502768998965621,0.22804680466651917,-0.05060141533613205,0.3699132800102234,-0.27640557289123535,0.02364634908735752,-0.18162912130355835,-0.01831558346748352,-0.0713859423995018,-0.20274440944194794,0.2212904691696167,-0.0454447939991951,-0.12941588461399078,0.009358851239085197,0.10677221417427063,0.07643938064575195,-0.2490677386522293,0.06104706600308418
-0.031307153403759,-0.03306729719042778,-0.1725044995546341,0.22759999334812164,-0.22570405900478363,-0.14070768654346466,-0.0892072543501854,-0.29003196954727173,-0.04941336810588837,-0.032488204538822174,-0.08895225077867508,0.14034149050712585,-0.2553677558898926,0.013014526106417179,0.06008799001574516,0.3431103825569153,-0.13712957501411438,0.0880497395992279,-0.17558008432388306,0.09787577390670776,0.10577321797609329,0.050059664994478226,-0.2819722592830658,0.045126013457775116,0.11435472220182419,0.037016965448856354,-0.08424336463212967,0.18693584203720093,-0.06752053648233414,0.10249963402748108,0.15915460884571075,0.03810201212763786,0.08107494562864304,-0.0766085609793663,-0.14900588989257812,0.10606881976127625,0.029271315783262253,0.05008459836244583,-0.07853422313928604,0.15196043252944946,-0.2913699746131897,-0.10410216450691223,0.054276708513498306,0.07994960248470306,0.015691468492150307,0.012396493926644325,0.13879863917827606,-0.04896620661020279,-0.006776247639209032,0.11470800638198853
0.23406776785850525,-0.08289910852909088,0.06709767878055573,-0.1261758655309677,0.11461005359888077,-0.11973709613084793,-0.13302244246006012,0.16276434063911438,-0.028398508206009865,0.13212473690509796,0.10139688104391098,0.22594541311264038,-0.3128035366535187,0.034955866634845734,-0.013320239260792732,-0.09785746037960052,-0.11148522794246674,-0.36101284623146057,0.24709998071193695,-0.0036543996538966894,-0.02127491869032383,-0.05463654547929764,-0.021366210654377937,-0.030247468501329422,-0.09389518946409225,0.06504859030246735,0.08953437954187393,-0.09568773210048676,0.14380142092704773,-0.07369967550039291,-0.05440840870141983,0.31607916951179504,-0.05749323591589928,0.16637654602527618,0.0683646947145462,0.05310172587633133,0.1803881824016571,-0.144037663936615,0.05381583422422409,-0.04837637022137642,-0.05157219618558884,-0.25519171357154846,-0.09372585266828537,-0.049541011452674866,0.2594209313392639,-0.03125118091702461,0.12892572581768036,0.10283158719539642,0.0185561403632164,-0.11789725720882416
-0.12291617691516876,0.04994923993945122,-0.053992271423339844,0.2057543396949768,-0.16610640287399292,-0.08713889867067337,-0.09140840917825699,0.03432724252343178,0.02771132066845894,-0.12252091616392136,-0.058260925114154816,0.02160741202533245,-0.12715572118759155,-0.06945468485355377,-0.144435316324234,0.04207407683134079,-0.24782302975654602,0.10109297186136246,-0.10008615255355835,-0.17172059416770935,0.16569581627845764,-0.04035281017422676,0.010520211420953274,0.1041138768196106,-0.02122722566127777,-0.13596956431865692,-0.12503299117088318,-0.18355751037597656,0.08551525324583054,0.200191929936409,-0.0576520636677742,-0.1372622698545456,0.04129983112215996,0.22097381949424744,-0.0446445606648922,-0.08001339435577393,-0.08245398104190826,0.061781156808137894,0.30018672347068787,0.19028717279434204,-0.03508438169956207,-0.08559247851371765,0.0786234512925148,-0.01740971766412258,-0.30197587609291077,-0.0889793112874031,0.03679236024618149,-0.05263584852218628,-0.12405255436897278,0.15721754729747772
0.3213103413581848,-0.34429994225502014,-0.06268472224473953,0.19889073073863983,0.009995684958994389,-0.0011495169019326568,-0.06475785374641418,-0.01062245387583971,0.04941761866211891,0.08327391743659973,0.2958815395832062,0.03177829459309578,0.10331208258867264,0.04719379171729088,0.15396487712860107,-0.15541525185108185,0.18272413313388824,0.23647667467594147,-0.25565215945243835,0.05829296261072159,0.20513644814491272,-0.11732662469148636,-0.12298168987035751,-0.052498724311590195,0.3112688660621643,0.027188587933778763,0.23183967173099518,0.00902910903096199,-0.20291242003440857,0.17867137491703033,0.03225012868642807,0.3766539692878723,-0.05599449202418327,-0.057058900594711304,-0.19615758955478668,0.4457648992538452,-0.2863112986087799,-0.20811067521572113,-0.11021197587251663,-0.14287607371807098,-0.3755575120449066,-0.19309629499912262,0.05057108402252197,-0.1823877990245819,-0.34475716948509216,0.04379601031541824,-0.1066182404756546,-0.13834621012210846,-0.11067353188991547,0.24787046015262604
-0.17470799386501312,-0.20590302348136902,-0.03793558105826378,-0.11985014379024506,-0.15365928411483765,0.1300256997346878,-0.07048191130161285,-0.05507196858525276,0.08101321011781693,0.05718027427792549,-0.23197388648986816,-0.2773604393005371,-0.03983006998896599,0.01121328305453062,-0.293743759393692,0.3843422830104828,-0.0040328530594706535,0.18427270650863647,-0.26508140563964844,-0.12850716710090637,-0.12635311484336853,0.3608703911304474,-0.14302568137645721,0.2040279060602188,0.1925940066576004,0.13617725670337677,0.057484183460474014,-0.03280084952712059,-0.014565017074346542,0.15668217837810516,0.3618261218070984,-0.265105277299881,0.2003098577260971,-0.18424946069717407,-0.03984630107879639,0.13750594854354858,-0.10169743001461029,-0.2121472805738449,0.05548553168773651,-0.24839632213115692,0.12350363284349442,0.19573409855365753,0.16586662828922272,0.0749148353934288,0.214647114276886,0.2836894989013672,-0.06298280507326126,-0.26198863983154297,0.01801905408501625,0.22441603243350983
-0.07124491780996323,0.06968630105257034,-0.05198540538549423,-0.17567360401153564,0.03024943545460701,0.11659003049135208,0.11384762078523636,0.08817386627197266,-0.11379525810480118,0.251899778842926,-0.008709346875548363,-0.2783801853656769,0.16738398373126984,-0.015421636402606964,0.02779112011194229,0.11520905792713165,0.44464361667633057,0.09248369932174683,0.11853798478841782,0.2746404707431793,0.05503924936056137,-0.16030582785606384,0.015022564679384232,0.19621986150741577,0.26697269082069397,0.08242042362689972,-0.09606721997261047,0.019249334931373596,-0.13564659655094147,-0.023723287507891655,0.25387585163116455,0.09964996576309204,0.002226307289674878,0.011548011563718319,-0.38454172015190125,-0.22239388525485992,-0.17765399813652039,-0.04204276576638222,-0.05598628148436546,-0.3446562886238098,-0.2229205071926117,0.0695631206035614,-0.3568129241466522,-0.039833951741456985,0.08783577382564545,0.008650789968669415,-0.002945263870060444,0.05662357807159424,-0.07474038004875183,0.08126186579465866
0.1463814675807953,-0.1674327850341797,0.07736197113990784,-0.02803472988307476,-0.06328924745321274,0.018345342949032784,0.02588641829788685,0.09992685914039612,0.04533008113503456,-0.03396067023277283,0.22394610941410065,0.03211498260498047,0.09484554082155228,-0.00452746357768774,0.007324881386011839,-0.03880045562982559,-0.16743938624858856,-0.15379175543785095,-0.18659700453281403,-0.07624353468418121,-0.030337633565068245,-0.0093302633613348,-0.00580235430970788,-0.04724167659878731,-0.20835179090499878,-0.311340868473053,0.2459394782781601,0.14356927573680878,-0.300189733505249,-0.19488616287708282,-0.1421719193458557,0.09024365991353989,-0.19999505579471588,-0.11577042192220688,0.031203478574752808,0.055308565497398376,0.0022806136403232813,0.003649637568742037,0.21527539193630219,-0.060567136853933334,-0.04751286283135414,0.14368492364883423,-0.06577877700328827,0.16229380667209625,-0.060998331755399704,0.11631592363119125,-0.1279393434524536,-0.0959053486585617,-0.1313927322626114,0.10449612885713577
-0.01351465005427599,0.06739034503698349,-0.16204774379730225,-0.04340832307934761,0.0739029198884964,0.1366124451160431,-0.20887258648872375,0.17163677513599396,0.236037015914917,-0.02790132537484169,-0.04297209531068802,0.06711560487747192,0.1338629275560379,-0.10242041200399399,0.29750993847846985,0.06334347277879715,-0.2896582782268524,0.04761364310979843,-0.02513841912150383,0.2249569594860077,0.2861629128456116,-0.046306535601615906,0.06924894452095032,-0.08229949325323105,-0.02805347554385662,-0.14341159164905548,0.10971372574567795,-0.24120794236660004,-0.021903369575738907,-0.04813721030950546,-0.13596361875534058,0.06457986682653427,-0.40197068452835083,0.2459573745727539,0.20350448787212372,-0.11300376802682877,0.11117663979530334,0.23423734307289124,0.06971757113933563,0.170087531208992,-0.09372543543577194,0.03146539628505707,-0.06003503128886223,-0.015980562195181847,-0.016582777723670006,-0.12163334339857101,-0.014475072734057903,-0.14183072745800018,-0.29840314388275146,-0.2106187492609024
-0.01980905421078205,-0.08254183083772659,-0.0682390108704567,-0.019166816025972366,-0.017966974526643753,0.005724127870053053,-0.03443377465009689,-0.2607019245624542,-0.23675107955932617,-0.046975478529930115,-0.17627450823783875,0.12404699623584747,0.0866246372461319,-0.09244686365127563,-0.16726310551166534,-0.010793355293571949,0.14493967592716217,0.27061623334884644,-0.16999633610248566,-0.10665880143642426,0.0571356862783432,0.027612632140517235,0.08950047940015793,0.24090449512004852,0.10848651826381683,0.12025509029626846,-0.045244984328746796,0.09538177400827408,-0.1324850618839264,0.14548751711845398,-0.08881167322397232,-0.2378702014684677,0.16609419882297516,0.1692201793193817,-0.07371704280376434,-0.0625734031200409,-0.006941491272300482,0.20849551260471344,-0.26291513442993164,-0.16727648675441742,0.08496885746717453,0.13489189743995667,0.0677444264292717,-0.2373623251914978,-0.016528982669115067,-0.05212344974279404,0.0552704781293869,0.059156354516744614,0.1848536729812622,0.00853322260081768
