0.04664630815386772,-0.1092751994729042,0.12950658798217773,0.10885319858789444,0.030753159895539284,-0.07003729045391083,-0.0036446640733629465,0.07912217080593109,0.0028186526615172625,0.14532166719436646,-0.2220979630947113,-0.12437058985233307,0.060120608657598495,0.02793968841433525,-0.16264371573925018,-0.15842634439468384,-0.060889504849910736,0.019245363771915436,-0.1535351574420929,0.0420522503554821,0.14896202087402344,-0.021852843463420868,-0.09619618952274323,0.15086422860622406,0.05710469186306,-0.16952140629291534,-0.0612468384206295,0.15719017386436462,0.05657309666275978,0.15620890259742737,-0.0007653369684703648,0.11422770470380783,0.2527695298194885,0.02669641189277172,-0.0785771831870079,-0.07704418897628784,-0.07363330572843552,0.1542786806821823,0.19384129345417023,-0.08067762851715088,0.20555120706558228,-0.03113538585603237,0.010988791473209858,0.12461870163679123,-0.027935529127717018,0.1550530195236206,-0.09113060683012009,0.029690276831388474,-0.1713099479675293,-0.078431636095047
0.2078247219324112,-0.1545233279466629,-0.05657117813825607,0.10653147101402283,0.08849333971738815,0.08024163544178009,-0.06054786592721939,-0.07631708681583405,-0.19752439856529236,0.06606301665306091,-0.07370707392692566,-0.2449379712343216,-0.13551172614097595,0.09136645495891571,-0.10099850594997406,-0.03656140714883804,0.16364091634750366,-0.13850045204162598,-0.06778651475906372,0.1336684376001358,-0.042967915534973145,0.0570523627102375,0.11524484306573868,0.06554409861564636,-0.110051728785038,0.07110246270895004,0.16528208553791046,-0.10930846631526947,-0.10947241634130478,0.12220193445682526,0.062102705240249634,0.007976720109581947,0.0727333277463913,-0.06117148697376251,0.1617709994316101,0.1933831423521042,0.07688502967357635,-0.17497901618480682,0.036567866802215576,0.10027492046356201,0.17380592226982117,0.06281083077192307,-0.07219880074262619,0.13639336824417114,0.011628251522779465,0.1292891949415207,-0.18426688015460968,0.010417666286230087,-0.0961674377322197,-0.09585025161504745
0.09114933758974075,0.17085011303424835,-0.10521235316991806,0.19150005280971527,-0.10788547247648239,0.17705945670604706,-0.14683865010738373,0.12085717916488647,0.07338401675224304,-0.16400480270385742,0.0932583436369896,-0.04247362166643143,0.12679795920848846,0.12235884368419647,-0.23420599102973938,0.027744542807340622,-0.17383359372615814,-0.13228166103363037,-0.01826450601220131,0.1174665316939354,-0.15858814120292664,-0.14883483946323395,0.0036822031252086163,0.16525720059871674,-0.1018635481595993,0.19834083318710327,0.14180216193199158,-0.1089322417974472,0.020349644124507904,-0.1945977807044983,-0.21970883011817932,0.02656031958758831,0.04378243908286095,0.1445137858390808,0.004146391525864601,0.15751568973064423,0.08532168716192245,-0.1955389827489853,-0.05036335065960884,-0.1372416466474533,0.11867771297693253,-0.008762245997786522,0.1282505989074707,0.021757233887910843,-0.1856091469526291,-0.1426100730895996,-0.09214041382074356,0.12539896368980408,-0.04104674607515335,-0.1752704679965973
0.06953850388526917,0.09405705332756042,0.2486121952533722,-0.20893238484859467,-0.05218219384551048,-0.049246709793806076,0.1041974350810051,0.2139032483100891,-0.17969317734241486,0.12230253219604492,-0.05998353287577629,0.1922563761472702,0.0764961987733841,0.1298503428697586,-0.048433974385261536,0.12712673842906952,-0.001400614040903747,-0.02035544253885746,0.12144333124160767,0.05892181396484375,-0.07308032363653183,-0.12365041673183441,-0.08323022723197937,0.25002917647361755,0.007598686497658491,0.11294332146644592,0.2573557198047638,0.05519019067287445,-0.10025450587272644,0.05892493948340416,-0.2133442461490631,-0.03438808396458626,0.08077361434698105,-0.22019509971141815,-0.05006891116499901,-0.09871777147054672,0.05474600940942764,0.016379980370402336,-0.24928583204746246,0.10436353832483292,0.06201200559735298,0.08624258637428284,-0.10650809854269028,0.04168017581105232,-0.17721359431743622,-0.13616766035556793,0.1275215893983841,-0.035711463540792465,0.1480594277381897,0.16556262969970703
-0.0038998336531221867,0.12407892942428589,-0.22440814971923828,0.05641389265656471,0.04051150754094124,-0.2666257917881012,-0.07377342134714127,0.24124501645565033,-0.04702327772974968,0.19395849108695984,0.07211978733539581,0.115528404712677,-0.1251891404390335,0.028462003916502,-0.13541720807552338,-0.0666978508234024,-0.09625851362943649,-0.08120553195476532,-0.1547042578458786,-0.14736473560333252,-0.20550818741321564,-0.10537191480398178,-0.06565289944410324,0.055414117872714996,0.14710500836372375,-0.00018045362958218902,0.115076944231987,0.14513127505779266,-0.19083726406097412,-0.11835090070962906,0.3227875828742981,-0.11714713275432587,-0.12180934846401215,0.14129981398582458,0.03851190209388733,-0.1250448226928711,-0.1300506591796875,0.07252296805381775,-0.16296160221099854,0.1425780951976776,0.282781720161438,-0.025263719260692596,-0.14967863261699677,0.15410806238651276,-0.04767847806215286,-0.2080995887517929,-0.013507084921002388,-0.1331511288881302,-0.04719647020101547,0.18443143367767334
-0.03756420314311981,-0.20452508330345154,-0.032342586666345596,0.17858976125717163,0.21071267127990723,0.10181382298469543,-0.18908987939357758,0.0196649432182312,0.005378493573516607,0.1180860847234726,0.06012672558426857,0.17342716455459595,0.24576497077941895,-0.1933431625366211,-0.021903859451413155,0.02955605462193489,0.005268080160021782,-0.22568202018737793,-0.08284641802310944,-0.21881020069122314,-0.196430504322052,0.09416806697845459,-0.12932227551937103,0.09897430986166,-0.077421635389328,0.1259414702653885,-0.08708398044109344,-0.17384639382362366,-0.23961301147937775,-0.08410650491714478,-0.18138229846954346,0.1360340565443039,-0.10941468924283981,0.18611003458499908,-0.03272075951099396,0.10581616312265396,-0.04678037762641907,0.05735905095934868,-0.29457396268844604,-0.1307367980480194,-0.2564065754413605,-0.28513455390930176,0.03214392811059952,0.132728710770607,-0.12633116543293,0.1998649388551712,0.06736813485622406,-0.2005726844072342,0.1528916358947754,-0.06230008229613304
-0.1785031259059906,0.1774073839187622,-0.10961590707302094,-0.24683591723442078,0.22962667047977448,-0.007660239469259977,0.14668013155460358,0.04498043656349182,-0.01116590853780508,0.11626020818948746,-0.12012893706560135,0.16132229566574097,0.18723130226135254,-0.12837481498718262,-0.1217682957649231,-0.15687960386276245,-0.04291596636176109,0.06957082450389862,-0.22639639675617218,-0.1232374757528305,-0.00016696585225872695,0.13545113801956177,0.020315783098340034,0.01656491309404373,-0.056256525218486786,0.0046121105551719666,0.23274408280849457,-0.1294579654932022,0.07407621294260025,-0.23581372201442719,0.026457374915480614,-0.03308238461613655,0.0337241031229496,0.16354480385780334,-0.15208600461483002,-0.14587347209453583,-0.11607759445905685,-0.06105343624949455,0.20593827962875366,0.04748006910085678,-0.016873424872756004,-0.06731358915567398,-0.0998084545135498,-0.19017556309700012,0.10398180037736893,-0.22214362025260925,0.11664309352636337,0.11703462898731232,-0.09078087657690048,-0.2793238162994385
-0.13065533339977264,0.16465994715690613,0.07970649003982544,-0.31509506702423096,0.10476905107498169,0.1421145796775818,-0.14125606417655945,0.0005397808272391558,0.0019106987165287137,0.053506843745708466,-0.1110115796327591,0.2705831527709961,-0.10275301337242126,0.0519154816865921,0.018938038498163223,-0.20313750207424164,-0.16359299421310425,-0.024406127631664276,0.09114772826433182,-0.06038208305835724,0.017646899446845055,-0.03151688352227211,-0.09557346254587173,0.11975926160812378,0.007375381421297789,-0.210467129945755,0.16025328636169434,-0.05315132439136505,0.1661403775215149,-0.11601350456476212,0.015121286734938622,-0.1280238777399063,-0.2577812373638153,0.10452841222286224,0.10913553088903427,-0.13780264556407928,0.08376332372426987,0.004808029625564814,-0.15721116960048676,0.017468443140387535,-0.12978462874889374,-0.12678463757038116,0.10247088223695755,-0.07967133820056915,-0.09539474546909332,-0.16404634714126587,0.11288128048181534,-0.185064896941185,-0.12839971482753754,0.011061596684157848
-0.13038700819015503,-0.07560607045888901,0.12578387558460236,-0.05614147707819939,0.04146254062652588,0.012699381448328495,0.09255210310220718,-0.20105278491973877,-0.017155274748802185,-0.04981352388858795,0.042268186807632446,0.005272593814879656,0.12347473949193954,-0.021472133696079254,0.22485359013080597,0.001998315332457423,0.04741022735834122,0.06776993721723557,0.13991861045360565,-0.0014491372276097536,0.040401387959718704,-0.14128661155700684,-0.034212566912174225,0.101225346326828,-0.048572566360235214,-0.1815703958272934,-0.2359997183084488,0.08011937886476517,-0.1638014018535614,0.2382088154554367,0.10383818298578262,-0.017145702615380287,0.06206774711608887,0.08945332467556,0.1251964569091797,0.11790430545806885,-0.2623369097709656,0.14620283246040344,0.043763354420661926,-0.04694974422454834,0.14673522114753723,0.025414833799004555,-0.09825953096151352,-0.2608274221420288,0.2727344334125519,-0.0005371002480387688,-0.11275190114974976,-0.04398198425769806,0.037112437188625336,0.12900212407112122
0.12230270355939865,-0.07095292210578918,-0.033605702221393585,0.01277997437864542,-0.10411588102579117,0.16126799583435059,-0.2668381631374359,-0.008101725950837135,0.12331590056419373,-0.016456149518489838,-0.1373308002948761,0.007090223021805286,0.1835864633321762,0.23552724719047546,-0.14270251989364624,-0.16698509454727173,0.11283174157142639,-0.053139105439186096,-0.14794094860553741,-0.11860039830207825,-0.06964155286550522,0.045199163258075714,-0.01313019823282957,-0.23126937448978424,0.1710127294063568,-0.2696198523044586,-0.050601936876773834,-0.07881203293800354,-0.20311208069324493,0.14292915165424347,0.11829818785190582,-0.2275858372449875,0.2086053341627121,-0.18081621825695038,0.11846886575222015,-0.12744012475013733,-0.037900086492300034,-0.109747976064682,-0.0014533812645822763,0.01539282500743866,-0.04126480221748352,0.08332780003547668,0.001116406754590571,0.12002286314964294,-0.09721837937831879,0.10627827793359756,-0.0644361600279808,0.07588791102170944,0.0022856167051941156,0.14924336969852448
0.18940547108650208,-0.007857516407966614,0.09955990314483643,0.007297039031982422,0.04888667166233063,0.02570831961929798,0.22534026205539703,-0.18577679991722107,0.012924589216709137,-0.2124817818403244,0.01565643399953842,-0.027624715119600296,-0.04694538936018944,-0.03277299180626869,0.32101282477378845,0.14115576446056366,-0.027005646377801895,-0.14653676748275757,-0.04881474748253822,-0.11679132282733917,0.0016162003157660365,-0.26149433851242065,-0.18846169114112854,-0.09093844890594482,0.12990818917751312,0.16470925509929657,0.1511322259902954,-0.05345688760280609,0.050421763211488724,0.09626662731170654,0.02986036241054535,-0.1412295401096344,-0.017641503363847733,0.05906454473733902,-0.07903869450092316,-0.09207332134246826,0.0020180544815957546,-0.2086079716682434,-0.29202353954315186,0.3065586984157562,-0.008397990837693214,-0.05449159815907478,0.011440432630479336,-0.03274162858724594,-0.16997405886650085,0.16965273022651672,0.12113939225673676,0.06838393211364746,-0.08401057124137878,-0.12885811924934387
-0.1791616678237915,-0.20180466771125793,-0.16644369065761566,0.0017742712516337633,0.08690616488456726,0.06679918617010117,0.11107315123081207,-0.018086625263094902,-0.12829448282718658,0.12976790964603424,0.1343412697315216,-0.38810232281684875,0.20667968690395355,0.03009127825498581,0.023414434865117073,-0.029263660311698914,-0.003954754211008549,-0.16498693823814392,-0.10035352408885956,-0.1370694935321808,0.07897906005382538,-0.16568626463413239,-0.20612721145153046,0.0705689862370491,0.13801264762878418,-0.10004191845655441,-0.02517116814851761,-0.26885291934013367,0.036788467317819595,0.05519065260887146,-0.05536014959216118,-0.031788501888513565,0.1756332814693451,0.0565517395734787,-0.08347644656896591,-0.14824509620666504,-0.16744650900363922,-0.1021362692117691,-0.08401308953762054,-0.2034226357936859,-0.046427059918642044,0.1280815154314041,0.05497176945209503,0.04251972585916519,-0.013310659676790237,0.19597682356834412,-0.14779509603977203,-0.12338551133871078,0.012498115189373493,0.039979882538318634
0.07461890578269958,-0.08189348876476288,-0.07619551569223404,0.0058660972863435745,0.11414464563131332,0.041408881545066833,0.016046777367591858,0.038405224680900574,0.03978285565972328,0.21743358671665192,-0.19336222112178802,0.22765208780765533,-0.004136557225137949,0.12730783224105835,-0.13225732743740082,-0.1780259907245636,-0.12230514734983444,-0.14414861798286438,-0.05065977945923805,-0.07988161593675613,0.16837362945079803,0.23833991587162018,-0.23067206144332886,0.21614918112754822,-0.02717471309006214,-0.07913093268871307,-0.06824259459972382,-0.13706958293914795,-0.17649583518505096,-0.15198159217834473,-0.19524532556533813,0.023632081225514412,0.20905834436416626,-0.09080540388822556,-0.020571211352944374,0.11661072075366974,0.061853159219026566,0.08158347010612488,-0.16807693243026733,-0.07941251248121262,-0.26205793023109436,0.12339700758457184,-0.11633527278900146,0.0550951287150383,-0.1166694238781929,-0.19501197338104248,-0.07923337817192078,-0.0028815106488764286,0.14668303728103638,0.1696651428937912
0.008750815875828266,0.030324921011924744,-0.010307366028428078,0.04153583571314812,0.024224843829870224,-0.119654081761837,0.07207775861024857,0.23399484157562256,-0.06692685186862946,-0.02959054708480835,0.12112700194120407,0.016524234786629677,-0.19325555860996246,-0.08458627760410309,0.11882030218839645,0.11744669824838638,0.005769389681518078,-0.06583486497402191,0.15424133837223053,-0.16214604675769806,0.0585915707051754,-0.06110461428761482,0.017818879336118698,-0.013220632448792458,-0.07007276266813278,0.06410972028970718,0.12873977422714233,0.16300611197948456,0.05907273292541504,-0.19877272844314575,-0.24406053125858307,-0.12629574537277222,0.15156403183937073,-0.23956477642059326,-0.10074565559625626,0.13383908569812775,-0.15521909296512604,0.04442725330591202,-0.09774003177881241,-0.06594233214855194,-0.18263596296310425,0.01221267506480217,0.05261821672320366,0.14005844295024872,0.027415938675403595,-0.13266253471374512,0.1587369441986084,-0.11274395138025284,-0.1597522348165512,0.04483719915151596
0.14983658492565155,-0.21413497626781464,-0.14462891221046448,0.12821196019649506,-0.09949460625648499,0.026876451447606087,0.2755803167819977,-0.1635761708021164,0.07881984114646912,0.32783377170562744,-0.03749343380331993,0.16715264320373535,-0.17326101660728455,0.10153939574956894,-0.02382427267730236,0.04535463824868202,0.0807390958070755,-0.3160686194896698,-0.052423249930143356,0.1803949475288391,0.04803654924035072,0.16730427742004395,-0.07565044611692429,-0.008265092968940735,-0.14407800137996674,0.13620035350322723,-0.07987982779741287,0.26621201634407043,-0.21848031878471375,-0.04990747570991516,-0.029787451028823853,0.19018132984638214,0.15729199349880219,0.04269125685095787,0.07313454151153564,0.07222023606300354,0.03019966557621956,-0.00929562933743,0.027811506763100624,-0.16557364165782928,-0.19527970254421234,0.08737511187791824,0.031128374859690666,-0.051993947476148605,-0.06377356499433517,0.024566149339079857,-0.1609591692686081,0.1358048915863037,-0.024321669712662697,-0.049503736197948456
0.04578004404902458,0.10243364423513412,0.031633567065000534,0.017714081332087517,0.2057611644268036,0.15304386615753174,-0.00389425759203732,-0.1902257204055786,0.09198563545942307,0.20036724209785461,-0.30271443724632263,0.0824240893125534,-0.19622045755386353,-0.040321458131074905,0.1653994917869568,0.30548742413520813,-0.179544135928154,-0.08297237008810043,-0.141068696975708,0.10597383975982666,-0.011576049961149693,-0.10330259799957275,-0.09673598408699036,-0.16503717005252838,0.10819388926029205,0.006176303140819073,0.3364875018596649,-0.2384851723909378,-0.09814059734344482,0.19405075907707214,0.0899924486875534,-0.14305593073368073,0.15320180356502533,0.1198020651936531,-0.04967444762587547,0.06186394393444061,0.17423050105571747,-0.17883650958538055,0.1899152249097824,-0.03734302148222923,0.0430341511964798,0.09514399617910385,-0.18959474563598633,-0.03364386036992073,0.03771260008215904,-0.10683614760637283,0.26094523072242737,-0.006500277202576399,-0.19414584338665009,-0.03552638739347458
0.07799982279539108,-0.0032584229484200478,0.20202991366386414,-0.1754688173532486,-0.14062964916229248,0.11804574728012085,-0.15849506855010986,0.05964813008904457,0.05508232116699219,-0.2609484791755676,0.16754496097564697,0.11916584521532059,0.1972503662109375,-0.07193076610565186,0.09889458864927292,-0.1782331019639969,-0.01817924529314041,0.3261135518550873,-0.16615645587444305,0.026511231437325478,0.051760245114564896,-0.0917050763964653,0.09602248668670654,0.03664356842637062,0.03139083832502365,0.1884363740682602,0.14578594267368317,-0.047011252492666245,0.19105008244514465,-0.1708546280860901,-0.20451009273529053,-0.14582102000713348,0.04730575531721115,0.0472964271903038,-0.0493655726313591,-0.14825834333896637,-0.2924855351448059,0.08366668224334717,-0.11376369744539261,-0.05793428048491478,0.06400323659181595,-0.1656687706708908,0.2292318344116211,0.1145392432808876,0.13419651985168457,-0.028834130614995956,0.0013356880517676473,0.22494040429592133,-0.09435415267944336,0.01318390667438507
0.15950925648212433,0.06339914351701736,0.01132406946271658,0.11760935932397842,0.36859801411628723,-0.010334630496799946,0.19059941172599792,-0.19517706334590912,-0.19795896112918854,0.08531108498573303,0.15072257816791534,-0.05711764097213745,0.14476291835308075,0.08860950171947479,0.1274721324443817,0.033641450107097626,0.053392328321933746,-0.11635442823171616,0.02706892602145672,0.01774727925658226,-0.1788739562034607,0.08490169048309326,0.015902794897556305,-0.08879046887159348,0.12036610394716263,-0.06486094743013382,0.08692394196987152,0.043815575540065765,-0.0787588506937027,0.0293644517660141,0.06601689010858536,0.008511628955602646,-0.22110265493392944,-0.01517437119036913,-0.02301664650440216,0.09033790230751038,-0.07986073195934296,-0.07210470736026764,0.0767897441983223,0.04798581078648567,0.16322286427021027,-0.25510045886039734,-0.11694490909576416,-0.030207669362425804,-0.08789753913879395,-0.045115042477846146,-0.06516428291797638,-0.014504494145512581,-0.11993232369422913,-0.23417910933494568
0.31452956795692444,-0.12771831452846527,0.04685283824801445,0.1230875700712204,-0.047278255224227905,-0.26724568009376526,-0.000573225668631494,0.11489030718803406,-0.22572091221809387,0.10356264561414719,-0.05696592107415199,0.049840498715639114,-0.3655427396297455,0.2208855003118515,-0.12629176676273346,-0.16938166320323944,0.26032108068466187,0.031503669917583466,-0.08340536803007126,0.17455196380615234,-0.13983631134033203,0.13093768060207367,0.03364397585391998,-0.11186988651752472,-0.09043782204389572,0.4116925597190857,-0.10887902230024338,0.13525986671447754,0.13108332455158234,0.12389282137155533,-0.0005970376078039408,0.0484270341694355,-0.07402997463941574,-0.33964651823043823,0.09581589698791504,-0.021714629605412483,0.010553339496254921,0.25353240966796875,0.1561780422925949,-0.0194630678743124,0.03164562210440636,-0.01501583680510521,0.12118621170520782,0.13321852684020996,0.0460454560816288,0.11533685028553009,-0.04801638051867485,-0.057581577450037,0.018482156097888947,0.08634083718061447
-0.14795543253421783,0.06697804480791092,-0.021503258496522903,-0.18855071067810059,-0.1544080674648285,-0.37317848205566406,-0.07057725638151169,-0.16286465525627136,-0.15053603053092957,-0.04488179460167885,-0.10670628398656845,0.08723040670156479,0.16957083344459534,-0.1046694964170456,-0.13521826267242432,-0.22206734120845795,-0.09124394506216049,-0.4046822190284729,0.05324244499206543,0.222444549202919,0.04138800874352455,0.03541465476155281,-0.15315327048301697,-0.07592140883207321,0.06970037519931793,0.28034159541130066,-0.12571313977241516,0.002951312344521284,-0.058665260672569275,0.41922590136528015,-0.10839533060789108,0.16133959591388702,-0.06494098156690598,-0.1337743103504181,-0.03431610390543938,0.19764576852321625,-0.02518504671752453,-0.15180005133152008,0.07027890533208847,-0.16727198660373688,-0.018168022856116295,0.09583766758441925,0.15512073040008545,-0.18370497226715088,0.04339968413114548,0.028851110488176346,-0.10466190427541733,0.2322245091199875,-0.05009729787707329,0.1300843507051468
0.16144110262393951,-0.04567572474479675,-0.1487853229045868,-0.19871489703655243,0.06513435393571854,-0.08208596706390381,0.1710381805896759,0.17857955396175385,0.24886971712112427,0.18256457149982452,0.004584094975143671,-0.019907422363758087,-0.0753045529127121,-0.19568614661693573,-0.06961902976036072,0.24780410528182983,-0.11106110364198685,0.0997403934597969,0.0498102642595768,0.2055070549249649,0.11888594925403595,-0.06167030334472656,-0.10557269304990768,-0.17645743489265442,-0.1820351779460907,0.1491636484861374,0.14846797287464142,0.01645360141992569,0.09218474477529526,-0.20987443625926971,-0.004786707926541567,0.0914410650730133,-0.06203141063451767,0.053830087184906006,0.018069956451654434,-0.21114899218082428,-0.1668144315481186,-0.09375080466270447,0.025393586605787277,-0.07213906198740005,-0.03771267831325531,0.07963325083255768,0.04452202096581459,0.1617402881383896,0.019999761134386063,-0.19300337135791779,0.15001800656318665,0.07480333000421524,-0.20789103209972382,0.09879083186388016
0.06237049028277397,-0.006249691359698772,0.16856352984905243,-0.007698400877416134,0.0986289530992508,-0.018292294815182686,0.043736137449741364,-0.0033632039558142424,0.0202244371175766,-0.1675637811422348,0.1108793169260025,0.11641975492238998,0.07690700888633728,0.1017376035451889,-0.025994684547185898,-0.09871241450309753,0.05706778168678284,0.06354901194572449,-0.06509006768465042,-0.21868270635604858,-0.17190968990325928,0.0625639259815216,-0.13138103485107422,-0.08918480575084686,0.29068711400032043,-0.04418376088142395,-0.1288287192583084,-0.2073448747396469,0.22371995449066162,0.0363338403403759,-0.03856725990772247,-0.18893957138061523,0.09642758220434189,-0.21068024635314941,-0.1830172836780548,0.10829377174377441,0.15102452039718628,0.013216276653110981,-0.28116273880004883,0.09296372532844543,0.06512956321239471,0.13512331247329712,-0.0909981057047844,-0.2110169678926468,-0.08693981915712357,-0.06853732466697693,-0.0485415905714035,-0.20490986108779907,-0.01587318815290928,-0.14554236829280853
0.28213101625442505,0.1689496785402298,-0.07283896952867508,-0.26903995871543884,-0.02405441924929619,0.0875103697180748,-0.04600152373313904,-0.13608554005622864,-0.20830808579921722,0.009802067652344704,0.016463033854961395,-0.14948982000350952,-0.1501559466123581,0.07571496814489365,-0.10318226367235184,-0.16727876663208008,0.13455606997013092,0.2501932978630066,-0.15965813398361206,0.18349459767341614,0.047877512872219086,-0.08731082081794739,0.00028601803933270276,-0.08495399355888367,0.0699196383357048,0.009234673343598843,0.16696256399154663,-0.050117429345846176,0.10200706124305725,0.004100600723177195,0.005558612756431103,-0.13265401124954224,0.16225780546665192,0.03580645099282265,-0.05110301822423935,-0.21273525059223175,0.08320392668247223,-0.1578211784362793,0.1433013677597046,0.0708765834569931,0.18268746137619019,0.0006143269129097462,-0.29454505443573,0.12054221332073212,-0.23500695824623108,0.021500512957572937,-0.11006328463554382,-0.047962453216314316,0.01725548505783081,-0.015897812321782112
-0.3021370470523834,-0.019136251881718636,-0.011621104553341866,-0.08325076848268509,-0.217585951089859,0.13210754096508026,-0.1935892403125763,0.18201634287834167,0.2757915258407593,-0.07370515912771225,-0.046607501804828644,0.11332494765520096,0.08423546701669693,0.14710280299186707,0.096718430519104,0.07179384678602219,-0.06800166517496109,0.05594263970851898,0.13332833349704742,0.14103423058986664,0.014267356134951115,-0.16360542178153992,0.05137206241488457,-0.03915083408355713,0.05567723140120506,0.04757900536060333,0.18884260952472687,0.19903557002544403,0.1045132502913475,-0.11934252828359604,-0.09150884300470352,-0.19655059278011322,-0.012756573967635632,-0.05718284100294113,-0.1495712697505951,-0.12627871334552765,0.09072981029748917,-0.09803786128759384,0.11335652321577072,0.2151833474636078,0.06965658813714981,-0.0622248612344265,-0.01452710758894682,0.08823250234127045,0.12793999910354614,0.09836447983980179,0.19814160466194153,0.11000961065292358,-0.13926509022712708,0.041015688329935074
-0.06629281491041183,0.1815575808286667,-0.07525937259197235,0.10847026109695435,0.13432854413986206,0.06675289571285248,-0.00532112130895257,-0.04802815243601799,-0.10694382339715958,0.2691168189048767,-0.27674055099487305,0.17139269411563873,-0.026135608553886414,0.059100084006786346,-0.31998252868652344,-0.007289024069905281,0.1944941133260727,0.017199618741869926,-0.01090881135314703,-0.09125000983476639,-0.1290394365787506,-0.06194233149290085,0.14170025289058685,0.03322860598564148,0.24223537743091583,0.06378326565027237,-0.019979095086455345,0.15401622653007507,0.07210768759250641,-0.01489067729562521,0.20718377828598022,-0.08280527591705322,-0.05905948206782341,-0.038470059633255005,0.10100332647562027,0.09905849397182465,0.2651803195476532,0.28256675601005554,0.02275342307984829,-0.23573395609855652,0.03537813574075699,0.17544540762901306,-0.021400071680545807,0.0903148502111435,-0.12241319566965103,0.17196638882160187,-0.2339906245470047,-0.04605851322412491,0.10367943346500397,0.1885768175125122
0.045814212411642075,-0.19106878340244293,0.11629467457532883,-0.09110129624605179,0.18715956807136536,-0.18755316734313965,0.11389186978340149,-0.01809532940387726,0.0050443182699382305,0.25203776359558105,-0.0005973425577394664,0.008399960584938526,-0.2544354498386383,0.24855449795722961,0.1219044029712677,0.24290037155151367,0.11952219158411026,-0.29063403606414795,0.039578236639499664,-0.13707546889781952,-0.11599805951118469,-0.17937931418418884,-0.12272126972675323,-0.14969387650489807,-0.27274569869041443,-0.0868515819311142,-0.0013819601153954864,0.05342971906065941,-0.02345188334584236,0.21583469212055206,0.23151403665542603,0.17040033638477325,-0.14917156100273132,-0.23856449127197266,0.06925240904092789,0.04792912304401398,0.06855420023202896,-0.09061513841152191,-0.007973928935825825,-0.06924460083246231,-0.1310342401266098,-0.07040537893772125,0.007592340931296349,-0.09771125018596649,-0.19390343129634857,0.24065794050693512,0.18494300544261932,0.1114596277475357,0.12378538399934769,-0.0801805630326271
0.1128792017698288,-0.15260571241378784,-0.06494516879320145,0.1437336802482605,-0.13057631254196167,-0.07010408490896225,-0.05714104697108269,-0.17176245152950287,0.13661694526672363,0.08445637673139572,-0.08538584411144257,0.01369495689868927,-0.1333356350660324,0.011803065426647663,0.03788379207253456,-0.12855903804302216,-0.10800638049840927,0.13291190564632416,-0.07572922855615616,0.2144835889339447,0.228994220495224,-0.11676729470491409,0.12598785758018494,0.13518944382667542,0.15430885553359985,-0.036552537232637405,0.07707053422927856,0.008544628508388996,-0.10637839138507843,-0.19412414729595184,0.07727799564599991,-0.09442216157913208,-0.07117260247468948,0.09818260371685028,0.08229145407676697,-0.1879238784313202,0.03892224654555321,-0.051827870309352875,0.12279149889945984,0.13077501952648163,-0.0458563007414341,0.14204545319080353,-0.004802906885743141,0.04372592270374298,-0.13400085270404816,-0.1354261040687561,-0.16235379874706268,-0.00450514629483223,-0.003364355070516467,-0.010744770988821983
-0.12559635937213898,0.06496843695640564,-0.09378880262374878,0.18984022736549377,0.1429498940706253,-0.11046169698238373,0.08582672476768494,0.07438574731349945,0.18012380599975586,0.12027708441019058,0.10853321105241776,0.12072660773992538,0.09832241386175156,-0.011829432100057602,-0.03065846674144268,0.144493967294693,-0.024554718285799026,0.12282481044530869,0.12254753708839417,-0.15644027292728424,0.009749285876750946,-0.1818365901708603,0.1399543583393097,0.026210075244307518,-0.260134756565094,-0.060590583831071854,0.08696626871824265,-0.15396066009998322,0.31192129850387573,-0.06047632545232773,0.1244402751326561,0.19232484698295593,-0.18319447338581085,-0.12462442368268967,0.13418667018413544,0.14354774355888367,-0.22515814006328583,-0.02824443392455578,0.0955246239900589,-0.18844296038150787,-0.08293163776397705,0.015783751383423805,0.11392087489366531,0.0020287232473492622,-0.009341258555650711,-0.1364617645740509,-0.0047643426805734634,0.02229784056544304,0.10970030725002289,0.1303194910287857
-0.10739140212535858,-0.017161624506115913,0.09745977818965912,-0.15296709537506104,0.1456320732831955,0.02228403650224209,0.04510985314846039,-0.07697141915559769,-0.055596157908439636,-0.0701509639620781,0.05056522786617279,0.10755933076143265,0.12452583014965057,-0.0010753574315458536,-0.020679863169789314,0.004519904498010874,0.12792763113975525,0.19904835522174835,-0.10708651691675186,-0.06872999668121338,-0.12984028458595276,0.019590947777032852,-0.24209164083003998,-0.005117446184158325,0.12632472813129425,-0.017997408285737038,0.08972661942243576,0.05217241123318672,0.055430490523576736,0.06589996814727783,-0.16420362889766693,-0.09819728136062622,0.1940004676580429,-0.18247099220752716,-0.1222010999917984,-0.33142155408859253,0.19539517164230347,-0.03054439276456833,0.11943237483501434,-0.012104740366339684,-0.22643589973449707,-0.16427233815193176,-0.20095275342464447,0.097391277551651,0.04855205863714218,0.05784265324473381,-0.10194233804941177,-0.027720894664525986,0.0858587846159935,0.05350346490740776
0.01787455566227436,-0.06316181272268295,-0.09941811859607697,-0.3741625249385834,0.2622777223587036,0.10521388798952103,0.08455376327037811,-0.13677921891212463,0.2727646827697754,0.21586322784423828,-0.24043716490268707,-0.003883922239765525,0.09452174603939056,-0.20327429473400116,0.013338628225028515,0.023831414058804512,-0.08296633511781693,-0.05252598971128464,0.11025398969650269,0.07122712582349777,0.22736991941928864,-0.012351496145129204,0.14820939302444458,-0.05985601246356964,0.09250348806381226,0.027619093656539917,0.18101473152637482,-0.23249396681785583,-0.10226660221815109,-0.008839678950607777,0.2240448147058487,0.1621094048023224,0.1446707397699356,0.06569654494524002,0.08726876974105835,0.06917876750230789,-0.20573148131370544,-0.14120028913021088,0.08279110491275787,0.07445865869522095,0.01709238812327385,-0.09307917952537537,-0.04431026056408882,0.05426013842225075,0.0633915513753891,-0.01793225295841694,0.1783440262079239,-0.1716812551021576,0.0012511154636740685,-0.01803756318986416
-0.07266392558813095,0.03613796830177307,0.046355586498975754,0.09497224539518356,0.1654318869113922,-0.13235226273536682,-0.011935140006244183,0.026160700246691704,-0.32871973514556885,0.14980128407478333,-0.03690008819103241,-0.08310835063457489,-0.12571324408054352,-0.1963960826396942,0.01663506031036377,-0.05297419801354408,0.1477191299200058,-0.13342994451522827,0.0031057714950293303,0.06483973562717438,-0.02531387098133564,0.10911902040243149,0.06505552679300308,0.1718522012233734,-0.07539926469326019,0.19110773503780365,0.18198859691619873,0.02100440487265587,-0.017906080931425095,0.08487065881490707,-0.15247279405593872,0.07930944859981537,-0.21193063259124756,0.06678224354982376,0.271540105342865,0.07084958255290985,0.07447633892297745,-0.10910886526107788,-0.08145051449537277,0.27811548113822937,0.12346888333559036,0.0013172744074836373,-0.1713571548461914,0.01723327673971653,0.18292440474033356,-0.10053513199090958,-0.23153741657733917,-0.0930292010307312,0.030684491619467735,-0.06895209103822708
0.054760050028562546,-0.07584649324417114,0.07507671415805817,0.1250794231891632,0.16599684953689575,-0.00913687888532877,-0.1656888723373413,-0.22189001739025116,-0.03130900487303734,0.2975417673587799,0.09593690931797028,0.16592256724834442,-0.05937264487147331,-0.12566988170146942,0.04197969660162926,0.15404853224754333,-0.1299358457326889,-0.21101811528205872,0.1693912297487259,-0.18001635372638702,-0.0610874705016613,-0.1641523540019989,0.0552612729370594,-0.006152331363409758,-0.014181854203343391,0.09441080689430237,0.1350398063659668,-0.07344363629817963,-0.06963947415351868,0.07512266933917999,-0.06387512385845184,-0.07890896499156952,-0.0419183149933815,-0.08704715222120285,-0.15494263172149658,-0.11794678866863251,0.23116272687911987,0.09257737547159195,-0.312363862991333,-0.0941552221775055,-0.13190500438213348,0.047785840928554535,-0.14265954494476318,-0.11959534883499146,-0.12153217196464539,0.18816103041172028,-0.03732234984636307,-0.13573242723941803,0.060832250863313675,0.07664868235588074
-0.008632862009108067,0.19362607598304749,-0.08309440314769745,0.1548515260219574,-0.03931877017021179,-0.08830893784761429,-0.14077681303024292,-0.1488506942987442,-0.09490609914064407,-0.01132025383412838,0.04920073226094246,-0.011320921592414379,0.1928570419549942,-0.03146178275346756,0.224168598651886,0.013460410758852959,-0.15793631970882416,0.02489757537841797,0.053389232605695724,-0.11364971101284027,-0.035068709403276443,0.08757036924362183,0.020031746476888657,0.01515840832144022,0.07743178308010101,-0.2841074764728546,-0.02839040942490101,0.20797370374202728,-0.3120499849319458,0.10773079097270966,0.06147472560405731,-0.18231266736984253,0.029559284448623657,0.09483539313077927,-0.16240647435188293,-0.055762823671102524,-0.13588686287403107,0.0846666768193245,0.026572871953248978,0.23824794590473175,-0.2574041187763214,-0.11045879125595093,-0.25299468636512756,-0.10363166034221649,-0.14640149474143982,-0.04832572862505913,-0.04021090641617775,-0.07809310406446457,0.1330816149711609,-0.23758214712142944
0.0773889422416687,-0.24320100247859955,-0.004580003675073385,0.14304038882255554,0.12255003303289413,-0.15685202181339264,-0.04247330501675606,-0.080311119556427,-0.06563374400138855,-0.18771716952323914,-0.09115684032440186,-0.014875397086143494,-0.12395434081554413,0.04622368887066841,0.024719974026083946,-0.18858352303504944,-0.07930280268192291,0.01386317890137434,0.18170970678329468,-0.004276593681424856,-0.11679276078939438,-0.149360790848732,-0.022507794201374054,-0.04201160743832588,0.1448964625597,0.10615503787994385,-0.22785584628582,0.3041877746582031,0.03195890784263611,0.08375544100999832,0.06429818272590637,0.20002318918704987,-0.02371283620595932,0.04339724779129028,-0.06481318175792694,0.08818993717432022,-0.10585864633321762,-0.16006459295749664,0.13413016498088837,0.21894261240959167,-0.13381841778755188,-0.15347322821617126,0.11107321828603745,-0.15240351855754852,-0.10427908599376678,-0.008138271048665047,0.18990078568458557,-0.18278755247592926,0.08479425311088562,-0.22847874462604523
-0.006785362958908081,-0.1008598655462265,0.12960688769817352,-0.10339688509702682,-0.22832278907299042,0.03658628836274147,-0.24494421482086182,-0.12694789469242096,-0.005716944113373756,-0.03703118488192558,0.09685617685317993,0.1449882686138153,-0.09438157081604004,0.2363891303539276,-0.020733077079057693,-0.011726326309144497,0.05670252814888954,-0.12777483463287354,-0.0037868006620556116,0.04589768126606941,-0.13018888235092163,0.007989018224179745,0.029367852956056595,-0.1718737781047821,-0.18752966821193695,0.18854518234729767,0.10984564572572708,-0.10997088253498077,-0.019467588514089584,-0.056057292968034744,0.25037825107574463,0.08175279945135117,0.027844086289405823,0.018878107890486717,-0.009209382347762585,0.2247886061668396,-0.13333138823509216,-0.11613815277814865,-0.12592534720897675,-0.0032338399905711412,0.002651642542332411,-0.09467685222625732,0.032042134553194046,-0.13591347634792328,-0.05815260484814644,-0.001050161779858172,-0.10835070163011551,-0.13811643421649933,-0.17379479110240936,0.20793864130973816
0.1169266402721405,0.006273937411606312,0.08766386657953262,-0.1539081484079361,-0.005746711511164904,0.09958774596452713,0.02073240838944912,0.2900196611881256,0.05309076979756355,-0.1424674391746521,-0.2637479901313782,0.5041866898536682,-0.17172954976558685,0.21376968920230865,0.15239396691322327,-0.08529110997915268,0.03792357072234154,-0.17056904733181,0.022807173430919647,0.01375471893697977,-0.03368588536977768,-0.15753993391990662,0.007708595134317875,0.009425041265785694,0.07895752042531967,-0.23746083676815033,0.05037529021501541,-0.023692259564995766,0.16631968319416046,-0.08863057941198349,0.02102901041507721,-0.10566012561321259,0.23060020804405212,-0.263911634683609,-0.012004478834569454,-0.18978039920330048,0.19311609864234924,0.1109076514840126,-0.1433037668466568,-0.34189459681510925,-0.11013711988925934,0.16858969628810883,0.02584550902247429,0.04551594331860542,0.031632255762815475,0.13885851204395294,-0.014982630498707294,0.14741694927215576,-0.08100903034210205,0.07619788497686386
-0.1923806518316269,-0.053726375102996826,-0.0484338216483593,-0.12966983020305634,-0.01975630223751068,0.3126424551010132,-0.04839621111750603,-0.09490226209163666,-0.1833062320947647,-0.2607067823410034,-0.09908527135848999,0.19958364963531494,0.21006810665130615,0.07039951533079147,0.21751268208026886,-0.22353649139404297,0.06854600459337234,-0.18245883285999298,0.0737597793340683,0.13987413048744202,0.05681634321808815,0.12654940783977509,-0.12904049456119537,0.11601001769304276,0.24114513397216797,-0.24430696666240692,-0.004037986043840647,0.2823936343193054,-0.20228692889213562,0.0018162628402933478,0.054026346653699875,-0.30684754252433777,0.12603303790092468,0.1482609659433365,-0.11040715128183365,0.1871802806854248,-0.11236227303743362,0.02092742919921875,0.16011515259742737,-0.021028097718954086,0.12377768009901047,0.2977563738822937,0.10896433889865875,-0.22097788751125336,0.22961793839931488,0.17009614408016205,0.07341288030147552,-0.19195063412189484,-0.08481086790561676,-0.19466719031333923
-0.021339306607842445,0.1249760165810585,0.10443788766860962,0.0615776926279068,-0.22145621478557587,-0.06875830888748169,-0.14763984084129333,0.05352984741330147,0.18100471794605255,-0.13691683113574982,-0.07549114525318146,0.14903613924980164,0.036229733377695084,0.25625482201576233,0.3320884704589844,0.03998452052474022,0.12535452842712402,0.010558403097093105,0.11164429783821106,-0.14726358652114868,0.1553882360458374,0.07047861814498901,0.134642094373703,0.011489206925034523,0.14629298448562622,-0.16241824626922607,0.06757760047912598,0.04749085009098053,-0.12209533900022507,0.15369491279125214,0.30244365334510803,0.017865484580397606,-0.035077739506959915,0.008228358812630177,-0.2182055562734604,0.009181425906717777,-0.29962292313575745,0.0568179152905941,0.057344693690538406,0.19471903145313263,-0.040030673146247864,0.07674304395914078,0.11316653341054916,0.19995880126953125,-0.08395750820636749,-0.09883570671081543,-0.08077992498874664,-0.0469677597284317,-0.016042428091168404,-0.3154550790786743
0.02793617732822895,-0.17542001605033875,-0.1254846304655075,0.01180401723831892,0.04829904064536095,0.022665925323963165,-0.10854601860046387,-0.07484551519155502,-0.08204803615808487,0.10073278099298477,0.02004097029566765,0.16020070016384125,0.013824280351400375,-0.1269606351852417,-0.15434034168720245,0.07022687792778015,0.030954210087656975,-0.18697814643383026,0.03268726170063019,-0.016850033774971962,0.13932247459888458,0.15535566210746765,-0.2645772695541382,-0.14539383351802826,-0.10790196061134338,0.03223254159092903,0.039638157933950424,0.2901492118835449,0.01432807557284832,-0.07260900735855103,-0.13121050596237183,-0.2093140333890915,-0.13413910567760468,0.17741608619689941,-0.1344555765390396,0.10434889048337936,-0.01017093751579523,-0.1490996778011322,-0.15261413156986237,-0.01729949563741684,0.021959049627184868,-0.170402392745018,0.06912079453468323,0.0472075492143631,0.10928020626306534,-0.05516351759433746,0.007042762357741594,-0.23301397264003754,-0.16054841876029968,0.24748247861862183
-0.18346834182739258,-0.007184484973549843,-0.1043097972869873,-0.14688247442245483,-0.04595837742090225,-0.12614655494689941,-0.03790392354130745,-0.10440097749233246,0.3720290958881378,-0.03530041128396988,-0.0037457894068211317,-0.1804901659488678,-0.22767210006713867,0.1761658638715744,-0.07144446671009064,-0.0359557680785656,0.012629063799977303,0.2171185463666916,0.014415455050766468,-0.04803289845585823,0.2798908054828644,-0.15783460438251495,-0.05814094468951225,0.07323095202445984,-0.021192170679569244,-0.13750535249710083,-0.08672532439231873,-0.24038007855415344,0.08089157193899155,0.12186559289693832,0.2956085503101349,-0.012652087956666946,-0.08504904806613922,0.04896131530404091,0.024435164406895638,-0.1343776136636734,0.007751306518912315,-0.14863517880439758,-0.02830531634390354,0.04834631830453873,0.28239673376083374,0.10905101895332336,0.09049627184867859,-0.0631631463766098,-0.011033369228243828,-0.23665830492973328,0.329241007566452,0.14250004291534424,-0.11585677415132523,0.22998100519180298
-0.05941485986113548,0.12342707812786102,0.008769296109676361,0.3303993344306946,0.07794395834207535,-0.017347484827041626,0.06801309436559677,-0.019568108022212982,0.13593000173568726,-0.24466226994991302,0.18113406002521515,-0.1358262151479721,0.16379044950008392,0.16649191081523895,-0.3580354154109955,-0.12967953085899353,0.038714949041604996,0.027312442660331726,-0.07607667148113251,-0.03354959934949875,0.015331207774579525,0.014918102882802486,-0.09221972525119781,0.1470336765050888,0.2731468975543976,0.0013912643771618605,-0.034308597445487976,-0.26463449001312256,-0.012906897813081741,-0.06480061262845993,-0.10218121856451035,-0.030248982831835747,0.0590609535574913,0.033456746488809586,-0.1283741444349289,-0.006772316060960293,0.1678837686777115,0.041361238807439804,0.051292747259140015,0.055141668766736984,0.1876581907272339,0.03261254355311394,-0.0576336570084095,0.1495925635099411,-0.13997022807598114,-0.03913076967000961,0.015461986884474754,0.22272376716136932,0.10904479026794434,0.23180367052555084
-0.01877523772418499,-0.023440323770046234,0.1553831845521927,0.16267021000385284,0.04067021235823631,0.059421438723802567,0.2628929913043976,0.15452206134796143,-0.15441660583019257,0.11710815876722336,-0.03332032263278961,-0.09641963243484497,0.001503020990639925,-0.17863070964813232,-0.17243412137031555,0.20357808470726013,-0.16833887994289398,0.25495266914367676,-0.04514728859066963,0.17312289774417877,-0.012356462888419628,0.2685779333114624,0.2322087585926056,0.008491653949022293,-0.1597585529088974,0.08607139438390732,0.12158951908349991,0.09880812466144562,0.0093985665589571,-0.07244502753019333,0.15149788558483124,0.3736783266067505,0.0708775445818901,-0.15340127050876617,-0.007345258723944426,0.10303657501935959,-0.09441732615232468,-0.014736684039235115,-0.07708188146352768,-0.18614539504051208,-0.061208002269268036,0.07597577571868896,0.09630627930164337,-0.049667660146951675,-0.07139667123556137,-0.09936987608671188,-0.2676999568939209,0.004249495919793844,0.06803926825523376,-0.12628622353076935
-0.2061547338962555,0.06132209300994873,0.23481029272079468,-0.015825992450118065,-0.03894859552383423,0.17290256917476654,-0.17470072209835052,0.0963863804936409,-0.10838766396045685,0.08210165053606033,0.03098710998892784,-0.1279148906469345,-0.0022572188172489405,-0.10656841844320297,-0.014958981424570084,0.22072848677635193,0.1214030534029007,-0.1722215712070465,0.21743929386138916,-0.21924039721488953,-0.2165994495153427,-0.2822340428829193,-0.2175963968038559,0.09463702142238617,0.11950137466192245,0.16143661737442017,0.16980955004692078,0.06833682954311371,-0.2557651698589325,-0.2517196536064148,-0.07439939677715302,-0.3390032649040222,0.144001767039299,0.042936645448207855,-0.18584345281124115,0.03675451502203941,-0.17885921895503998,0.1744963824748993,0.05504506826400757,-0.16183428466320038,-0.14539280533790588,0.2427079975605011,-0.05478309839963913,-0.11169387400150299,0.18702863156795502,-0.09013723582029343,0.14022688567638397,0.027571655809879303,0.06362743675708771,0.13686959445476532
0.05474734678864479,-0.0851190909743309,-0.044818975031375885,0.05640822649002075,-0.08894076943397522,0.2859112322330475,-0.17599715292453766,-0.05688156187534332,-0.006989233195781708,0.07845909148454666,0.1025756224989891,-0.09621073305606842,-0.07125046104192734,0.19871240854263306,-0.2692860960960388,-0.010447709821164608,-0.14698345959186554,-0.07211437821388245,-0.07370122522115707,0.06470831483602524,0.01423834078013897,-0.008254536427557468,-0.19234813749790192,-0.10168381035327911,0.09216829389333725,-0.13471776247024536,0.1276456117630005,-0.050653595477342606,-0.13100185990333557,-0.0006944747874513268,-0.1444401890039444,-0.353014200925827,0.10345486551523209,0.24445763230323792,0.02773239091038704,0.06964007765054703,0.1150311827659607,0.18676897883415222,-0.11298802495002747,-0.21051888167858124,0.09861460328102112,-0.009989339858293533,0.1844238042831421,0.026495395228266716,0.10625636577606201,-0.11619243025779724,0.011499548330903053,0.030928712338209152,0.08891575783491135,0.4229358434677124
0.07053219527006149,0.04734082147479057,-0.020408995449543,-0.20835943520069122,0.018068615347146988,-0.18904387950897217,0.21674558520317078,-0.15704798698425293,0.0838133692741394,0.024293553084135056,-0.16147297620773315,0.07895028591156006,-0.2039852887392044,-0.13329268991947174,0.2177160233259201,0.25630247592926025,0.014584207907319069,0.031305283308029175,-0.11924384534358978,-0.17380264401435852,-0.13070635497570038,0.17218849062919617,-0.0995999127626419,0.07221611589193344,-0.03719870746135712,0.1387568861246109,-0.274819940328598,-0.013816560618579388,0.021211545914411545,0.09655722975730896,0.1004767119884491,0.23826274275779724,0.1331103891134262,-0.07946980744600296,0.11749522387981415,-0.14133235812187195,-0.07156471908092499,-0.10850373655557632,0.20742549002170563,-0.11606210470199585,-0.09787603467702866,-0.007647763006389141,-0.059815410524606705,0.08508733659982681,0.13002687692642212,-0.08653552830219269,-0.04723092168569565,-0.17377647757530212,-0.017018998041749,-0.00969067495316267
0.1369168609380722,-0.02164352498948574,0.019698360934853554,0.14910446107387543,-0.2210412174463272,-0.17736947536468506,-0.012918857857584953,-0.06675927340984344,-0.03930085897445679,0.151363343000412,0.179753378033638,0.022151432931423187,-0.20781806111335754,-0.02892860770225525,0.0903414860367775,-0.15628641843795776,-0.22370021045207977,-0.15802641212940216,-0.1837577521800995,0.02305453084409237,0.034613579511642456,0.13397528231143951,-0.22130849957466125,-0.029830988496541977,0.14739643037319183,0.011119795963168144,-0.24219009280204773,0.12457598000764847,-0.1753929853439331,0.19484393298625946,0.0867791473865509,-0.02136901766061783,0.03947863727807999,0.12388814240694046,-0.09406737238168716,-0.0763079971075058,0.16434650123119354,0.06760582327842712,0.04762933775782585,-0.04480151832103729,-0.07460923492908478,-0.19889235496520996,-0.0855189859867096,-0.18990683555603027,-0.10824718326330185,-0.21801896393299103,0.01913432963192463,0.08306470513343811,-0.14770694077014923,0.22116123139858246
0.22977504134178162,0.15133917331695557,-0.1045270562171936,-0.08436233550310135,0.08616705238819122,-0.15509644150733948,-0.036123987287282944,0.11682883650064468,0.04698986932635307,0.07117193192243576,0.06305979192256927,0.08865036070346832,-0.05877925083041191,0.3014703691005707,-0.24989277124404907,0.26387470960617065,-0.09126303344964981,-0.03293538838624954,-0.05978354066610336,-0.21532489359378815,0.046718765050172806,0.05476079136133194,0.04837464913725853,-0.1445593386888504,0.02490031160414219,0.16230162978172302,0.12828874588012695,0.051389168947935104,0.14559881389141083,-0.03295616805553436,0.1751416027545929,-0.06353697180747986,0.09469404071569443,-0.004093014169484377,-0.16588696837425232,0.11096882075071335,0.021472331136465073,0.11103323847055435,-0.1856910139322281,0.0710182636976242,-0.08623412251472473,-0.1366356462240219,-0.303108811378479,0.05972249060869217,-0.258277952671051,0.13099363446235657,-0.1471129208803177,-0.16245320439338684,0.0769551619887352,0.18813912570476532
-0.0409645177423954,-0.09087252616882324,-0.07324977964162827,0.08682820200920105,-0.13468195497989655,0.2805299460887909,-0.09231394529342651,0.1612599492073059,0.055544719099998474,-0.02845265343785286,0.025655079632997513,-0.20619000494480133,0.19791367650032043,0.0178208127617836,-0.035017117857933044,0.19194301962852478,-0.026990339159965515,-0.0903087854385376,0.02901044674217701,-0.08200804889202118,0.25752052664756775,0.012868860736489296,0.10774940252304077,0.12059922516345978,-0.11029065400362015,-0.012405294924974442,0.25835978984832764,0.18880775570869446,-0.016399670392274857,0.010964147746562958,-0.1452619731426239,-0.15230481326580048,0.1458892673254013,0.09108976274728775,-0.03199993446469307,-0.12311895936727524,-0.16485053300857544,-0.0068648685701191425,0.17179547250270844,-0.20943720638751984,0.0934104323387146,0.24174171686172485,-0.034125715494155884,0.08541010320186615,-0.004713953472673893,0.10184788703918457,0.10746776312589645,0.07313022017478943,0.0069562653079628944,-0.07842721790075302
-0.040474407374858856,0.16333051025867462,0.07238283008337021,-0.13591410219669342,0.1011338084936142,-0.13562360405921936,0.22759105265140533,-0.16464003920555115,-0.14543510973453522,-0.033915627747774124,-0.1211416944861412,0.07883967459201813,0.18102075159549713,-0.19536109268665314,-0.07004627585411072,0.0687452182173729,0.025357726961374283,-0.13986985385417938,0.03100653551518917,0.1804230660200119,0.06318806111812592,-0.057724788784980774,-0.03867710381746292,-0.010985048487782478,0.06756241619586945,-0.11681945621967316,0.07202861458063126,0.14643733203411102,0.20903466641902924,-0.06931725144386292,0.1156579777598381,-0.05090975761413574,-0.015219145454466343,-0.00872422568500042,0.024776997044682503,0.012437023222446442,0.1133447140455246,0.0404881089925766,-0.08911071717739105,0.1690480262041092,0.1410931795835495,0.030154626816511154,0.1718158721923828,0.137089341878891,0.03390559181571007,-0.022247621789574623,-0.1799798309803009,0.01786479726433754,-0.14479494094848633,0.20697428286075592
0.025502150878310204,-0.07928366959095001,-0.134518101811409,-0.10533086955547333,-0.05998171120882034,0.03401988372206688,0.1558798998594284,0.11384233087301254,-0.05047124624252319,0.08595267683267593,0.0022394710686057806,-0.11503410339355469,0.13889144361019135,-0.17561137676239014,0.15905283391475677,0.1617753654718399,-0.11305622011423111,0.1174139529466629,0.24834828078746796,0.07935787737369537,-0.0880686342716217,-0.10225462913513184,0.1470191925764084,0.11469870805740356,0.10848671942949295,-0.08368361741304398,-0.019507121294736862,0.1442619413137436,-0.17855682969093323,0.15456964075565338,0.023586656898260117,-0.022177061066031456,0.1113506555557251,0.06068245694041252,0.1355409473180771,0.11647788435220718,-0.04878281056880951,0.09469952434301376,0.02973564900457859,0.0355326309800148,0.05404231324791908,0.1843002885580063,0.16469940543174744,-0.21891345083713531,0.03528600186109543,0.07462044060230255,0.11179070919752121,-0.04813775420188904,0.188309907913208,-0.011294182389974594
