-0.13173972070217133,-0.05261394754052162,-0.03482740744948387,0.0011451421305537224,0.02402426116168499,-0.1646272838115692,0.1243240013718605,0.009661344811320305,-0.2389252483844757,0.22640016674995422,0.05544905737042427,0.02512216754257679,0.00936889462172985,-0.09056609869003296,-0.047427769750356674,-0.06530777364969254,0.09263749420642853,0.06932845711708069,0.03245627135038376,0.09064570814371109,0.09746167063713074,0.10605208575725555,-0.0984797552227974,-0.14296986162662506,0.23637406527996063,-0.050604142248630524,0.11165816336870193,-0.045603469014167786,-0.12313728034496307,0.08896194398403168,-0.14753982424736023,0.1678890585899353,-0.13522961735725403,-0.014109895564615726,-0.2382604032754898,0.1312762349843979,0.00041089410660788417,-0.0440102182328701,-0.08327094465494156,0.1748402863740921,-0.11223799735307693,-0.18778559565544128,0.16596215963363647,-0.15431007742881775,0.07772334665060043,0.25718003511428833,0.06160886213183403,0.12830041348934174,-0.20170778036117554,-0.09115775674581528
-0.020222844555974007,-0.06294423341751099,0.02662406489253044,-0.08691348135471344,-0.04046499356627464,0.08433301001787186,0.2099570482969284,-0.23744231462478638,-0.01943904347717762,0.13304775953292847,0.15544761717319489,0.19441412389278412,0.014597656205296516,0.24502906203269958,0.028347067534923553,-0.24458904564380646,-0.14605093002319336,-0.27174457907676697,-0.19293050467967987,0.0304259080439806,-0.07928816229104996,0.035001467913389206,0.2564391493797302,0.12975217401981354,-0.12804250419139862,0.087619349360466,0.1047416552901268,0.0512237623333931,-0.04308076575398445,-0.21567726135253906,-0.23632843792438507,0.24563081562519073,0.13660049438476562,0.06350146979093552,-0.1274588704109192,-0.14872977137565613,-0.07696115970611572,0.22602185606956482,0.09473544359207153,-0.20708157122135162,-0.008575612679123878,-0.2024662345647812,-0.13681192696094513,-0.012087768875062466,0.007337102200835943,-0.16950024664402008,0.06646405160427094,0.06261888891458511,0.22911329567432404,-0.008253917098045349
0.18385164439678192,-0.11557099968194962,0.024479985237121582,-0.07139667123556137,0.0721144899725914,0.06206598877906799,0.024545004591345787,0.10005342960357666,0.11219406872987747,-0.016443664208054543,-0.016817117109894753,-0.27917182445526123,-0.03304766118526459,-0.1996113657951355,0.0005610796506516635,-0.05869907885789871,-0.07519689947366714,-0.13764044642448425,-0.05200619250535965,-0.030684566125273705,-0.03077959269285202,0.020542293787002563,-0.04509691894054413,-0.053943417966365814,-0.13839483261108398,-0.13014155626296997,0.017271045595407486,0.12313340604305267,-0.16103360056877136,0.015241913497447968,-0.0783165767788887,-0.2061651051044464,0.023546786978840828,0.08909410238265991,-0.005984986666589975,-0.05869355425238609,-0.0188736692070961,-0.1358163207769394,-0.28316113352775574,0.09984280169010162,-0.12647725641727448,0.08637220412492752,-0.32852932810783386,0.1447066068649292,0.13046292960643768,-0.12938913702964783,0.19855563342571259,0.03055749647319317,-0.15292462706565857,0.1863744854927063
0.03253166377544403,0.13258133828639984,0.10967577993869781,0.04119028151035309,0.1875649243593216,-0.028627542778849602,0.17039740085601807,-0.05468834564089775,0.06627537310123444,-0.14580464363098145,-0.008448067121207714,0.03865231201052666,-0.08554739505052567,0.009425158612430096,-0.24239575862884521,0.09946069121360779,0.16852693259716034,0.18611203134059906,0.07460669428110123,0.17220434546470642,-0.1977725625038147,0.11553710699081421,0.13779006898403168,-0.15394513309001923,0.05237686261534691,0.1566711962223053,-0.13440674543380737,0.045226823538541794,-0.09732428193092346,0.13811595737934113,-0.14455614984035492,-0.09713978320360184,-0.176202654838562,0.18642927706241608,-0.1602112203836441,0.05121307820081711,-0.21802805364131927,-0.01603010669350624,0.006463990081101656,0.1684144288301468,-0.10849803686141968,0.04515186697244644,-0.06365953385829926,0.15038356184959412,0.18477094173431396,0.135849267244339,0.050325602293014526,0.07069329172372818,0.07511170953512192,0.09156839549541473
0.036836858838796616,0.2447163164615631,0.02274971827864647,-0.2387748807668686,0.1521293967962265,0.09210539609193802,0.08410075306892395,0.1479802131652832,0.03996937349438667,-0.2045949250459671,-0.3397127091884613,0.15157201886177063,-0.1253766119480133,0.19326095283031464,0.1314612776041031,-0.06709405034780502,-0.2165004462003708,0.2902427911758423,-0.09302830696105957,-0.2255120873451233,-0.1049860492348671,0.056674808263778687,0.14446771144866943,-0.002805406227707863,-0.08934404700994492,-0.10903392732143402,-0.15829944610595703,0.15097208321094513,0.07951059192419052,0.11269917339086533,0.08288601785898209,-0.16361354291439056,-0.10866518318653107,-0.028298551216721535,0.09635545313358307,-0.1397375762462616,0.12227640300989151,-0.19789548218250275,-0.23271048069000244,-0.1352180689573288,0.13316349685192108,-0.017934374511241913,0.17560593783855438,-0.1380053609609604,0.04885264113545418,-0.026410752907395363,0.016749929636716843,0.10808169841766357,0.268963098526001,-0.12351591140031815
0.031924519687891006,-0.013691249303519726,0.06972162425518036,0.08467163890600204,0.09888824820518494,-0.018943190574645996,-0.1138724535703659,-0.15349474549293518,0.03750406950712204,0.04844324663281441,-0.276995450258255,0.02458973228931427,0.0708933025598526,-0.03597540408372879,-0.12221396714448929,0.19610260426998138,0.03300599008798599,0.127473846077919,0.12169218063354492,0.30643901228904724,-0.12025855481624603,0.16471458971500397,-0.0882359966635704,0.10024845600128174,-0.08514701575040817,0.17629025876522064,0.04546065628528595,-0.017929110676050186,-0.016361838206648827,-0.08479929715394974,0.04300960898399353,0.023771321401000023,-0.05174604058265686,-0.121686190366745,0.03963134437799454,-0.04016222059726715,-0.13450144231319427,-0.12649716436862946,0.010344556532800198,0.13246484100818634,-0.3097320795059204,0.09241369366645813,-0.12470230460166931,0.13309770822525024,-0.084837406873703,-0.1822662353515625,-0.08807039260864258,-0.0353647843003273,0.11214398592710495,0.07711843401193619
-0.07277632504701614,-0.15656860172748566,0.07800748199224472,0.01964748464524746,0.11431810259819031,0.08946171402931213,-0.17879416048526764,0.23236383497714996,-0.060258813202381134,-0.03649112954735756,0.06641335785388947,0.13545075058937073,-0.038238849490880966,-0.11735972762107849,0.0849083811044693,-0.11245184391736984,0.010788141749799252,-0.029390614479780197,-0.13177040219306946,-0.083228200674057,0.15272925794124603,-0.0998355820775032,0.13531260192394257,-0.09393846243619919,-0.02393832802772522,0.03712012246251106,0.16617123782634735,0.1999450922012329,-0.036310888826847076,-0.029307223856449127,0.005317982751876116,-0.2903161942958832,0.07628970593214035,-0.10742629319429398,-0.12708733975887299,-0.09714604914188385,-0.08850661665201187,-0.1674007922410965,-0.08963971585035324,0.09068405628204346,-0.12133771926164627,0.06882335245609283,0.17439129948616028,0.010563281364738941,0.017439302057027817,0.05175225809216499,-0.039156511425971985,-0.26217809319496155,0.1352979987859726,0.3735719323158264
0.11145401746034622,0.27984073758125305,-0.12220797687768936,-0.1220325380563736,-0.12996208667755127,-0.029397211968898773,-0.1829979419708252,0.07956473529338837,0.21077615022659302,0.1119360625743866,-0.17295831441879272,0.08880746364593506,0.04374580830335617,-0.06905780732631683,-0.022669436410069466,-0.1975887268781662,-0.08241339027881622,0.07583322376012802,-0.16315202414989471,-0.11164768040180206,0.31205734610557556,-0.13690654933452606,0.016663972288370132,0.14441673457622528,0.032937534153461456,0.027449797838926315,-0.08302726596593857,-0.022839216515421867,0.0968005508184433,0.02255483902990818,0.18441395461559296,-0.06226327642798424,-0.1430445909500122,0.13411149382591248,-0.015343383885920048,-0.044368062168359756,0.08564010262489319,0.07372595369815826,0.3405900001525879,-0.0643140971660614,0.04473084211349487,0.15418080985546112,0.036059122532606125,-0.21883834898471832,0.1255403459072113,0.08507046848535538,0.0908835232257843,0.21345001459121704,0.08557382225990295,0.13241970539093018
-0.2465384155511856,-0.0877361074090004,-0.03578412905335426,0.05799185484647751,0.05246306583285332,0.09049142897129059,0.056474532932043076,0.1022597923874855,-0.08585096150636673,0.15168799459934235,-0.030568962916731834,-0.2874619960784912,0.011665570549666882,-0.005710935685783625,0.0734470784664154,0.05601099878549576,0.15925681591033936,-0.16350644826889038,-0.018732398748397827,-0.2784216105937958,-0.4137590825557709,0.2090883105993271,-0.09200713783502579,-0.024268722161650658,-0.019078519195318222,-0.23361845314502716,0.06416866928339005,0.029627760872244835,-0.28732049465179443,0.10260637104511261,0.09399501234292984,0.05601804703474045,0.11094978451728821,0.11591918766498566,0.009966595098376274,-0.02563040517270565,-0.11853983253240585,0.059772949665784836,-0.1012420728802681,-0.2471162974834442,-0.10520853847265244,0.10769198089838028,-0.06285184621810913,-0.07986927032470703,-0.10794147104024887,-0.22743846476078033,0.27961215376853943,0.27479758858680725,-0.0455806702375412,-0.037530846893787384
-0.0344526506960392,0.08986137807369232,0.08630331605672836,-0.06486416608095169,-0.19649851322174072,-0.14005844295024872,-0.0676988884806633,-0.04801483452320099,-0.0704374611377716,-0.07140782475471497,-0.12266997992992401,-0.1551414281129837,0.03716978430747986,-0.17566250264644623,0.17253978550434113,-0.10148034989833832,0.20674066245555878,-0.2226652204990387,0.20102818310260773,-0.13337001204490662,0.07492267340421677,-0.01918931119143963,-0.0981188714504242,0.15233644843101501,-0.2609357237815857,-0.07104213535785675,-0.15238057076931,-0.0446510948240757,0.029876064509153366,-0.04137704148888588,0.2419772446155548,0.18141895532608032,0.11925794184207916,-0.16763392090797424,0.06561891734600067,-0.18533216416835785,0.02272336371243,0.0640096366405487,-0.2530495524406433,0.05576811730861664,0.054676689207553864,0.20159794390201569,-0.10469168424606323,-0.128994882106781,0.002260924316942692,-0.2011781632900238,0.07594248652458191,0.1572055220603943,0.18709823489189148,-0.12738049030303955
0.06259965151548386,0.0976613461971283,-0.031629908829927444,-0.028823841363191605,-0.038406047970056534,-0.05973375216126442,-0.12254863232374191,0.021004443988204002,0.0895848497748375,0.12657830119132996,-0.1306498497724533,-0.06300805509090424,-0.10284706205129623,0.17543797194957733,0.15604175627231598,0.07370486855506897,-0.2067527025938034,-0.1724279671907425,-0.18804334104061127,-0.1147194504737854,0.03931065648794174,0.10251078754663467,0.06266770511865616,-0.061260808259248734,0.15673893690109253,-0.16321484744548798,-0.12086513638496399,0.1086883693933487,-0.03597995266318321,0.14556409418582916,0.2553563714027405,0.19043152034282684,0.20076848566532135,0.11758062988519669,-0.1373976320028305,0.08045151084661484,0.26926231384277344,0.0957820862531662,-0.13567428290843964,-0.08049283921718597,-0.05669740214943886,-0.23829060792922974,0.11872326582670212,-0.2502742409706116,0.0890776589512825,-0.10529868304729462,0.1397332400083542,0.0997457429766655,0.0860443189740181,0.0661301538348198
0.1114492416381836,-0.14915893971920013,-0.19392122328281403,-0.10763528943061829,-0.1285717487335205,-0.23412705957889557,0.12064047157764435,-0.034133702516555786,0.02814227156341076,0.1231314092874527,0.012655801139771938,-0.009750631637871265,0.06020321696996689,-0.09858573973178864,0.1059826985001564,0.11630778014659882,-0.042534638196229935,-0.25143468379974365,-0.11551713198423386,-0.0721612498164177,-0.025239136070013046,-0.07820510119199753,0.047064583748579025,0.05644401162862778,-0.052553944289684296,0.10382344573736191,0.11643975973129272,0.16202642023563385,-0.06452392041683197,0.01905304752290249,-0.1383618861436844,0.006888663861900568,0.09841032326221466,-0.035323210060596466,-0.10039982199668884,0.22092516720294952,0.14378570020198822,0.006168066989630461,0.10594755411148071,-0.06833501160144806,-0.0881674662232399,-0.09236641973257065,-0.08049026131629944,0.03835444897413254,0.10835790634155273,-0.02722090482711792,-0.18134377896785736,-0.13246577978134155,-0.1800832748413086,0.08289337903261185
0.00023417043848894536,-0.04608919098973274,-0.1985624134540558,-0.08734948188066483,0.022129423916339874,-0.10786522924900055,-0.1410502791404724,0.09374549984931946,0.03734730929136276,0.2430080771446228,-0.14869211614131927,-0.15372946858406067,0.10217402875423431,-0.04680221900343895,0.09588957577943802,-0.07660793513059616,-0.2107613980770111,0.07004444301128387,0.006123946979641914,0.10169636458158493,0.03750807046890259,-0.10913607478141785,-0.09005724638700485,0.2959723174571991,-0.04300274699926376,-0.15701135993003845,-0.07839734852313995,0.08693406730890274,0.048965178430080414,-0.04242169111967087,0.15836024284362793,-0.14572620391845703,0.056430086493492126,-0.17099232971668243,0.0008400699007324874,0.08183737099170685,0.10359825193881989,0.1299145221710205,0.09789357334375381,-0.055128972977399826,-0.005706717260181904,-0.038873277604579926,-0.16717633605003357,-0.05604815483093262,-0.1971636712551117,0.23635900020599365,0.02267846092581749,-0.14522698521614075,0.17474739253520966,-0.13757245242595673
0.20277287065982819,-0.06522314250469208,0.008346033282577991,-0.018779736012220383,0.20251864194869995,-0.20070229470729828,0.09650308638811111,0.2540406882762909,0.08874687552452087,-0.03963717818260193,0.0515158474445343,0.15452221035957336,-0.15903759002685547,-0.0539650097489357,-0.1347135454416275,-0.13926959037780762,-0.2497013360261917,0.022619126364588737,-0.010528167709708214,-0.10014665871858597,0.20206747949123383,0.15298902988433838,-0.007427006959915161,0.05855619162321091,-0.07506410032510757,-0.10721375793218613,-0.0875270888209343,0.039699554443359375,-0.11608859151601791,-0.1064871996641159,0.012225968763232231,0.06079668551683426,-0.06728013604879379,0.08719610422849655,0.27644482254981995,-0.13291031122207642,0.09380826354026794,-0.16355246305465698,0.15109769999980927,0.14565657079219818,-0.07198105752468109,-0.09683993458747864,0.11774501949548721,-0.050721727311611176,-0.054602112621068954,-0.10184182226657867,0.24571897089481354,0.07495594024658203,0.08062946796417236,0.02610977180302143
0.1588180512189865,0.1712719351053238,-0.12327030301094055,0.16151148080825806,0.1514388471841812,0.07317455857992172,0.11120925843715668,0.22567296028137207,-0.04531483352184296,-0.06404832005500793,0.05103025212883949,-0.09432311356067657,-0.2341124713420868,-0.11394980549812317,0.031351350247859955,0.043604180216789246,-0.03690638393163681,0.1544312834739685,0.06921608746051788,-0.07065156102180481,-0.1563011258840561,-0.03766113519668579,0.07415089756250381,-0.13651946187019348,-0.018932603299617767,0.05876100808382034,0.08848026394844055,0.1806236058473587,0.11369335651397705,0.10974133014678955,-0.20698443055152893,-0.1974264234304428,0.020462708547711372,0.009311441332101822,-0.2051975280046463,0.07252978533506393,0.06173606961965561,0.005625883117318153,0.11011011153459549,0.16941788792610168,0.15040382742881775,0.044408272951841354,-0.06920996308326721,-0.061492789536714554,0.10409332066774368,0.21818141639232635,0.11644609272480011,-0.10904945433139801,0.15387585759162903,0.12142226099967957
0.17387259006500244,-0.02512802928686142,0.04457825794816017,-0.002403320511803031,0.01370219886302948,-0.19131076335906982,-0.09494683146476746,-0.06635062396526337,-0.17085856199264526,0.0016964367823675275,-0.23171919584274292,-0.14956605434417725,0.022249024361371994,0.11180389672517776,-0.03860600292682648,0.16758081316947937,-0.2089957445859909,0.19676361978054047,0.15582679212093353,0.2556753158569336,0.023019319400191307,-0.00408233143389225,-0.038852740079164505,-0.16155922412872314,0.24760326743125916,-0.09575548768043518,-0.14607946574687958,-0.04904932901263237,-0.034037649631500244,0.24411845207214355,-0.0809556171298027,0.020846448838710785,-0.117971271276474,0.078676238656044,-0.008285705000162125,0.11274663358926773,-0.16200996935367584,0.11592070758342743,-0.06426160037517548,0.06311009079217911,-0.056974466890096664,-0.2520066201686859,0.05339210480451584,0.0731128677725792,0.1459960788488388,0.24228042364120483,-0.04056036099791527,0.06675243377685547,-0.2245175838470459,0.07343641668558121
0.1751640886068344,-0.10724790394306183,-0.0030080669093877077,0.280403733253479,0.06118912994861603,-0.07588154822587967,0.04977709800004959,0.02138792723417282,-0.30179041624069214,0.17277541756629944,-0.07054115831851959,-0.06982505321502686,-0.17479458451271057,-0.06153488531708717,0.15931425988674164,0.06765560805797577,0.09970930218696594,-0.04570635408163071,0.12445373833179474,0.133726567029953,0.06905300915241241,-0.2542684078216553,-0.026398712769150734,-0.11608979851007462,-0.128156378865242,0.01551913097500801,0.038805656135082245,0.1384037733078003,-0.0971720963716507,0.007747238967567682,-0.14477810263633728,0.11283694952726364,0.08872008323669434,-0.020277446135878563,-0.005527279805392027,0.06697416305541992,-0.001829240471124649,-0.07359302043914795,-0.017839329317212105,0.12467727065086365,0.1292874813079834,0.05068076774477959,0.09966529905796051,-0.016507916152477264,0.07633116096258163,-0.11172661930322647,-0.20876896381378174,-0.05975460261106491,-0.22930759191513062,0.03854699805378914
0.11437401175498962,-0.25334417819976807,0.1688401997089386,-0.13577984273433685,-0.20359398424625397,0.16602960228919983,0.007901273667812347,0.0804734155535698,-0.16653543710708618,0.14378543198108673,0.07140021026134491,-0.11438267678022385,0.002706637140363455,0.39605358242988586,0.0957532450556755,-0.036696657538414,-0.2525574266910553,0.11083558201789856,0.08154952526092529,-0.09565435349941254,-0.08706594258546829,0.20309048891067505,0.08861380815505981,-0.10070957988500595,0.12454735487699509,-0.1386348456144333,-0.17778073251247406,-0.018942048773169518,-0.04868441820144653,0.24737977981567383,-0.09364695847034454,-0.07698468118906021,0.1376420557498932,-0.27070605754852295,0.1454143524169922,-0.25434795022010803,0.13890591263771057,-0.20057453215122223,0.09984612464904785,-0.09514515846967697,0.14705754816532135,-0.17582519352436066,0.05394571274518967,-0.2379593849182129,-0.020242461934685707,-0.053087059408426285,-0.10103651136159897,-0.01953716389834881,-0.12978479266166687,0.21659041941165924
0.1056453287601471,-0.00947042740881443,-0.28138887882232666,-0.15940268337726593,0.1507720798254013,-0.040764179080724716,-0.24941550195217133,0.23942610621452332,-0.1733449101448059,0.11503364890813828,0.11529778689146042,0.21353068947792053,0.04032451659440994,-0.04673808068037033,-0.1890418529510498,-0.051311641931533813,-0.1474652737379074,-0.2777266204357147,0.26895013451576233,0.00789047684520483,0.16256465017795563,0.029397832229733467,-0.013350352644920349,0.044630296528339386,-0.12189077585935593,0.11801069974899292,0.16127325594425201,-0.2020401656627655,-0.09253151714801788,-0.17328870296478271,0.0021670826245099306,0.09298565238714218,-0.1364680677652359,0.04156490042805672,0.08271681517362595,-0.06672054529190063,-0.17315848171710968,0.10746484249830246,0.22517038881778717,0.1185782328248024,0.0584213025867939,0.08055249601602554,0.04560782015323639,0.09730780124664307,0.14717727899551392,-0.04656948894262314,0.1815629005432129,0.19397638738155365,0.4077572226524353,0.03690135478973389
0.033002108335494995,-0.15328988432884216,0.055966734886169434,0.11526951193809509,0.15717099606990814,-0.09021507948637009,0.07132437825202942,0.036173176020383835,-0.09355298429727554,-0.1316831260919571,0.11365339159965515,0.13199447095394135,-0.04735075309872627,0.13293910026550293,0.027137987315654755,-0.18280239403247833,0.06230803579092026,0.07421395182609558,0.18172962963581085,-0.1593835949897766,0.14729759097099304,-0.02485816739499569,-0.33811086416244507,0.10246335715055466,0.08549230545759201,-0.09600444883108139,-0.015008523128926754,0.04391975700855255,-0.16255886852741241,-0.031123807653784752,-0.12661588191986084,-0.1704302728176117,-0.1626122146844864,-0.16631150245666504,0.22886426746845245,-0.026012487709522247,0.1757609248161316,-0.03312813490629196,-0.35306456685066223,0.10275870561599731,-0.08775016665458679,0.031702443957328796,-0.030444130301475525,0.07669343799352646,0.2132384181022644,0.0861753448843956,0.18051330745220184,0.13807260990142822,-0.08046876639127731,-0.037595536559820175
-0.12118162959814072,-0.09043160080909729,0.1913107931613922,0.1001749336719513,0.04729524627327919,-0.010807082988321781,-0.184332937002182,-0.13320188224315643,-0.21293757855892181,0.16706550121307373,-0.03351108729839325,0.043153535574674606,-0.151833176612854,0.2120123654603958,0.009618214331567287,-0.05058487877249718,0.07188349217176437,-0.08024555444717407,-0.1774531453847885,-0.0528266578912735,-0.0718449056148529,0.07574012130498886,-0.2677136957645416,0.046039972454309464,-0.0431375615298748,0.04922245815396309,0.10807307064533234,0.14528010785579681,0.15409670770168304,0.12555952370166779,-0.12061366438865662,-0.04458814114332199,-0.10817541182041168,-0.14724956452846527,-0.18811188638210297,0.11483520269393921,-0.087434783577919,0.1566409021615982,-0.10562165081501007,-0.13170382380485535,0.1931629180908203,-0.15515464544296265,0.282284677028656,-0.004403568804264069,-0.07383018732070923,-0.07496470212936401,0.08393217623233795,-0.038795191794633865,0.06955964863300323,0.10366550832986832
0.008225270546972752,0.19863323867321014,-0.17332607507705688,-0.13563349843025208,0.15339161455631256,-0.05986430123448372,0.12624260783195496,-0.20742858946323395,0.024960070848464966,0.1546332836151123,0.0868481919169426,0.038149286061525345,0.045729026198387146,0.14750365912914276,-0.03524712100625038,-0.0759035125374794,-0.08627200871706009,0.012545985169708729,0.18731236457824707,0.14672590792179108,0.008599056862294674,0.12843649089336395,0.07767374813556671,0.16804282367229462,0.1221814826130867,-0.07833653688430786,-0.1459832340478897,-0.13175053894519806,-0.1725260466337204,0.007350318133831024,0.18592387437820435,0.1681826114654541,0.0794660821557045,0.06812848895788193,-0.0841129869222641,-0.02841673418879509,-0.11817813664674759,0.11564289778470993,-0.05907677114009857,-0.0018497878918424249,-0.03753362223505974,-0.1586083024740219,-0.1357431709766388,-0.009669379331171513,-0.17678436636924744,0.04761788249015808,0.228478342294693,-0.04337657615542412,0.14175499975681305,0.08358492702245712
-0.28363463282585144,0.195136159658432,-0.10959398746490479,-0.12399710714817047,-0.08412187546491623,0.02604391798377037,0.06468784809112549,-0.21456369757652283,0.1170840933918953,0.017093222588300705,0.05424319580197334,0.0764911100268364,-0.0122374901548028,0.15033695101737976,0.09694328159093857,0.004749786574393511,0.035939931869506836,-0.074556864798069,0.12150220572948456,-0.10990916937589645,-0.05283895507454872,-0.09078320860862732,0.020453007891774178,-0.10028623789548874,0.134564608335495,0.0087664183229208,-0.07843585312366486,0.10581783950328827,-0.06726596504449844,0.02307322435081005,0.13982971012592316,0.045079585164785385,0.18150919675827026,-0.07989860326051712,-0.035416942089796066,-0.00830128788948059,0.043920211493968964,-0.07958754152059555,-0.1019596979022026,-0.04810536280274391,0.0811023861169815,-0.0911201760172844,-0.06802738457918167,-0.029646851122379303,-0.1795685887336731,0.023449184373021126,-0.13476713001728058,-0.06628192216157913,-0.31050044298171997,0.07243126630783081
0.07027016580104828,-0.1675347238779068,0.06498946994543076,0.0005849089357070625,0.04656464233994484,0.08837715536355972,0.11799601465463638,0.22474080324172974,0.1358199566602707,0.17666718363761902,0.12227895855903625,0.009886381216347218,-0.12405785173177719,-0.02237764187157154,0.07837539166212082,0.08183514326810837,-0.049338147044181824,-0.022946638986468315,0.14084993302822113,-0.0134015753865242,-0.06635170429944992,-0.012796313501894474,0.0866694301366806,0.22820478677749634,-0.08514256775379181,-0.12869827449321747,-0.12585003674030304,-0.05650191381573677,-0.09937907755374908,-0.20691615343093872,0.07806244492530823,0.06534408777952194,0.01979714259505272,0.21434856951236725,0.02586529217660427,0.0480528399348259,-0.1151115670800209,0.17437675595283508,0.17148922383785248,0.00588187575340271,0.1876976490020752,-0.11909648776054382,-0.11504928022623062,0.16264934837818146,0.06257408857345581,-0.005821690429002047,0.09487742930650711,0.1233583316206932,-0.21984826028347015,-0.0006685093976557255
-0.1250351220369339,-0.16399358212947845,-0.031336501240730286,-0.12249015271663666,0.03831520676612854,-0.10822761803865433,0.04306970164179802,-0.0489393025636673,-0.07304307073354721,-0.1387384831905365,-0.11564655601978302,-0.0283032339066267,-0.13647767901420593,0.10482066124677658,0.28769412636756897,0.05453985184431076,0.010596117936074734,-0.20414605736732483,0.0399557501077652,0.17783072590827942,-0.049723342061042786,0.004793099127709866,0.12449024617671967,0.010580726899206638,-0.10630656033754349,-0.15583452582359314,-0.1796189844608307,0.1587163656949997,0.2488907277584076,-0.050144024193286896,0.06746058911085129,-0.10571739822626114,0.18442374467849731,-0.005582381505519152,-0.15472154319286346,0.12096600234508514,-0.13009871542453766,0.17719191312789917,0.18822142481803894,-0.12634198367595673,0.23706217110157013,-0.04586656391620636,-0.36220797896385193,0.12415258586406708,0.010705812834203243,0.09698572009801865,-0.024744687601923943,0.07902196049690247,-0.1329246461391449,-0.00413985550403595
0.01467325072735548,0.10979409515857697,-0.13655206561088562,-0.036909833550453186,-0.10864986479282379,0.045096248388290405,0.12916450202465057,-0.13044726848602295,0.28807899355888367,-0.16659015417099,0.16200584173202515,0.27402564883232117,-0.02877143956720829,-0.08418814092874527,-0.27250757813453674,0.0669838935136795,0.1538437306880951,-0.06543266028165817,-0.1718032956123352,0.19945591688156128,0.04344963654875755,0.0899822860956192,0.10524997860193253,-0.22150637209415436,-0.16117946803569794,-0.07033891975879669,0.14519119262695312,-0.04082449898123741,-0.018084004521369934,-0.07950767874717712,-0.002224730560556054,-0.03686309978365898,-0.10791613906621933,0.1879483461380005,0.07887562364339828,-0.19154003262519836,-0.03018525242805481,0.09954280406236649,0.14935536682605743,0.21012796461582184,-0.08936990052461624,0.11407147347927094,-0.22038507461547852,-0.01591050997376442,0.06519307941198349,-0.05280716344714165,0.2143104076385498,0.11132720857858658,-0.07008431106805801,0.03177476301789284
-0.020755784586071968,0.09807804971933365,-0.10765693336725235,-0.02674105204641819,-0.11470357328653336,0.03599163517355919,0.07219450175762177,-0.20358531177043915,-0.05483030527830124,0.04691514000296593,0.1294388771057129,0.010898826643824577,0.11139629781246185,0.12463920563459396,0.05561336129903793,0.12702347338199615,0.027824094519019127,0.20524749159812927,0.0034967130050063133,0.25270766019821167,-0.09992960840463638,0.030944684520363808,-0.17380167543888092,0.06519309431314468,0.21333062648773193,0.056846462190151215,0.013432875275611877,-0.07036767899990082,0.17257194221019745,-0.057759691029787064,-0.1347314417362213,0.3021925091743469,-0.18355895578861237,-0.2009955644607544,0.09279195219278336,0.0933053120970726,0.13617227971553802,-0.14021149277687073,-0.12786661088466644,-0.18858300149440765,-0.20252026617527008,-0.25520822405815125,-0.09488467127084732,0.08494385331869125,0.07993219792842865,0.05647886171936989,-0.18914860486984253,0.09719309955835342,-0.09099411964416504,-0.1892867237329483
0.07646138221025467,-0.021104659885168076,0.042233485728502274,-0.004533735569566488,0.0625901147723198,-0.041277963668107986,0.19333885610103607,0.21382394433021545,0.18158024549484253,-0.17163614928722382,-0.31858882308006287,0.11091261357069016,0.013596206903457642,-0.1472419798374176,0.05062417313456535,-0.09652408957481384,0.3050711750984192,0.02361067198216915,-0.035631537437438965,-0.19036638736724854,0.1142277866601944,0.039986733347177505,0.13439176976680756,-0.02186306193470955,0.05787017568945885,-0.00870370864868164,-0.07009371370077133,0.027052979916334152,-0.20089782774448395,-0.012170631438493729,0.11022931337356567,-0.29766297340393066,0.014219870790839195,-0.08577775955200195,-0.051494307816028595,-0.16138403117656708,-0.18097449839115143,-0.002791370265185833,0.12122650444507599,-0.15834291279315948,-0.17370977997779846,0.27755069732666016,-0.24307624995708466,-0.127272367477417,-0.17851008474826813,-0.06750397384166718,0.018082983791828156,0.036424193531274796,-0.12083907425403595,0.1429135948419571
-0.058857765048742294,-0.1376369595527649,0.019826745614409447,-0.1094224825501442,-0.08242639154195786,-0.16219231486320496,-0.16017486155033112,-0.04861503094434738,-0.0067259701900184155,-0.1604619175195694,-0.27328142523765564,0.10748481005430222,0.029867321252822876,-0.042729806154966354,-0.011756984516978264,0.19069887697696686,-0.22278648614883423,0.0850842297077179,-0.24835439026355743,0.1864725798368454,-0.12975838780403137,-0.09713010489940643,0.06433574855327606,-0.05737568065524101,-0.03883346542716026,-0.0983537882566452,-0.1706589162349701,-0.028202809393405914,0.1621842235326767,0.16263064742088318,0.04492483660578728,0.12829755246639252,0.09880334883928299,0.008428330533206463,0.12202577292919159,0.09913608431816101,0.16035586595535278,0.025768902152776718,0.2804279625415802,0.09868135303258896,-0.051330458372831345,-0.040100473910570145,0.15398335456848145,-0.010488527826964855,0.11307854950428009,-0.06124870851635933,0.1105300560593605,0.11842308193445206,0.1646789014339447,0.026335952803492546
0.09587204456329346,0.09374938160181046,-0.05762777850031853,0.029236845672130585,0.13438278436660767,-0.07894432544708252,-0.04956568777561188,-0.13405831158161163,0.08474770933389664,0.12380359321832657,-0.1723070740699768,-0.18735989928245544,0.3287254869937897,-0.10685546696186066,0.11683772504329681,-0.02986556477844715,0.060270484536886215,-0.10453254729509354,0.2350793480873108,0.11462026089429855,-0.17611189186573029,-0.07292508333921432,0.015680698677897453,-0.0883350744843483,-0.1353074610233307,-0.1580561399459839,-0.14432752132415771,0.05109838768839836,-0.0789097398519516,0.03139660879969597,-0.08456496894359589,-0.003840663470327854,-0.08259329199790955,-0.02640990912914276,-0.04596404731273651,-0.16779594123363495,0.008167602121829987,0.08088543266057968,-0.026266999542713165,-0.062121450901031494,0.012046734802424908,0.1900695413351059,0.04877777770161629,-0.17995582520961761,-0.12183327972888947,0.14433683454990387,-0.04491714388132095,0.11451960355043411,0.24043868482112885,-0.07925716042518616
-0.03306081146001816,0.048075657337903976,0.1512746512889862,0.12063229084014893,0.059400659054517746,-0.08524653315544128,-0.060859035700559616,0.12086446583271027,0.019033804535865784,0.20582857728004456,-0.03599507734179497,-0.17231406271457672,-0.21642617881298065,0.011017676442861557,0.19569896161556244,0.11928717792034149,-0.12424542754888535,-0.07349349558353424,-0.24701698124408722,0.12112167477607727,0.11860581487417221,0.16217760741710663,0.044610992074012756,-0.12094897776842117,0.10341313481330872,-0.031923435628414154,0.02167445793747902,0.10725069046020508,-0.006245208904147148,0.021769501268863678,-0.04311886429786682,0.30005085468292236,0.035513877868652344,0.12417515367269516,-0.15126416087150574,-0.025142157450318336,-0.10515157878398895,0.08220014721155167,0.011977127753198147,0.07119041681289673,-0.08311479538679123,0.015443584881722927,-0.02482059970498085,-0.0893581435084343,0.17605458199977875,-0.17842426896095276,-0.15133081376552582,0.16218717396259308,0.05150384083390236,0.03941693529486656
-0.03886488452553749,-0.14632077515125275,-0.041210100054740906,-0.16233721375465393,-0.23007696866989136,-0.016620364040136337,-0.2757989168167114,0.11967910081148148,0.12989896535873413,-0.0021202543284744024,0.0776197537779808,0.13500827550888062,0.0539248064160347,0.11710676550865173,-0.13888593018054962,0.045912306755781174,-0.1054767519235611,-0.06983473896980286,0.012606123462319374,-0.05171872675418854,0.13398756086826324,-0.031308356672525406,-0.05249441787600517,-0.1543961465358734,0.005237316247075796,-0.0715683102607727,-0.06664376705884933,-0.04998559132218361,-0.11853241920471191,0.12377418577671051,-0.05091053247451782,0.03854351118206978,0.09085556864738464,0.012281072326004505,0.16336295008659363,-0.16420695185661316,0.03925802931189537,-0.03787018731236458,0.08484867215156555,0.13834519684314728,-0.079155832529068,-0.09552419185638428,0.2174309939146042,-0.10073259472846985,-0.025952473282814026,0.09367059171199799,0.07563696801662445,0.17783881723880768,-0.14900347590446472,0.2823026478290558
0.13365685939788818,0.023665932938456535,0.09830202907323837,-0.12599413096904755,0.01017361506819725,0.1136314645409584,-0.14948995411396027,-0.04336335137486458,-0.12056202441453934,0.07937644422054291,0.2428310513496399,0.20059435069561005,0.10692646354436874,0.1652166098356247,0.0002928379108197987,-0.13152636587619781,-0.11715218424797058,0.05637378245592117,0.052858781069517136,-0.1619635373353958,-0.056707173585891724,-0.05761115625500679,0.026164088398218155,-0.07061325758695602,0.10154585540294647,-0.22452722489833832,0.08476538956165314,0.051568105816841125,-0.027484122663736343,-0.06918919086456299,-0.14696212112903595,-0.1845254898071289,-0.08693140745162964,-0.11285269260406494,-0.01843353733420372,-0.08261314034461975,0.06880511343479156,-0.22632820904254913,-0.05909433215856552,0.16999322175979614,0.052684105932712555,0.044981226325035095,0.1637975424528122,0.04696717858314514,0.14811290800571442,-0.005062648095190525,0.07936492562294006,-0.036161355674266815,-0.09235696494579315,0.031433433294296265
0.03421704098582268,-0.06786566227674484,-0.014107764698565006,-0.18214254081249237,-0.16400331258773804,-0.03965863958001137,-0.11708859354257584,-0.28814539313316345,-0.14120905101299286,0.1325908750295639,-0.13805435597896576,-0.18258848786354065,-0.11639514565467834,0.21425065398216248,-0.007930870167911053,-0.06263498961925507,0.23451343178749084,-0.13005591928958893,-0.07889305055141449,0.2179611474275589,-0.1081833466887474,-0.253506600856781,0.09567219018936157,-0.2595944404602051,0.10808434337377548,0.08798692375421524,0.06092652678489685,-0.0021198559552431107,-0.09156906604766846,0.004712615627795458,0.031092099845409393,-0.034316886216402054,-0.004888780880719423,0.0496225543320179,-0.12429456412792206,0.15688808262348175,-0.20383191108703613,-0.18468941748142242,-0.1012922078371048,0.11563898622989655,0.09599018841981888,0.037802740931510925,0.10895555466413498,-0.12997518479824066,0.010612991638481617,-0.0551859550178051,0.1314370036125183,0.024492429569363594,-0.05938858911395073,-0.0031882626935839653
-0.04709169641137123,-0.18736112117767334,-0.14652055501937866,-0.022969242185354233,-0.038004010915756226,0.06660447269678116,-0.14601068198680878,-0.010450819507241249,-0.1305498331785202,0.027084652334451675,-0.09587928652763367,-0.10133334994316101,0.07772510498762131,-0.2191924899816513,0.2668665647506714,-0.035245686769485474,0.11402485519647598,0.14348775148391724,-0.03941234573721886,0.14959433674812317,0.13461406528949738,0.2997594177722931,-0.2289610505104065,0.19108159840106964,-0.22402432560920715,0.03748155012726784,0.07728581130504608,0.024492844939231873,-0.02791263721883297,-0.1264660805463791,0.09580189734697342,-0.11998698860406876,-0.17487290501594543,0.17735503613948822,0.08374818414449692,0.06488415598869324,0.12983417510986328,-0.17782989144325256,-0.11413954198360443,0.07842797785997391,0.09272146970033646,0.0017745017539709806,0.0670355036854744,-0.2644851803779602,-0.12291605770587921,0.18474972248077393,-0.047442156821489334,0.08996745198965073,0.16718384623527527,-0.10757654160261154
0.04202562943100929,-0.1004316434264183,0.1404557228088379,0.0993916466832161,-0.0999535545706749,-0.0940529853105545,-0.053897883743047714,0.19545766711235046,0.034993380308151245,0.09895622730255127,-0.051429275423288345,0.052578799426555634,-0.13020683825016022,0.16716992855072021,-0.05968308076262474,0.19168126583099365,0.044119302183389664,0.05486801639199257,0.06212909519672394,-0.15222959220409393,-0.02658683806657791,-0.07882174104452133,-0.04109139367938042,-0.07689041644334793,0.13463763892650604,0.13839472830295563,0.08643283694982529,-0.08232329040765762,0.011769060976803303,0.12193982303142548,-0.13271202147006989,0.09518295526504517,-0.2038246989250183,-0.2465217411518097,-0.004250069614499807,-0.24189051985740662,-0.11470909416675568,-0.09974229335784912,0.05873711779713631,-0.02174663357436657,-0.3146711587905884,-0.2751809358596802,-0.13289238512516022,-0.06436481326818466,-0.13727621734142303,0.014639545232057571,-0.04958043619990349,0.1733120232820511,0.04701518639922142,-0.013216612860560417
0.05899816006422043,-0.2724519968032837,0.08123050630092621,0.003857693634927273,-0.12460974603891373,-0.14788976311683655,-0.05796673893928528,0.07059797644615173,-0.04289155825972557,0.15659649670124054,0.007517990190535784,-0.0587223619222641,0.10854516923427582,0.08923974633216858,0.029214033856987953,-0.20691315829753876,0.049877721816301346,-0.009624188765883446,0.10784617066383362,0.08638298511505127,-0.062392815947532654,0.056455738842487335,-0.12905944883823395,-0.055379386991262436,-0.07640489935874939,-0.15708523988723755,0.08309222757816315,0.09613654762506485,0.013717654161155224,0.046124424785375595,0.10725729167461395,0.058336321264505386,0.14193476736545563,-0.10835739970207214,0.09988380968570709,-0.0788717120885849,0.17051443457603455,0.17824657261371613,0.01658935472369194,0.23035944998264313,-0.10658302903175354,-0.12234627455472946,-0.00885123573243618,-0.030048180371522903,-0.1572594791650772,-0.04244645684957504,-0.051619719713926315,-0.3030458390712738,0.07265311479568481,-0.07547907531261444
0.15318603813648224,0.18296238780021667,0.059229861944913864,0.029416481032967567,0.20101888477802277,-0.003916751593351364,-0.08619511872529984,0.1186712458729744,-0.11561955511569977,0.10417384654283524,-0.006380049511790276,0.11938706785440445,-0.24667060375213623,0.2166380137205124,-0.0032559549435973167,-0.018620282411575317,-0.0809338241815567,-0.17107996344566345,-0.045320264995098114,-0.08579184859991074,0.1751675307750702,0.19475121796131134,0.12181449681520462,-0.09250497817993164,0.06811854243278503,-0.08160718530416489,0.01844395324587822,0.2565763294696808,-0.06606090813875198,-0.10698515176773071,0.16409243643283844,-0.027799230068922043,0.19347237050533295,0.34795019030570984,-0.22971326112747192,-0.11282192170619965,-0.10848995298147202,0.03325938060879707,-0.1176932156085968,0.2575533986091614,0.13458314538002014,0.1467696875333786,0.13011151552200317,-0.013004961423575878,0.03555803373456001,0.05166516825556755,-0.29020950198173523,0.012759114615619183,-0.1617812216281891,-0.04191407561302185
0.08661162108182907,-0.07413109391927719,-0.10681907087564468,0.24980147182941437,-0.015771949663758278,0.08475175499916077,-0.009830733761191368,0.03654854744672775,-0.20181623101234436,-0.09291135519742966,-0.04670015722513199,0.014085239730775356,0.15913505852222443,-0.04630221053957939,0.1847541779279709,0.16615132987499237,-0.0027614878490567207,0.05991033464670181,0.13753601908683777,-0.29281729459762573,-0.1030694842338562,-0.015357309952378273,-0.2507147490978241,-0.050654519349336624,-0.07350973784923553,-0.14599046111106873,-0.045071348547935486,-0.28886204957962036,-0.0037727963645011187,0.055313240736722946,-0.05780067667365074,-0.17574505507946014,-0.19804584980010986,-0.13150818645954132,-0.024836961179971695,-0.3101963698863983,-0.030742233619093895,0.012104720808565617,-0.2359919250011444,-0.047882191836833954,-0.05237396061420441,-0.031993333250284195,0.03285336494445801,-0.07722431421279907,-0.002621500752866268,-0.20208212733268738,0.04650954157114029,0.2122923880815506,-0.1501866579055786,0.07898609340190887
0.13137133419513702,0.16892050206661224,0.12495855242013931,-0.15349259972572327,-0.11224858462810516,0.13933923840522766,0.033186472952365875,0.033767811954021454,0.13088519871234894,-0.05607703700661659,0.10803545266389847,-0.02980835735797882,0.010226128622889519,0.24793383479118347,0.05129373073577881,0.048099055886268616,-0.13429377973079681,-0.013775869272649288,-0.1296529918909073,-0.15452973544597626,0.08888678252696991,0.05660245940089226,0.02243138663470745,-0.09241465479135513,-0.046189356595277786,0.08335994184017181,-0.07606631517410278,0.08971842378377914,0.07998732477426529,0.22421379387378693,-0.025249363854527473,-0.21849359571933746,0.18795764446258545,0.07326843589544296,0.10715261846780777,-0.10659395158290863,-0.08735626190900803,0.022353176027536392,-0.050930581986904144,-0.06829261034727097,-0.09682246297597885,0.1641823947429657,-0.10364644229412079,0.0915682315826416,-0.02297726832330227,-0.26282113790512085,0.01473362185060978,-0.1382617950439453,0.020044678822159767,0.13489602506160736
0.16086120903491974,0.18333524465560913,-0.13501086831092834,0.09445881098508835,-0.0624878965318203,-0.2264007329940796,-0.17427004873752594,-0.09823164343833923,0.14215321838855743,0.20501075685024261,0.23872265219688416,0.05349026620388031,0.15741361677646637,0.05829579383134842,-0.010292964056134224,-0.003622072748839855,0.1446373164653778,0.18755418062210083,0.15834404528141022,-0.0037573808804154396,0.13354705274105072,0.10501362383365631,-0.2520257830619812,-0.03221020847558975,0.05254064500331879,-0.0005546942120417953,0.09031858295202255,0.2242191582918167,0.07581204175949097,-0.10909918695688248,0.10545754432678223,0.07129888236522675,0.0915767252445221,-0.0012129978276789188,-0.030638664960861206,0.12424373626708984,-0.03387240320444107,-0.07616342604160309,0.2281436175107956,0.1491229087114334,-0.14314652979373932,-0.22597748041152954,-0.2249850481748581,0.1705312281847,-0.041611604392528534,0.1166539117693901,0.06650162488222122,-0.08950603008270264,-0.10821355134248734,0.045461829751729965
-0.09696866571903229,-0.05852677673101425,-0.12045523524284363,-0.11328410357236862,-0.21175511181354523,-0.07837660610675812,-0.08519457280635834,-0.191025972366333,0.2705290913581848,0.10057466477155685,-0.01769990660250187,0.10980981588363647,-0.05034652352333069,0.0009291215683333576,0.09979788213968277,-0.15192140638828278,0.07356754690408707,-0.1505058854818344,-0.0920434296131134,0.0750797688961029,-0.0313948355615139,-0.11464911699295044,0.03386779502034187,-0.22618325054645538,-0.04805231839418411,0.0728323757648468,0.16328133642673492,0.13855814933776855,-0.1152820810675621,0.008809255436062813,-0.10313894599676132,0.11804036051034927,-0.0674615278840065,0.0750948116183281,0.19838662445545197,0.05185103043913841,-0.09718284755945206,0.06273295730352402,0.08548668771982193,0.038358185440301895,-0.22076919674873352,0.11087874323129654,0.18290607631206512,0.11619219183921814,-0.0022533985320478678,0.15572939813137054,0.1359230875968933,-0.21543459594249725,-0.10472596436738968,0.09085360169410706
-0.16442304849624634,-0.05588338151574135,-0.1649436205625534,-0.13876302540302277,-0.1562710702419281,-0.07918176800012589,-0.07599162310361862,-0.1352730095386505,-0.04943697527050972,0.11330610513687134,-0.10423856228590012,-0.05141662433743477,-0.0671718642115593,0.0378015898168087,-0.004815202672034502,0.24565327167510986,0.0794256329536438,-0.10397933423519135,-0.04687228798866272,0.07527001947164536,-0.11310286819934845,-0.2816566228866577,-0.08671779185533524,0.013504883274435997,-0.19362203776836395,-0.10641039162874222,-0.10416674613952637,0.14657674729824066,0.01144266314804554,0.03277018666267395,0.10952405631542206,-0.07525698095560074,0.1121879369020462,0.14429503679275513,-0.20120790600776672,0.15950244665145874,0.01458056177943945,-0.08852341026067734,-0.2234306037425995,-0.008275928907096386,0.10732050240039825,-0.03323586657643318,-0.08045342564582825,0.21872687339782715,0.16022658348083496,0.02544732205569744,-0.10258971899747849,-0.0056584975682199,-0.07690980285406113,-0.06759995967149734
-0.07125167548656464,-0.117019422352314,0.04678018391132355,-0.15364901721477509,-0.14277863502502441,0.017789198085665703,-0.21312695741653442,-0.1598135530948639,-0.15122655034065247,0.12200167030096054,0.1944075971841812,-0.03220577910542488,-0.10262322425842285,-0.1411927342414856,-0.08220479637384415,0.09799512475728989,-0.0011217512656003237,0.052591416984796524,-0.1071983128786087,0.004635809455066919,0.021403396502137184,-0.12593291699886322,-0.14055433869361877,-0.11918693780899048,-0.07100808620452881,-0.16762369871139526,0.047256264835596085,0.012219707481563091,0.10697419941425323,0.12625283002853394,-0.16334182024002075,0.07013394683599472,0.08164339512586594,-0.2857530117034912,-0.09192365407943726,-0.14681141078472137,-0.07318894565105438,-0.1746949702501297,-0.10288689285516739,0.08092843741178513,-0.09392262250185013,-0.07152953743934631,0.05892942100763321,0.051036715507507324,-0.19564680755138397,-0.1596657633781433,-0.036017511039972305,-0.006033319514244795,0.1993514746427536,0.11434673517942429
-0.18343475461006165,0.12054704129695892,-0.056345805525779724,0.07954387366771698,-0.23289217054843903,-0.04795422405004501,-0.1722494214773178,-0.29219743609428406,-0.021352002397179604,0.01490189228206873,0.2228853404521942,0.19712990522384644,0.12362595647573471,0.1327083855867386,-0.1848151683807373,0.09143245220184326,0.05845194309949875,0.043730150908231735,-0.033027634024620056,0.21371567249298096,0.05721426010131836,-0.10556714981794357,-0.003387566888704896,-0.12018874287605286,-0.09323161095380783,-0.0016104207606986165,0.03167833760380745,-0.10194798558950424,-0.013605013489723206,0.09213479608297348,-0.03223253786563873,0.0217274222522974,0.09412224590778351,0.09846276044845581,0.06363978236913681,-0.18785728514194489,0.07504525035619736,-0.1249803975224495,-0.23948733508586884,0.15051805973052979,-0.18044328689575195,-0.17770977318286896,-0.048505328595638275,-0.01973552443087101,-0.17008212208747864,0.19444647431373596,-0.07759243994951248,0.12536318600177765,0.06562688946723938,0.03032410703599453
0.10885945707559586,-0.19779779016971588,-0.09510582685470581,0.11967307329177856,-0.22087913751602173,0.028434503823518753,-0.12287162989377975,0.1353098750114441,-0.12416255474090576,0.023518506437540054,-0.021049220114946365,0.02482089214026928,-0.26538950204849243,0.07362741976976395,0.12967854738235474,-0.08070265501737595,0.2574654519557953,0.136876180768013,0.10629723221063614,-0.14907515048980713,0.17803476750850677,-0.2647315263748169,0.025681601837277412,0.002514020772650838,-0.04773165285587311,0.010627027601003647,0.04242563992738724,-0.18327148258686066,-0.030450105667114258,-0.039925046265125275,-0.32928940653800964,-0.09990820288658142,-0.09926736354827881,-0.18318216502666473,-0.12647011876106262,0.11531375348567963,-0.2705543339252472,-0.14150875806808472,0.018024461343884468,-0.016467923298478127,0.1811145693063736,-0.0888417586684227,0.16220952570438385,-0.1385815292596817,0.18238212168216705,-0.06926853209733963,-0.14772196114063263,0.08381196856498718,0.16819240152835846,-0.012401925399899483
0.14025110006332397,0.22454123198986053,0.14273104071617126,0.11054939776659012,-0.17426684498786926,-0.015098270028829575,0.058239005506038666,0.009521730244159698,0.17234385013580322,-0.02478625252842903,-0.029015669599175453,0.18390195071697235,0.0691857859492302,0.05839468166232109,0.11734377592802048,-0.06033947691321373,0.1381157636642456,-0.08613575994968414,0.09967837482690811,-0.08434279263019562,-0.09155933558940887,0.02808798849582672,0.13071204721927643,0.11938029527664185,0.16294695436954498,-0.1903274804353714,-0.06199004128575325,0.050959814339876175,-0.13708147406578064,-0.1879439651966095,0.07798469066619873,-0.23919567465782166,-0.13678814470767975,-0.2592068910598755,-0.1399814784526825,-0.07687563449144363,-0.15303270518779755,-0.18388472497463226,-0.006722853984683752,-0.01972605660557747,0.17088721692562103,0.050807785242795944,-0.1955617070198059,-0.18163810670375824,0.10194392502307892,0.09539064019918442,0.10012827068567276,-0.13593712449073792,0.014705006033182144,0.018363209441304207
-0.0855083167552948,-0.08625868707895279,0.0015829743351787329,0.041970521211624146,0.05693071708083153,-0.08651134371757507,-0.0006383457803167403,0.036231037229299545,-0.039354387670755386,0.11179272830486298,-0.16206640005111694,0.010304080322384834,-0.10186681151390076,-0.18670260906219482,-0.17076294124126434,0.08413571864366531,0.06363692879676819,-0.12489688396453857,-0.15684594213962555,0.08985505253076553,0.05505969375371933,0.19288459420204163,-0.06706690788269043,0.07182350754737854,-0.21157169342041016,0.04684821516275406,0.04596862569451332,0.14101916551589966,-0.17884624004364014,-0.14349117875099182,-0.10168471932411194,0.07557310909032822,0.016542281955480576,-0.0833137109875679,-0.031611260026693344,0.0546964555978775,-0.10239051282405853,0.03221915662288666,-0.12740197777748108,-0.14915865659713745,0.16490240395069122,0.14222872257232666,0.16226212680339813,-0.22917789220809937,-0.030911756679415703,-0.11479547619819641,0.08149922639131546,0.147684708237648,0.1710159033536911,0.009382585994899273
-0.10352005809545517,-0.004991361405700445,-0.17114245891571045,0.02897159568965435,-0.13996565341949463,0.015306366607546806,0.10278692096471786,-0.022495627403259277,-0.11708424985408783,-0.09871871769428253,-0.157813161611557,0.21197235584259033,0.05562174320220947,0.008851183578372002,0.2275833934545517,-0.06535883992910385,0.07413821667432785,-0.1650547981262207,0.0712910071015358,0.12597250938415527,-0.17059843242168427,0.11945804953575134,0.18211938440799713,0.10349210351705551,0.06859015673398972,-0.1912938952445984,0.06988929212093353,0.07903654128313065,0.04252464696764946,-0.01752694882452488,0.08501467108726501,0.021345093846321106,0.08019618690013885,-0.22051313519477844,0.03482237085700035,-0.07150232046842575,0.01299553643912077,0.0643591359257698,-0.12056053429841995,-0.07410632818937302,0.166898712515831,-0.15105924010276794,-0.02839742973446846,-0.10752539336681366,0.016245216131210327,0.17447690665721893,-0.08612960577011108,-0.13434801995754242,0.13522963225841522,-0.009197606705129147
0.08163417875766754,0.12511564791202545,0.02741345204412937,0.012712567113339901,-0.11773800849914551,0.11273393779993057,0.1270776391029358,-0.14299094676971436,0.21371275186538696,0.07694581896066666,0.14759670197963715,0.05959378927946091,0.12611648440361023,-0.018142633140087128,0.05087625980377197,-0.04189164191484451,-0.04222388193011284,0.07514321058988571,0.17727097868919373,-0.07990337163209915,0.007966131903231144,-0.2691824734210968,0.3008960783481598,0.11010810732841492,0.0025986924301832914,-0.010942578315734863,0.10134066641330719,-0.0060834335163235664,-0.04923390969634056,0.006687992252409458,-0.12935805320739746,-0.022865233942866325,0.07845596969127655,0.20253996551036835,0.13458164036273956,-0.16446025669574738,0.034705400466918945,-0.0072562252171337605,-0.13361762464046478,0.20688018202781677,-0.07878612726926804,-0.03501627594232559,-0.019862942397594452,0.1659010499715805,0.1591128259897232,0.06851683557033539,-0.055489204823970795,-0.05178095027804375,-0.24641487002372742,0.28485122323036194
