0.1306103616952896,-0.05457371473312378,0.021714389324188232,0.15730451047420502,-0.17961806058883667,-0.2211020588874817,0.005558406934142113,-0.10253570228815079,-0.09818680584430695,0.16744515299797058,-0.1376313418149948,0.007556690368801355,0.1211179792881012,-0.1056446060538292,0.1442524939775467,-0.17010359466075897,-0.24328705668449402,-0.26331642270088196,-0.041831161826848984,0.05583449825644493,-0.08577311038970947,0.20299166440963745,0.16593919694423676,0.04434117674827576,0.03942861780524254,-0.10745199024677277,0.13476108014583588,-0.03122788295149803,-0.14838775992393494,0.18922008574008942,0.14789091050624847,0.024334948509931564,-0.003701692447066307,-0.039032936096191406,0.02170894853770733,0.2601395547389984,0.21394844353199005,0.18303926289081573,0.2849230170249939,-0.26234138011932373,-0.029964422807097435,0.1283811330795288,-0.23579223453998566,-0.13288308680057526,-0.10077407956123352,-0.06055043637752533,-0.16484852135181427,-0.20324885845184326,-0.13350576162338257,0.00032241392182186246
-0.10575452446937561,0.09565304219722748,0.31383371353149414,-0.21343928575515747,-0.036900706589221954,0.11876265704631805,0.1296675056219101,-0.04665311798453331,0.000706798629835248,-0.08298225700855255,0.1352306753396988,0.09022356569766998,0.1755116730928421,0.29176774621009827,-0.2354901134967804,0.0024059440474957228,0.03777310997247696,0.2055547833442688,0.04610895738005638,-0.07638496905565262,0.15951241552829742,-0.1295509785413742,0.04165538772940636,0.24465316534042358,-0.05565342307090759,-0.06299221515655518,-0.11240531504154205,0.2466425597667694,-0.25379693508148193,0.3061535656452179,0.10300223529338837,0.269908607006073,0.0092226667329669,-0.18089325726032257,0.08945327252149582,-0.02996218390762806,0.03172578662633896,-0.1415116786956787,-0.1494278609752655,0.009407655335962772,0.0253128744661808,0.048406098037958145,-0.019042933359742165,0.14478781819343567,0.12089800089597702,-0.0006106338696554303,-0.05391528457403183,0.136733740568161,0.006367144174873829,0.17885278165340424
0.26733243465423584,0.14820188283920288,-0.08055537939071655,0.13973866403102875,-0.10929830372333527,-0.09594538062810898,-0.014682029373943806,-0.08884254097938538,-0.09226486086845398,0.07908733189105988,0.2791719138622284,-0.021577846258878708,-0.1546219140291214,-0.23715686798095703,-0.16464994847774506,0.09247776120901108,0.01758863590657711,0.03583385795354843,-0.17597994208335876,0.0038177049718797207,-0.0007360095041804016,-0.22506524622440338,-0.06370972841978073,0.005870417226105928,-0.21598103642463684,-0.038292914628982544,0.2121613323688507,-0.0795501098036766,0.1407454013824463,0.1410066932439804,0.15924707055091858,0.09081768244504929,-0.19668270647525787,0.18393447995185852,-0.3499816358089447,-0.07042323797941208,0.05926511064171791,0.020419176667928696,-0.03269113972783089,0.21691836416721344,0.05852765589952469,-0.11720534414052963,0.004623764660209417,0.11889924854040146,-0.02597804181277752,0.05933563783764839,-0.006742797326296568,-0.13690099120140076,-0.07208080589771271,0.22871661186218262
-0.05247361212968826,-0.2048400342464447,0.0543053038418293,0.17590385675430298,-0.19879180192947388,-0.047213029116392136,0.18932969868183136,0.05603433772921562,-0.11126811057329178,0.0684715211391449,0.1658736765384674,-0.08438757061958313,0.08733952045440674,0.1563168168067932,0.0910891741514206,-0.01991562731564045,0.17985215783119202,0.14536631107330322,-0.015208855271339417,0.0649656355381012,-0.11787442117929459,0.05782156065106392,0.03277861326932907,-0.06384739279747009,0.3413607180118561,0.07545594125986099,-0.15248070657253265,0.1655951589345932,0.18756388127803802,-0.09122838824987411,-0.10109461843967438,-0.0999557301402092,-0.05675540491938591,0.12362280488014221,0.04866607487201691,0.12808695435523987,-0.27520060539245605,0.06829003244638443,0.06526554375886917,-0.17086565494537354,-0.25768977403640747,-0.006504105404019356,-0.09831956028938293,0.2425535023212433,0.13832944631576538,0.18941578269004822,-0.17485299706459045,0.017319299280643463,-0.16085103154182434,0.18498490750789642
0.09084456413984299,-0.14519266784191132,0.3056870996952057,0.0897398367524147,0.2374200075864792,0.018361972644925117,0.1046837568283081,-0.14217127859592438,0.08259379863739014,-0.14379523694515228,-0.21144430339336395,-0.047252487391233444,0.009806104935705662,0.11120888590812683,-0.09168168157339096,0.06267250329256058,0.049375083297491074,0.06619899719953537,-0.18842492997646332,0.13412220776081085,-0.020267048850655556,-0.1719929277896881,-0.06217821687459946,0.08610721677541733,-0.174825981259346,0.0030458634719252586,-0.01949726976454258,0.25252389907836914,-0.06857448816299438,0.004328967537730932,-0.04760707542300224,0.008635029196739197,0.03406916931271553,-0.1248515322804451,-0.14632900059223175,0.19350317120552063,0.06249034404754639,-0.1513843685388565,0.09565307199954987,-0.2310338318347931,0.0629819855093956,0.020039347931742668,-0.19887521862983704,0.025186533108353615,0.11444001644849777,0.12132658064365387,-0.18009240925312042,0.2188357412815094,0.047481898218393326,0.23598189651966095
-0.22443555295467377,0.11069988459348679,0.0744352862238884,0.11031995713710785,0.10405326634645462,0.19275367259979248,0.16628651320934296,-0.04254133254289627,-0.049740441143512726,0.014291064813733101,-0.03339211642742157,0.06713716685771942,-0.1717117577791214,0.16641905903816223,0.03667483106255531,0.09604749083518982,0.12713241577148438,0.12666499614715576,0.12632235884666443,-0.16861094534397125,0.21594765782356262,0.23361214995384216,-0.21823137998580933,0.010694315657019615,-0.13408055901527405,0.130290225148201,0.18714183568954468,-0.30767956376075745,-0.00030440889531746507,0.13402818143367767,-0.106480672955513,-0.16215915977954865,0.0708715096116066,0.20726989209651947,-0.14737468957901,-0.03269405663013458,0.06354482471942902,-0.29675066471099854,0.07735733687877655,-0.0010647391900420189,0.13131089508533478,-0.019390549510717392,-0.08353405445814133,0.061158500611782074,0.02463148906826973,0.1606001853942871,-0.08673303574323654,0.11620299518108368,-0.17620116472244263,-0.007294456474483013
-0.08754623681306839,0.03235559165477753,0.07364329695701599,-0.04505646601319313,0.05181680619716644,-0.011998318135738373,0.1316891312599182,0.2613458037376404,0.033447280526161194,-0.17873375117778778,-0.3120473027229309,-0.03716922178864479,0.026402710005640984,0.09214963018894196,0.06591330468654633,0.08427590131759644,0.29139453172683716,0.22835592925548553,0.009102510288357735,0.09588734060525894,-0.02192254737019539,0.39099717140197754,-0.12088561058044434,-0.06207532063126564,0.07161267101764679,0.08367970585823059,-0.009173654019832611,0.10003094375133514,-0.02310836873948574,0.05636755749583244,0.028043869882822037,0.15007460117340088,-0.04628690704703331,0.22102122008800507,-0.09576748311519623,-0.04301220923662186,-0.09565761685371399,0.05256514251232147,0.10290347784757614,-0.03943195939064026,0.2565494477748871,-0.11710304766893387,0.14526180922985077,0.021766187623143196,-0.08279518038034439,-0.17817772924900055,-0.026641294360160828,0.0006104312487877905,0.07338742911815643,0.015631405636668205
0.07483836263418198,0.2730170488357544,0.20346151292324066,0.04256703704595566,-0.23277562856674194,-0.16357608139514923,0.1627422422170639,-0.08179823309183121,0.24531036615371704,0.0563683956861496,0.008858902379870415,-0.2505068778991699,0.12899033725261688,-0.18594418466091156,-0.08894950896501541,0.0034199326764792204,0.10463496297597885,-0.019885554909706116,-0.22516489028930664,-0.08372827619314194,-0.22201400995254517,-0.11617334187030792,0.06776966899633408,-0.10140255838632584,-0.10551720857620239,-0.04952244460582733,0.2466105818748474,-0.17141741514205933,0.1754436194896698,0.04028254374861717,-0.14349767565727234,0.07659321278333664,0.1984173059463501,-0.08037221431732178,0.1419447958469391,0.04759085178375244,0.25882604718208313,-0.15170246362686157,0.03232009336352348,0.13286948204040527,0.30277928709983826,-0.17744186520576477,0.11412426084280014,0.2030274122953415,-0.2384336143732071,0.1215609759092331,0.05283323675394058,0.06051572039723396,0.10971661657094955,-0.12095272541046143
-0.15027940273284912,-0.07657267153263092,-0.02893717773258686,0.02858978882431984,0.11745468527078629,-0.035174086689949036,-0.0467388853430748,-0.2590678930282593,-0.10901546478271484,-0.035965412855148315,0.03604981675744057,-0.02958657220005989,-0.11502502113580704,-0.1670002043247223,-0.01872744970023632,-0.20708130300045013,-0.10501979291439056,-0.2917982041835785,0.04999664053320885,-0.11395101994276047,-0.04671550914645195,-0.14466439187526703,0.2415895015001297,0.0894002616405487,-0.16047073900699615,-0.020125463604927063,0.005193803459405899,0.1643170714378357,-0.2034713327884674,-0.21567228436470032,0.07952943444252014,-0.17104122042655945,-0.112526535987854,-0.19466657936573029,0.09013988822698593,0.22879120707511902,-0.23642677068710327,0.041647352278232574,-0.1453835368156433,0.08070743829011917,-0.04480151832103729,-0.07887707650661469,-0.05891105905175209,0.10526209324598312,-0.17704398930072784,0.025415316224098206,-0.2939129173755646,0.14491209387779236,0.11713305115699768,-0.19956031441688538
0.10264867544174194,-0.13618291914463043,-0.11341592669487,-0.051457930356264114,0.10055577009916306,0.010296673513948917,0.10627146065235138,-0.089636892080307,0.11800931394100189,0.271571546792984,-0.18101046979427338,-0.0675312876701355,-0.27852094173431396,-0.23374071717262268,0.004971903748810291,0.07903267443180084,-0.1973206251859665,0.1474636346101761,-0.07308343052864075,-0.004577556625008583,-0.34926337003707886,0.08209286630153656,0.07319479435682297,-0.06335586309432983,0.06690015643835068,0.19269895553588867,-0.07154606282711029,0.08932575583457947,-0.04225677251815796,-0.10901276022195816,-0.05667481571435928,-0.04013857617974281,0.18430444598197937,0.15419422090053558,-0.052068088203668594,0.13354377448558807,0.08033832907676697,0.26127487421035767,-0.0806671604514122,-0.005548959597945213,0.09423656761646271,0.06645553559064865,0.12643437087535858,0.021123826503753662,0.0033906246535480022,-0.16660746932029724,0.07466775923967361,0.10598883032798767,-0.1454780101776123,0.03639603406190872
-0.06461143493652344,0.03094572201371193,0.19105187058448792,0.13741780817508698,0.16493120789527893,0.09484253078699112,0.08287893980741501,-0.20113177597522736,-0.066078782081604,0.1615663319826126,0.2541196644306183,-0.1942361742258072,-0.1346840113401413,0.03371249511837959,-0.04012177139520645,-0.21984171867370605,0.21189796924591064,-0.23063471913337708,0.006752099376171827,0.08380062133073807,-0.16405051946640015,-0.24755896627902985,-0.14502182602882385,0.007929236628115177,-0.19241482019424438,0.1375989019870758,0.27699995040893555,-0.053956709802150726,-0.22184956073760986,-0.09627185761928558,0.0664532333612442,-0.014037847518920898,-0.023740442469716072,-0.12558381259441376,0.30544906854629517,0.15103985369205475,-0.18317653238773346,0.2999648451805115,0.008863914757966995,-0.18508099019527435,0.06731857359409332,-0.08648251742124557,0.00445687398314476,0.09227065742015839,0.09983814507722855,-0.014511225745081902,-0.23274007439613342,-0.10202393680810928,0.2989540994167328,-0.032458122819662094
-0.12369456142187119,0.0019188685109838843,-0.27797409892082214,0.1958465874195099,0.2123563587665558,0.15581223368644714,-0.05003843456506729,0.11951091140508652,0.07880886644124985,-0.012202223762869835,-0.024116767570376396,0.06044985353946686,0.004025416914373636,0.25917795300483704,-0.11323755234479904,0.14728741347789764,-0.11278928071260452,-0.23566381633281708,0.214238703250885,-0.07957421988248825,0.0020881867967545986,0.12514905631542206,0.10278557986021042,0.14857496321201324,0.001348678721114993,-0.09631043672561646,-0.06751338392496109,-0.15217053890228271,0.030438052490353584,-0.15903739631175995,0.05410556495189667,-0.24722759425640106,-0.09493691474199295,0.171897754073143,0.07335513085126877,-0.025374464690685272,0.11911357194185257,0.03520936146378517,-0.08437740057706833,0.24302877485752106,-0.12520189583301544,-0.049902625381946564,-0.04962139204144478,-0.06842464953660965,-0.04680105298757553,-0.1366710066795349,0.03418945148587227,0.04266075789928436,-0.09365289658308029,0.16581983864307404
0.018786504864692688,-0.07673633843660355,-0.011438124813139439,0.002252090722322464,0.07515381276607513,0.04965949058532715,0.0874006375670433,0.11098867654800415,-0.31355783343315125,0.3545056879520416,0.08774155378341675,-0.051411181688308716,-0.22185127437114716,-0.18860797584056854,-0.2266516387462616,-0.0313183031976223,-0.2031891793012619,0.14357483386993408,-0.048220038414001465,0.0011308090761303902,-0.1882377713918686,0.10387799888849258,-0.08798421174287796,-0.18443769216537476,-0.45169439911842346,-0.07661382853984833,-0.10604757815599442,0.09398391097784042,0.04416366294026375,-0.12067153304815292,-0.09479208290576935,-0.13055212795734406,0.19235099852085114,-0.10027816146612167,-0.09377588331699371,-0.022395918145775795,0.003258352866396308,-0.13476501405239105,0.02786586806178093,-0.2590380907058716,-0.11146026104688644,-0.04641803354024887,-0.06870788335800171,0.11820884793996811,0.017473159357905388,-0.0536540150642395,-0.24773213267326355,-0.12689615786075592,-0.040026936680078506,-0.02288307622075081
-0.04226973280310631,-0.1420130580663681,0.18324460089206696,-0.0976521372795105,0.06625670939683914,-0.06084428355097771,-0.06518963724374771,-0.04006056860089302,-0.046364378184080124,0.1394846886396408,-0.2618783712387085,0.12749308347702026,0.10380931943655014,-0.015525080263614655,0.0497920997440815,0.044525183737277985,0.2799214720726013,0.11543002724647522,-0.0763893872499466,0.07496766746044159,0.06596945226192474,0.06838487088680267,0.09176517277956009,0.16911861300468445,0.04345724359154701,0.07076647132635117,0.13470792770385742,0.10533125698566437,0.19296805560588837,0.30179789662361145,0.23605535924434662,-0.018250688910484314,-0.30418139696121216,-0.2303842306137085,0.07719313353300095,0.029444456100463867,0.0774029865860939,0.0019100954523310065,-0.11078977584838867,0.16393542289733887,-0.22896185517311096,0.11121415346860886,0.033714473247528076,0.01131032407283783,0.19376792013645172,0.04631023854017258,0.14600062370300293,-0.09648504853248596,0.09069012105464935,-0.12298410385847092
0.15034815669059753,-0.26807495951652527,0.03657928481698036,0.2553507685661316,-0.17452552914619446,0.06695588678121567,-0.14201469719409943,0.17899444699287415,-0.16308905184268951,-0.16231584548950195,0.05972609296441078,0.24938629567623138,0.11968233436346054,0.038068465888500214,0.1693432629108429,0.051115311682224274,0.11083753407001495,-0.02754240296781063,0.38426753878593445,-0.20706844329833984,-0.2736787796020508,0.18077963590621948,0.048016104847192764,0.2016010880470276,0.16666221618652344,-0.24726010859012604,0.1123100072145462,-0.19321614503860474,0.16897790133953094,-0.14550276100635529,0.179160475730896,0.2138713300228119,-0.008900688961148262,-0.24872270226478577,-0.12358871847391129,0.016913380473852158,-0.0976172685623169,-0.024811647832393646,0.04920586943626404,0.2366371601819992,0.15423525869846344,0.25919100642204285,-0.04507146030664444,-0.015380159951746464,0.3068363666534424,0.2300255298614502,0.24431747198104858,0.04705832526087761,0.11420457065105438,-0.04403068125247955
0.12815585732460022,-0.08832869678735733,0.1664680391550064,-0.012942757457494736,-0.060908518731594086,-0.026055365800857544,0.18276840448379517,0.1356622725725174,0.13474735617637634,0.06604868918657303,0.026436638087034225,0.050795454531908035,-0.18481533229351044,-0.24537156522274017,0.017363106831908226,0.11884691566228867,0.023858435451984406,-0.1509881466627121,-0.10722299665212631,0.2636110186576843,0.10227173566818237,-0.10787098109722137,0.003168360562995076,0.005461064167320728,-0.005324735306203365,-0.20587143301963806,0.0024497208651155233,-0.006966996472328901,-0.09485475718975067,0.00017546146409586072,0.1495875120162964,-0.04795084148645401,-0.3302231729030609,-0.134354367852211,0.05549147352576256,0.16384410858154297,-0.07700875401496887,-0.09845844656229019,-0.05234970524907112,-0.20374195277690887,-0.04073438420891762,-0.04249721020460129,0.061634745448827744,0.07485617697238922,-0.037665680050849915,0.13201338052749634,0.10967975854873657,0.11662958562374115,0.10027249902486801,0.18998882174491882
-0.026474077254533768,0.07854796200990677,0.18860384821891785,0.11509127169847488,0.11056552082300186,0.06673869490623474,0.1468692421913147,0.05222935602068901,-0.015923770144581795,0.14834783971309662,0.3011903464794159,-0.016479311510920525,0.08445814251899719,0.07241792976856232,-0.0012039775028824806,-0.10957961529493332,-0.22288396954536438,0.08540612459182739,-0.07234818488359451,-0.1310388147830963,0.09073518216609955,0.003473826451227069,-0.07597213238477707,-0.17156967520713806,-0.3385617136955261,0.06199595332145691,-0.21341997385025024,-0.12863770127296448,0.24411652982234955,0.13073472678661346,0.23884031176567078,0.24973884224891663,-0.3224775195121765,0.0723382756114006,-0.01708546094596386,0.1849522441625595,0.033939629793167114,-0.04537582769989967,0.19776424765586853,0.35856372117996216,0.13564933836460114,-0.18923893570899963,0.16734915971755981,-0.11048337817192078,0.05999555438756943,-0.04832371324300766,0.0927494689822197,0.13560090959072113,0.11932142078876495,-0.04563453048467636
-0.0661727711558342,0.04793263226747513,0.020931942388415337,0.16197067499160767,-0.06168391928076744,0.13852708041667938,0.09287173300981522,0.2800002992153168,-0.0899108275771141,-0.10119304060935974,0.0799722671508789,0.1877015233039856,0.14203158020973206,0.30740731954574585,-0.17710532248020172,-0.01221997756510973,-0.12639428675174713,0.05295168608427048,0.07167969644069672,-0.03622836992144585,0.26117056608200073,-0.07570703327655792,0.010010428726673126,0.015617604367434978,0.3011913299560547,-0.05037703365087509,0.027616657316684723,-0.011956841684877872,-0.06598338484764099,0.15631438791751862,0.07286716997623444,0.10142018646001816,0.09386028349399567,0.08156716078519821,0.16552962362766266,-0.22542697191238403,0.3625296652317047,0.054689064621925354,-0.15811148285865784,0.14129893481731415,0.10741934925317764,-0.20644336938858032,-0.22667762637138367,0.03717264160513878,0.1376320868730545,0.14622481167316437,0.05494832620024681,-0.03876905143260956,-0.3290465772151947,-0.2962590456008911
-0.2581821382045746,-0.12398438900709152,0.09828531742095947,0.007824104279279709,0.03732452169060707,-0.09162695705890656,-0.13724179565906525,0.0498211570084095,0.21586404740810394,-0.14849378168582916,0.00542744155973196,-0.1200876235961914,0.2221081256866455,0.14044606685638428,-0.004745276179164648,0.12016903609037399,-0.0006529157981276512,-0.16675561666488647,-0.0644952803850174,-0.20817308127880096,-0.0666547417640686,0.06491434574127197,-0.15706679224967957,-0.09918657690286636,0.161891371011734,-0.243158757686615,-0.10462959110736847,-0.1724330484867096,0.11084868013858795,-0.09263823181390762,0.01839325949549675,-0.014168847352266312,-0.04072553664445877,0.02967870980501175,-0.027287662029266357,0.2306729555130005,-0.2801690995693207,0.03750954195857048,-0.34459543228149414,-0.019622614607214928,-0.061408914625644684,0.03491872176527977,0.013171559199690819,0.07440976053476334,0.20445120334625244,0.11897259205579758,-0.04005875065922737,-0.07872086018323898,0.02317568100988865,-0.1454712301492691
-0.22161240875720978,0.09722917526960373,-0.15562964975833893,-0.03191312402486801,-0.14535711705684662,-0.09427924454212189,0.1422872394323349,0.1417199671268463,0.16166873276233673,-0.051966533064842224,0.03888537734746933,-0.050712767988443375,-0.28048112988471985,0.11960580945014954,0.04224006459116936,-0.005548920948058367,-0.05318981409072876,-0.12203089147806168,0.2840501368045807,-0.23980861902236938,-0.04350109398365021,0.030585670843720436,-0.13911032676696777,0.0543493889272213,0.23523207008838654,0.3590852618217468,-0.16574758291244507,0.15823358297348022,0.1341661512851715,-0.149857759475708,-0.2155354768037796,0.2152249664068222,-0.004214117769151926,0.023010144010186195,0.010606629773974419,-0.02384701743721962,-0.14895540475845337,0.10165735334157944,-0.01595376990735531,-0.06438887119293213,0.16268788278102875,0.15381917357444763,-0.20231443643569946,-0.1190352514386177,0.03585782274603844,0.09836763143539429,0.2540685534477234,-0.1685580462217331,0.08724872022867203,0.04493909701704979
-0.015757599845528603,0.017173875123262405,0.06237396225333214,0.13819749653339386,-0.18738389015197754,0.18873603641986847,0.07988898456096649,-0.02392362430691719,-0.17172347009181976,-0.08215514570474625,0.07862792164087296,-0.05071128159761429,0.14625892043113708,-0.06637194752693176,-0.04747873917222023,0.027597712352871895,0.08711518347263336,0.01461766753345728,-0.1919993758201599,0.1283205896615982,-0.1605769246816635,-0.05366338789463043,-9.313526970800012e-05,-0.28329694271087646,0.1170489639043808,0.09937102347612381,0.2817743718624115,-0.012190541252493858,0.17733360826969147,-0.1582566797733307,0.34764349460601807,0.22218114137649536,-0.019046179950237274,0.10225988179445267,-0.06132454425096512,-0.016523659229278564,-0.03610708564519882,-0.06275053322315216,0.1372867375612259,0.011039132252335548,0.2270587533712387,0.11008816957473755,0.19800403714179993,0.17867104709148407,-0.24483759701251984,0.06963732093572617,-0.33234524726867676,-0.06401224434375763,-0.31224051117897034,-0.26088520884513855
-0.09667128324508667,-0.159516379237175,0.08852646499872208,0.06840167194604874,0.0017389225540682673,-0.19472923874855042,0.004560121800750494,-0.03682464733719826,0.2619948387145996,-0.19823169708251953,0.048059675842523575,0.012127455323934555,-0.018834421411156654,0.1992289274930954,0.009426192380487919,0.029821345582604408,-0.1916610300540924,0.32066500186920166,0.26264452934265137,-0.07574085146188736,0.08371099829673767,0.14839407801628113,-0.0771501362323761,-0.06681326776742935,0.15590012073516846,-0.14064954221248627,0.11713969707489014,0.07263197749853134,0.15680009126663208,-0.09807023406028748,-0.12657959759235382,0.025991499423980713,0.20578184723854065,0.13250255584716797,-0.10604843497276306,0.027364568784832954,-0.0047904266975820065,0.11018604785203934,0.15854166448116302,-0.14235176146030426,0.003141378052532673,0.0131828086450696,0.16644775867462158,0.03903534635901451,0.2094781994819641,-0.058739352971315384,-0.02374028041958809,0.2141861915588379,-0.06313223391771317,-0.009294495917856693
0.24439577758312225,0.22463922202587128,0.09974118322134018,-0.41282278299331665,-0.02133442461490631,0.10325905680656433,0.25028038024902344,-0.06906940042972565,0.1071251928806305,0.08174361288547516,0.09814410656690598,-0.0688108429312706,0.060268256813287735,-0.29307079315185547,-0.054662298411130905,0.10431178659200668,0.16000977158546448,0.1701240986585617,0.09930476546287537,0.23224453628063202,-0.17769160866737366,0.07552404701709747,-0.003880491014569998,0.034969259053468704,0.03337502107024193,-0.06712830066680908,-0.05634109303355217,-0.03341655805706978,0.015811126679182053,0.3036097288131714,-0.11434098333120346,-0.035029087215662,-0.05077272653579712,0.0515768900513649,-0.1223740428686142,0.053243350237607956,0.30336475372314453,0.011170187965035439,0.25780153274536133,0.09845536947250366,-0.14677603542804718,-0.3273564577102661,-0.17433790862560272,0.01560189574956894,-0.25929585099220276,-0.08536738157272339,-0.1983424723148346,-0.09636564552783966,-0.24644926190376282,-0.019863324239850044
-0.11840517818927765,0.08833743631839752,-0.04625483974814415,0.1083008199930191,-0.011481569148600101,0.19932298362255096,-0.036542609333992004,-0.07153842598199844,-0.07881936430931091,-0.33540114760398865,0.06325890123844147,-0.0378509946167469,-0.13598081469535828,-0.21598665416240692,-0.21317629516124725,0.02322082594037056,0.015926657244563103,-0.11895882338285446,-0.29283180832862854,0.10482211410999298,0.024283157661557198,-0.22165322303771973,0.03947298973798752,-0.305257111787796,-0.013934374786913395,-0.031178828328847885,0.06391628086566925,-0.07171089947223663,0.21860644221305847,-0.20246683061122894,0.2270926684141159,-0.028911808505654335,0.01862965151667595,0.03285406157374382,-0.07315145432949066,0.22050297260284424,-0.14784908294677734,0.05171886458992958,0.23335383832454681,0.021798355504870415,0.18738965690135956,0.14545321464538574,-0.14894120395183563,-0.05007709190249443,-0.16552990674972534,0.16485127806663513,-0.14629293978214264,-0.0026385318487882614,0.22413954138755798,0.15336140990257263
0.10013895481824875,-0.1959371417760849,0.024720871821045876,-0.06629977375268936,0.16751328110694885,-0.22613181173801422,0.0191902257502079,-0.07892182469367981,0.267370343208313,0.04248310253024101,0.08450368791818619,0.08312056958675385,0.15513141453266144,-0.16258442401885986,-0.005562299862504005,0.27741631865501404,0.1323709338903427,0.10987783968448639,0.023298636078834534,0.12390514463186264,0.13287267088890076,-0.04484939947724342,-0.14426687359809875,0.037160132080316544,-0.1356581151485443,0.0528118833899498,0.12287838757038116,0.035854414105415344,0.06538550555706024,0.07382313907146454,0.009171096608042717,0.21211755275726318,-0.029086271300911903,0.20810846984386444,-0.07011093944311142,0.1573568731546402,0.12793013453483582,0.0047447229735553265,-0.049653731286525726,0.15644016861915588,0.1606305092573166,0.08317194879055023,0.18989895284175873,0.06717000156641006,-0.17088164389133453,0.40450018644332886,-0.10530176758766174,0.04764019325375557,-0.027827152982354164,-0.10936950147151947
-0.025997739285230637,0.19637691974639893,-0.18198122084140778,-0.06997014582157135,-0.0636615976691246,-0.2132512927055359,0.1179163008928299,-0.19974614679813385,-0.31856510043144226,-0.15680690109729767,-0.07806169241666794,-0.07387675344944,0.011425342410802841,0.0014565982855856419,-0.12678909301757812,0.1165573000907898,0.20271818339824677,0.034981876611709595,0.007184959016740322,-0.0889294221997261,-0.3878267705440521,0.19754691421985626,0.046145983040332794,-0.12358687072992325,0.04354841634631157,-0.07609140872955322,0.10022643208503723,-0.2904702126979828,-0.16868536174297333,-0.15730133652687073,-0.0037341099232435226,0.03985206037759781,0.04673263803124428,0.13814570009708405,0.10023249685764313,0.18415939807891846,-0.09840019792318344,0.056230586022138596,-0.03097042813897133,-0.2020512819290161,0.1430473029613495,0.1756543666124344,0.18666954338550568,-0.03443996235728264,0.2258727252483368,0.14748147130012512,0.16006684303283691,0.1768970638513565,0.20420418679714203,0.14795248210430145
0.14136642217636108,0.11342040449380875,0.049032364040613174,-0.18973250687122345,-0.1278596669435501,-0.1753089427947998,-0.01716369204223156,-0.019892077893018723,-0.1605115383863449,0.16408182680606842,-0.09488378465175629,0.20320117473602295,-0.15527208149433136,-0.10586750507354736,0.12692533433437347,0.03451837971806526,0.07769650965929031,0.18807077407836914,-0.22855748236179352,0.09907176345586777,-0.14276447892189026,0.06671111285686493,0.18779036402702332,0.160272017121315,-0.2015703022480011,-0.11385907977819443,-0.08397771418094635,-0.20052631199359894,-0.05434860289096832,0.0599353089928627,0.11626461148262024,-0.10185831040143967,0.25013887882232666,0.1173570305109024,0.13223259150981903,-0.2007131725549698,-0.09654995054006577,-0.0061018443666398525,-0.06696963310241699,0.0025968209374696016,0.14669384062290192,-0.1743803322315216,-0.16298508644104004,-0.3059917092323303,-0.13828204572200775,-0.014182175509631634,0.10098620504140854,-0.1432386189699173,-0.17692652344703674,-0.3575667440891266
-0.21619972586631775,-0.052534397691488266,-0.060492727905511856,-0.27446767687797546,0.1130240261554718,-0.06429536640644073,0.24129360914230347,-0.10006030648946762,-0.1646653413772583,-0.19495618343353271,-0.07596680521965027,0.06899911165237427,0.05272157862782478,-0.13730789721012115,-0.16973212361335754,0.009980055503547192,-0.04972689226269722,-0.04224443808197975,-0.0061335014179348946,0.01905767247080803,0.3031875789165497,-0.15320630371570587,0.033631857484579086,-0.013307798653841019,0.0474717952311039,0.31873565912246704,-0.16071932017803192,-0.26317721605300903,-0.06938677281141281,-0.19530433416366577,0.134821817278862,-0.18054407835006714,0.11942876130342484,0.22657546401023865,0.03923856467008591,0.13917705416679382,0.14696192741394043,-0.0030084862373769283,-0.03350597992539406,0.22144857048988342,-0.04572977498173714,0.08406848460435867,-0.13631954789161682,-0.10622427612543106,-0.07099100202322006,-0.19600343704223633,0.07760174572467804,-0.1324893683195114,0.06551212817430496,-0.1801036298274994
-0.12006435543298721,0.08923440426588058,-0.15410950779914856,-0.11792165040969849,-0.05698397755622864,0.16432501375675201,-0.010998819023370743,0.10382124036550522,-0.052355509251356125,-0.024234013631939888,0.1969466358423233,-0.17070971429347992,-0.11263871192932129,0.07318001240491867,-0.09122689068317413,0.11079216748476028,-0.11802288144826889,0.18125993013381958,-0.08540603518486023,-0.07658606022596359,0.05436922237277031,-0.09992273151874542,-0.11313223838806152,0.09624633938074112,0.08828340470790863,-0.03081468679010868,-0.0401749387383461,0.038647353649139404,-0.1334567666053772,0.13495312631130219,0.05082540959119797,-0.033779822289943695,0.027973240241408348,0.1528846025466919,-0.07824572920799255,0.2932354211807251,-0.22172270715236664,0.11348862200975418,0.20294000208377838,-0.079792320728302,0.17764246463775635,0.05488281697034836,0.23234690725803375,0.09113439917564392,-0.1484023779630661,0.04417485371232033,0.17211468517780304,-0.15201632678508759,0.02568296529352665,-0.11210030317306519
-0.16591793298721313,0.14285103976726532,-0.052410826086997986,-0.03491140902042389,-0.08592639863491058,-0.05680983513593674,0.11772585660219193,0.07987688481807709,0.10118884593248367,-0.020672906190156937,0.15105052292346954,0.1161055788397789,0.08520239591598511,0.02321128360927105,0.07731647789478302,-0.14667373895645142,-0.0813235267996788,0.05136241018772125,0.01967673748731613,-0.24647055566310883,0.08747267723083496,-0.20052890479564667,-0.006430356297641993,0.09688956290483475,0.10064136981964111,-0.021761493757367134,0.12992924451828003,0.18516474962234497,0.18615314364433289,-0.10824473947286606,0.20716801285743713,0.04652079939842224,0.1357242912054062,0.20424780249595642,-0.22300805151462555,0.15638521313667297,0.3069990873336792,-0.16229738295078278,0.011823143810033798,0.16252289712429047,-0.03307998552918434,0.07116912305355072,0.014909475110471249,-0.08621717989444733,-0.2041187733411789,0.1280754804611206,0.17730513215065002,-0.012829141691327095,0.16202248632907867,0.06578923761844635
0.20594553649425507,0.010446978732943535,-0.07674562186002731,-0.2016512155532837,-0.09931090474128723,-0.03697211295366287,-0.11309170722961426,-0.2944888770580292,0.08612711727619171,-0.05545791611075401,-0.12221962213516235,0.15267109870910645,-0.16920752823352814,-0.07653261721134186,-0.18130695819854736,-0.31521672010421753,-0.19383136928081512,-0.15431056916713715,-0.11810684949159622,0.1045457273721695,-0.2216797024011612,-0.00759779242798686,-0.11883100122213364,0.12408808618783951,-0.25166067481040955,-0.09340378642082214,0.06304707378149033,0.1102994978427887,-0.13073015213012695,0.048559609800577164,0.06554853171110153,-0.004070613533258438,-0.06359793245792389,0.0773322656750679,0.07669845223426819,0.10669904947280884,-0.015809256583452225,-0.16676384210586548,-0.04553922638297081,0.15962721407413483,-0.08821439743041992,-0.1942610740661621,-0.11035539954900742,-0.005871247965842485,0.012316741049289703,-0.007154845166951418,-0.022788213565945625,-0.03894548863172531,-0.14431560039520264,-0.0893399715423584
-0.19306352734565735,0.042231954634189606,0.041661009192466736,-0.06833437830209732,-0.08879012614488602,-0.06334827095270157,-0.18665136396884918,0.08102131634950638,-0.021231329068541527,0.16358494758605957,-0.1483534276485443,-0.074757419526577,-0.1846500039100647,0.22300653159618378,0.0770934522151947,0.018552936613559723,-0.14907999336719513,-0.1282704621553421,-0.05936316400766373,-0.07781784236431122,0.14719638228416443,-0.10993415862321854,-0.16871410608291626,-0.06052304431796074,0.16328924894332886,0.3367134630680084,-0.07808305323123932,0.15185073018074036,0.2965869605541229,-0.08345968276262283,-0.2750718295574188,-0.1509479135274887,0.31971827149391174,0.04719165340065956,0.02030898630619049,0.07245495915412903,0.08968781679868698,0.16057367622852325,0.18464532494544983,0.04017728567123413,-0.021780667826533318,-0.2706945538520813,-0.027886658906936646,-0.008219212293624878,0.12795139849185944,0.03539832681417465,-0.17174497246742249,0.1112280935049057,-0.01930098980665207,0.03752350062131882
-0.1667252480983734,0.3161831498146057,0.31338390707969666,-0.047386445105075836,-0.15930944681167603,-0.05008341744542122,-0.0609189011156559,0.05862429365515709,0.0623546801507473,-0.23623009026050568,-0.022723784670233727,0.22685298323631287,0.1396140307188034,-0.22778211534023285,0.004924479406327009,0.1991584151983261,0.10840335488319397,-0.03494387865066528,-0.01706528291106224,-0.12212229520082474,-0.09680061787366867,-0.18146733939647675,-0.07635482400655746,-0.18309378623962402,-0.0919061154127121,-0.3448539078235626,-0.09585489332675934,0.24292929470539093,-0.12789183855056763,0.0793209820985794,-0.0008795869653113186,0.09376987814903259,-0.17280124127864838,0.08487094193696976,0.12031728029251099,-0.10974673181772232,-0.008058211766183376,-0.07008086889982224,-0.01744711771607399,-0.09920226037502289,-0.08815710246562958,0.138095885515213,0.029726136475801468,-0.16849690675735474,-0.15882200002670288,-0.06257694214582443,-0.04685048758983612,0.22598440945148468,-0.004666369874030352,-0.014202502556145191
-0.32712221145629883,-0.2829231023788452,-0.2836039066314697,0.2688288986682892,-0.05297033488750458,0.1009865328669548,0.2004832774400711,-0.027149688452482224,0.016821477562189102,0.03243463486433029,-0.08084678649902344,0.02795765921473503,0.005176085978746414,0.05226770415902138,-0.01608455739915371,-0.01468890905380249,0.09707871824502945,0.08966183662414551,-0.09074148535728455,-0.039205122739076614,-0.03480619192123413,0.025388332083821297,-0.11082980781793594,-0.05694250762462616,-0.03000488318502903,0.27210819721221924,-0.11764883995056152,0.004271042998880148,-0.006384462583810091,0.09659160673618317,0.06960471719503403,-0.17427828907966614,0.040041208267211914,-0.1905294805765152,-0.07264168560504913,-0.1834203600883484,-0.1698175072669983,-0.25333088636398315,0.1256778985261917,-0.05728206783533096,0.16878148913383484,-0.006948166526854038,0.06827705353498459,-0.009773154743015766,0.12177988141775131,0.16420242190361023,-0.10943682491779327,0.17148645222187042,-0.04076610505580902,0.1492997705936432
-0.14156191051006317,0.07026088237762451,-0.0019061288330703974,0.02587069384753704,0.3020644783973694,-0.013945315033197403,0.015806404873728752,0.061683353036642075,0.033466886729002,-0.050017450004816055,0.10859936475753784,0.1087934821844101,-0.0854826495051384,-0.10726848989725113,0.06898300349712372,0.01665036380290985,0.027485612779855728,0.10872267186641693,-0.13591529428958893,-0.1258717179298401,0.2312435358762741,0.006716142874211073,-0.2224469929933548,0.18145470321178436,-0.10103924572467804,0.12046699970960617,-0.18848063051700592,0.005199615377932787,0.1383429318666458,0.17125007510185242,0.19904664158821106,0.014082346111536026,0.07326328754425049,0.021718723699450493,0.07477187365293503,-0.015855422243475914,0.04414883255958557,0.18057335913181305,0.12420561164617538,-0.07479818165302277,-0.0218658447265625,0.14079904556274414,-0.09477454423904419,0.07191571593284607,-0.004170799627900124,0.061077870428562164,-0.1850665956735611,0.1727764904499054,0.07134009897708893,0.13599079847335815
0.2899731993675232,0.09641707688570023,-0.0027203024365007877,0.31367167830467224,-0.13449570536613464,-0.14895093441009521,-0.08385578542947769,-0.3208485245704651,-0.2239379584789276,0.06156125292181969,-0.017518416047096252,0.07811044156551361,0.06885610520839691,-0.004803935531526804,-0.18437597155570984,0.019605334848165512,-0.18439994752407074,-0.20803533494472504,0.13304048776626587,-0.1828453242778778,0.14199668169021606,0.0652388259768486,0.25358518958091736,-0.18416814506053925,0.13453511893749237,-0.18883593380451202,-0.13614214956760406,0.1797093152999878,-0.03340248763561249,-0.001720061874948442,0.1350972205400467,0.13431620597839355,-0.017191365361213684,0.052753087133169174,-0.06635916978120804,-0.020632954314351082,-0.14243541657924652,0.2273322492837906,-0.12699337303638458,0.02544287033379078,0.031232859939336777,-0.10843595862388611,-0.16735386848449707,0.08319694548845291,0.1319734901189804,0.026214459910988808,-0.0844172015786171,-0.0037609718274325132,0.06278171390295029,0.21504202485084534
0.07250995188951492,-0.0015950793167576194,-0.1056952029466629,-0.03884994983673096,-0.206960067152977,0.00803498737514019,-0.10214128345251083,0.17245937883853912,-0.014765487052500248,0.14374935626983643,0.12971408665180206,-0.18716102838516235,0.17928510904312134,0.03378231078386307,0.07585195451974869,0.010129009373486042,0.2367563098669052,-0.1925870180130005,-0.12650415301322937,0.1877693384885788,-0.1899893432855606,-0.14681664109230042,0.056073520332574844,-0.013809253461658955,-0.23852162063121796,-0.268582284450531,-0.01408441737294197,0.2749030590057373,0.21884965896606445,0.029758261516690254,-0.2129005789756775,-0.15974177420139313,-0.06644803285598755,-0.029999298974871635,-0.15650460124015808,0.13279317319393158,-0.16455405950546265,-0.09292236715555191,-0.12659616768360138,0.05046961084008217,0.04224776476621628,0.05971106141805649,-0.2108314484357834,-0.09604278206825256,0.12199699878692627,-0.012268745340406895,0.006462160963565111,-0.06964398920536041,-0.0075676641426980495,0.035546958446502686
-0.07828611135482788,0.05465932935476303,0.014210490509867668,-0.0042691524140536785,-0.062037769705057144,0.055923428386449814,0.18248583376407623,-0.08009016513824463,0.03377394750714302,-0.031033026054501534,0.16146862506866455,0.09248103946447372,-0.2423388808965683,-0.007312902249395847,-0.11434920877218246,-0.10367350280284882,0.17960813641548157,-0.043181050568819046,0.046912625432014465,0.10611741244792938,-0.002410027664154768,-0.03285786509513855,0.18603560328483582,-0.06870526075363159,-0.01588294841349125,-0.11891765147447586,-0.01591186597943306,0.015444532036781311,-0.1447572261095047,-0.03749401494860649,0.18499119579792023,0.019957834854722023,0.14746861159801483,0.10106616467237473,-0.08334312587976456,-0.15674372017383575,0.05720207840204239,-0.012108875438570976,0.007544936146587133,-0.028280295431613922,-0.3419087827205658,0.0047152359038591385,-0.1347786784172058,-0.30761778354644775,0.02210872806608677,0.06838423758745193,-0.00023374531883746386,0.08920563012361526,0.07721327990293503,-0.01129296887665987
0.05449788644909859,-0.2917594015598297,-0.013659962452948093,0.23204007744789124,-0.004713000264018774,-0.1630096137523651,0.023806093260645866,-0.056850217282772064,0.08681301027536392,-0.10455510765314102,0.06335439532995224,0.06814097613096237,0.1523262858390808,-0.0935874804854393,0.1722107231616974,-0.2149955779314041,0.1675710529088974,-0.20334172248840332,-0.011283042840659618,-0.10999883711338043,0.09400355070829391,0.2907330393791199,-0.08395957946777344,-0.199787899851799,0.08974292129278183,-0.050038181245326996,0.019374022260308266,-0.14561647176742554,0.2419804334640503,0.0940021425485611,-0.09962520003318787,-0.09908649325370789,0.2083314210176468,-0.015919260680675507,-0.15905563533306122,0.1513756662607193,-0.0910206288099289,-0.07151148468255997,-0.06399966776371002,0.11462914943695068,0.0956457257270813,0.04697849974036217,0.2831290662288666,-0.08552902191877365,-0.09272406250238419,-0.15827399492263794,0.13886576890945435,-0.07443401962518692,-0.058553267270326614,0.09078044444322586
-0.15447284281253815,0.1917378306388855,0.009391214698553085,0.22133073210716248,0.21493548154830933,-0.1446067839860916,-0.023429647088050842,0.11542894691228867,-0.11719883233308792,-0.1971677988767624,-0.10246974229812622,0.1963752806186676,-0.17862485349178314,0.15786738693714142,-0.13570767641067505,-0.0070017059333622456,-0.3013530373573303,0.15210753679275513,0.045837096869945526,0.12953753769397736,0.10616879165172577,-0.31057918071746826,0.021784331649541855,-0.09618550539016724,0.1242627277970314,0.16016003489494324,-0.2244032770395279,-0.20124705135822296,0.14117510616779327,0.19496531784534454,-0.18229031562805176,-0.13947147130966187,-0.1470092386007309,-0.0330231711268425,-0.2880464494228363,0.1814286708831787,0.19646219909191132,0.1936713457107544,-0.02311393991112709,0.36625975370407104,-0.10213372856378555,0.2591788172721863,0.011028441600501537,0.18775975704193115,-0.0022335373796522617,-0.1005525141954422,-0.2300727665424347,-0.18426033854484558,0.1910349428653717,0.2745745778083801
0.07340120524168015,-0.058513324707746506,0.11317737400531769,-0.04992326721549034,0.07321872562170029,-0.19023853540420532,-0.0033670447301119566,0.1575290858745575,0.0981416255235672,0.12509369850158691,0.18094980716705322,-0.05604538694024086,0.14283894002437592,-0.03526366874575615,-0.03378167748451233,-0.1287546455860138,-0.23423664271831512,-0.05316660553216934,-0.16026082634925842,-0.2452046126127243,-0.023918982595205307,0.03178577497601509,-0.0002148912608390674,0.26613152027130127,0.20865613222122192,-0.027043268084526062,0.15178897976875305,0.07629119604825974,0.07204350084066391,-0.13070131838321686,-0.0224130991846323,-0.18590116500854492,-0.03968971595168114,-0.022184031084179878,-0.1643601655960083,-0.15264928340911865,-0.0015330370515584946,-0.13949687778949738,0.3238304555416107,0.1007474809885025,-0.11288230121135712,-0.05666312575340271,-0.15450456738471985,-0.06739407032728195,-0.14379194378852844,0.016186892986297607,0.16585111618041992,0.046412017196416855,0.10291771590709686,-0.14452320337295532
-0.20554512739181519,0.12962746620178223,0.1845908761024475,0.0602462962269783,-0.2497485727071762,0.09919215738773346,0.14943189918994904,-0.13077737390995026,0.0069836704060435295,-0.15543191134929657,0.2059328705072403,0.10908301919698715,-0.02519463747739792,-0.04409073665738106,0.049280375242233276,0.15183714032173157,-0.2651815414428711,0.05575671046972275,-0.30213725566864014,0.12123555690050125,-0.1798401027917862,-0.21708479523658752,-0.22676748037338257,-0.06298918277025223,-0.08548684418201447,0.10418815910816193,0.24575616419315338,-0.0601181797683239,0.08465530723333359,0.18435294926166534,-0.07482151687145233,0.17956478893756866,0.012330246157944202,-0.06447210907936096,-0.001278989831916988,0.0734158530831337,-0.17607742547988892,0.002567471005022526,0.20340195298194885,0.0975332260131836,0.050448689609766006,0.22338010370731354,-0.2509506940841675,0.23192198574543,0.07131379842758179,-0.059330303221940994,0.025571433827280998,0.1539565771818161,0.14560271799564362,0.15308348834514618
0.17990320920944214,0.33802035450935364,0.26817893981933594,-0.22159725427627563,-0.05329649895429611,0.0632341280579567,-0.13220812380313873,-0.19569921493530273,-0.16542096436023712,0.017270132899284363,-0.23953913152217865,-0.121140256524086,-0.13134704530239105,0.08498205989599228,-0.015486089512705803,-0.20238839089870453,0.028184885159134865,0.17966003715991974,0.09444105625152588,0.08167967945337296,-0.146549254655838,0.20197202265262604,0.052764780819416046,-0.2659684419631958,-0.09725967794656754,0.2674255669116974,-0.08947654068470001,-0.16090944409370422,-0.20113316178321838,-0.10017473995685577,-0.04128532111644745,-0.03322708606719971,0.1683657318353653,-0.04246872663497925,0.19857940077781677,0.17559842765331268,0.2161780446767807,0.20199087262153625,0.18917594850063324,0.27133262157440186,0.15961037576198578,0.012717059813439846,-0.052335042506456375,-0.17189763486385345,-0.07762739062309265,0.17612133920192719,0.14315344393253326,-0.2990231513977051,-0.18458671867847443,-0.045776113867759705
-0.20546762645244598,0.09061382710933685,-0.22714124619960785,0.0005893142661079764,0.3165719509124756,0.07875245064496994,0.08133973926305771,-0.027955705299973488,-0.08981554955244064,0.10506691783666611,0.13761073350906372,0.06035369262099266,0.09398049861192703,-0.029562581330537796,0.10138951241970062,-0.2537246644496918,0.054434895515441895,0.07027404755353928,0.016112951561808586,-0.0017628141213208437,0.20011082291603088,-0.004124467261135578,0.06768683344125748,0.037761956453323364,0.23841744661331177,-0.11703726649284363,-0.0007224836735986173,0.22029335796833038,-0.022975575178861618,0.0692717432975769,-0.0452767014503479,-0.07376855611801147,-0.1718980371952057,0.11699987202882767,0.11514408141374588,-0.07325014472007751,-0.23231811821460724,-0.05698123946785927,0.15808433294296265,0.1871143877506256,0.06733934581279755,0.21899299323558807,-0.13053184747695923,0.004389971029013395,-0.004367769230157137,0.10223665833473206,-0.04003068804740906,-0.18903377652168274,0.18645986914634705,0.31354448199272156
0.09670137614011765,-0.033152781426906586,0.2429972141981125,0.16253609955310822,-0.12735001742839813,-0.1031719297170639,0.12019772827625275,0.3091907501220703,0.23749606311321259,-0.1769036501646042,0.20499613881111145,-0.15984851121902466,-0.0943887010216713,0.18698301911354065,0.1557055562734604,0.028657326474785805,-0.16696332395076752,0.2328670173883438,0.11903363466262817,0.02200254797935486,0.037393227219581604,0.007233625277876854,0.018271276727318764,-0.1344311535358429,0.07451198250055313,0.17342735826969147,0.16967037320137024,-0.014864408411085606,-0.09923986345529556,0.018428470939397812,0.0958525761961937,-0.13455945253372192,0.3557761311531067,-0.05411098897457123,-0.04067384824156761,0.03303249180316925,0.028521645814180374,-0.32310378551483154,0.21566830575466156,-0.101783387362957,-0.07402753829956055,-0.29700013995170593,-0.0657162144780159,-0.00820850022137165,0.09230534732341766,-0.00933730136603117,0.25701388716697693,-0.16446846723556519,-0.2262810319662094,-0.17800384759902954
0.1752573549747467,-0.1096789538860321,0.03862513229250908,-0.10265431553125381,0.09602966904640198,-0.10882192850112915,0.039778999984264374,0.05515627935528755,-0.3009614944458008,-0.10502111911773682,0.14356859028339386,-0.1789916455745697,-0.31402847170829773,-0.12136908620595932,0.12025032937526703,0.0976148173213005,-0.2863848805427551,0.0006128977984189987,-0.12260445952415466,-0.08594153821468353,-0.0600658543407917,0.08334492146968842,-0.11011746525764465,0.007846346125006676,0.081552654504776,-0.02804180048406124,0.025778261944651604,-0.16408643126487732,-0.040281958878040314,-0.008928272873163223,-0.018876783549785614,0.2071768343448639,0.22083216905593872,0.1618696004152298,0.31272512674331665,0.031381119042634964,0.2436174750328064,-0.08634616434574127,-0.0008890325552783906,0.38589125871658325,0.0652027353644371,0.08035396039485931,-0.13008897006511688,0.018155572935938835,-0.1796792596578598,0.1718626469373703,-0.2503826916217804,-0.2249479442834854,0.2271348088979721,0.12812386453151703
-0.04923689737915993,0.19064490497112274,0.32637855410575867,0.00147665711119771,-0.06669849902391434,0.11765953153371811,-0.11223810911178589,0.03605286031961441,0.13861992955207825,-0.02884465828537941,0.14569953083992004,-0.2001151442527771,0.1153334379196167,-0.04309450834989548,0.13839717209339142,-0.0584230050444603,-0.08998651057481766,-0.0034631395246833563,0.11634239554405212,0.11945639550685883,-0.026401590555906296,0.20822298526763916,0.096605584025383,-0.0558440200984478,-0.17137828469276428,0.19012366235256195,0.11446245014667511,-0.11372216790914536,-0.007670710328966379,-0.25608375668525696,0.03542191907763481,-0.10314690321683884,0.04413555562496185,-0.11053190380334854,-0.1454744040966034,-0.0757124274969101,0.19783543050289154,-0.14109940826892853,-0.15292368829250336,-0.17956353724002838,0.19024012982845306,0.087637759745121,-0.04206698387861252,0.037691209465265274,0.09018167853355408,-0.06367935240268707,-0.386229932308197,-0.06703423708677292,0.013442094437777996,0.10933978110551834
-0.15691602230072021,0.015684882178902626,-0.15731048583984375,-0.1428375393152237,0.17860472202301025,-0.14552587270736694,0.09908537566661835,-0.06936822831630707,-0.16030021011829376,0.2498418390750885,-0.11044943332672119,-0.0050942800007760525,-0.09891335666179657,-0.18517041206359863,0.16128474473953247,-0.0031477019656449556,-0.24050797522068024,-0.3092218041419983,-0.17835895717144012,0.10301601886749268,-0.08932949602603912,-0.3301056921482086,-0.03325663506984711,0.10053683817386627,-0.1713426262140274,0.06722738593816757,-0.020181551575660706,-0.16357716917991638,0.15674643218517303,-0.02934410236775875,-0.17330680787563324,0.09104141592979431,-0.14121773838996887,-0.07727155834436417,0.10329093039035797,-0.03833817318081856,-0.1290440857410431,-0.0038440017960965633,-0.07380169630050659,-0.12593244016170502,-0.12727972865104675,-0.08875134587287903,-0.12815117835998535,-0.2611285448074341,0.013498415239155293,0.05927345156669617,0.24707691371440887,-0.014183126389980316,0.14242345094680786,-0.06693334877490997
-0.07530727982521057,-0.14104107022285461,-0.043788421899080276,0.04953581839799881,0.059872280806303024,0.0016443184576928616,0.13409355282783508,0.1488688737154007,-0.007981299422681332,0.1478051096200943,-0.11375468224287033,-0.1992531269788742,-0.025143735110759735,0.2638985216617584,0.06356880068778992,-0.3122311234474182,0.13084375858306885,0.09362690150737762,-0.08366832882165909,-0.05658276751637459,0.27244052290916443,-0.027400624006986618,-0.26877954602241516,0.02478404901921749,-0.16107384860515594,0.00797309074550867,-0.06480363011360168,0.12113134562969208,0.056602828204631805,0.07098179310560226,0.1538342982530594,0.16348855197429657,-0.07682784646749496,0.24104364216327667,-0.11670572310686111,-0.12091414630413055,-0.10320401936769485,-0.23692408204078674,0.01974010095000267,-0.22336231172084808,-0.3267150819301605,-0.16071227192878723,0.10041981935501099,0.08615726977586746,-0.24037428200244904,-0.02337171509861946,-0.25217244029045105,0.25612953305244446,0.05650839954614639,-0.0073561700992286205
0.02336607500910759,0.011240758933126926,0.2937752604484558,0.08649008721113205,-0.08729033917188644,0.02160288579761982,0.005588130559772253,-0.13469195365905762,-0.25540927052497864,0.16914083063602448,-0.13685622811317444,-0.1862851083278656,0.16513413190841675,-0.15518143773078918,0.12826494872570038,0.07581834495067596,-0.21451336145401,-0.15018820762634277,0.06537007540464401,0.06490691006183624,0.09575045108795166,-0.045054323971271515,-0.29572972655296326,-0.010171904228627682,0.10559320449829102,0.01326597947627306,-0.14405550062656403,-0.03675483539700508,0.13057689368724823,-0.014003411866724491,0.03779616206884384,-0.037956353276968,0.09761513769626617,0.09482487291097641,-0.14900575578212738,-0.17827485501766205,-0.053674422204494476,0.17901548743247986,0.2140299528837204,0.09795916825532913,-0.02310027740895748,0.007263156585395336,0.04997633770108223,0.16094380617141724,-0.06417553126811981,-0.1378227025270462,-0.003465105313807726,0.03499509021639824,-0.030509963631629944,0.11776383221149445
