0.01477691251784563,0.11055798828601837,0.06262633204460144,-0.07515627890825272,-0.11790816485881805,0.08030834794044495,0.009534552693367004,0.15997599065303802,0.17277275025844574,-0.13220420479774475,-0.09657131135463715,0.18604719638824463,-0.07153397053480148,-0.044055160135030746,-0.04340672492980957,-0.040528975427150726,-0.07376161217689514,0.10164809226989746,-0.2064625769853592,-0.1877611130475998,0.08945507556200027,0.11767037957906723,-0.005479530896991491,-0.2850160598754883,0.062004171311855316,-0.15783630311489105,-0.07657621800899506,-0.07300584763288498,-0.06352238357067108,-0.10251715779304504,0.06323335319757462,0.12497168034315109,-0.08280222862958908,0.06234489753842354,-0.07419908046722412,0.27244970202445984,0.07948210835456848,0.029402296990156174,0.2144143432378769,-0.04421008750796318,-0.12363982200622559,-0.0010206821607425809,-0.04871676489710808,0.011045129969716072,0.2728714346885681,-0.03265644982457161,-0.01671561412513256,0.04531154781579971,-0.03270145133137703,-0.09452277421951294
-0.043080609291791916,0.08977115899324417,-0.1523393988609314,0.059136297553777695,-0.09386777877807617,-0.10333851724863052,-0.11640947312116623,0.19060470163822174,-0.16792762279510498,0.18708941340446472,0.04448629543185234,0.12993760406970978,-0.00037713098572567105,0.07114969938993454,0.045941971242427826,0.10299220681190491,-0.05447276681661606,-0.18502046167850494,-0.09986366331577301,0.33634570240974426,-0.012063838541507721,-0.32976779341697693,-0.06452237069606781,0.14983481168746948,-0.07385474443435669,-0.10107418149709702,0.009072504937648773,-0.08127302676439285,0.08845032006502151,-0.2236681878566742,-0.08711524307727814,0.04710117727518082,0.08971506357192993,-0.08583027869462967,0.038590505719184875,-0.09392832219600677,-0.016371306031942368,-0.08407755941152573,-0.08369357883930206,0.024328572675585747,0.035459112375974655,0.13361398875713348,-0.18597495555877686,-0.2612190246582031,-0.2188536375761032,0.12044982612133026,-0.029115496203303337,0.13521051406860352,0.027333006262779236,-0.11941659450531006
0.052241627126932144,0.12012635171413422,-0.05133659765124321,-0.13426244258880615,0.02151566930115223,0.09251341968774796,-0.10870667546987534,0.18935447931289673,0.0715564712882042,0.05191631242632866,-0.05509328842163086,-0.1894637644290924,0.19652725756168365,0.015865372493863106,-0.017148591578006744,-0.1347397416830063,-0.19377775490283966,-0.1313520222902298,-0.09840088337659836,0.05379408597946167,-0.035710569471120834,0.017127126455307007,-0.1359725296497345,0.13319219648838043,0.04477165639400482,-0.04139699041843414,0.013050190173089504,-0.08612819761037827,-0.03939363732933998,-0.11191565543413162,0.2172747701406479,-0.31170305609703064,0.24460047483444214,0.0002596887934487313,0.08929719775915146,-0.2410706877708435,0.10703101009130478,-0.1609169989824295,0.10293205827474594,0.1637658327817917,-0.06601553410291672,0.23162050545215607,0.16866876184940338,0.06864635646343231,0.07965563237667084,-0.006933590397238731,0.09586823731660843,-0.11818081140518188,-0.015297042205929756,0.2256125956773758
-0.1394704282283783,-0.10190455615520477,-0.2844178080558777,-0.07319874316453934,-0.21873873472213745,-0.09444400668144226,0.18047645688056946,-0.030622731894254684,-0.0016333549283444881,-0.0010705427266657352,-0.09628871828317642,-0.06883742660284042,-0.09400781244039536,0.008648023009300232,0.05829933285713196,0.02987215667963028,-0.0875871554017067,0.05756165087223053,0.23815996944904327,-0.08165626227855682,-0.18741367757320404,-0.24606731534004211,0.0600026436150074,0.11786440759897232,-0.10618803650140762,0.16847702860832214,-0.06626945734024048,0.18868428468704224,-0.20876573026180267,0.005358938127756119,0.10287942737340927,0.03240923583507538,0.1607922911643982,-0.015018693171441555,0.04488644003868103,-0.1181340143084526,-0.042522355914115906,-0.10278501361608505,0.09469744563102722,0.043803125619888306,0.14746329188346863,-0.19048947095870972,0.12260745465755463,-0.21479059755802155,-0.1819494515657425,-0.010035322047770023,-0.1330430954694748,-0.002609206596389413,0.05076080188155174,-0.09874004870653152
-0.08397088944911957,0.06874380260705948,-0.19888344407081604,-0.12021677941083908,0.08980333060026169,-0.08926493674516678,-0.057618699967861176,0.07677232474088669,-0.16820932924747467,0.09885035455226898,0.26906654238700867,0.03549106419086456,0.0232191514223814,-0.028847871348261833,-0.1402103751897812,-0.11638619750738144,0.003732437500730157,0.09034230560064316,-0.09477585554122925,-0.07289077341556549,0.17763645946979523,-0.0427384115755558,0.17612631618976593,-0.0903787761926651,0.16823506355285645,0.008531447499990463,0.135554701089859,0.050679273903369904,-0.19354772567749023,0.10632793605327606,-0.058350905776023865,0.21034380793571472,0.0911150872707367,-0.13299958407878876,0.17688661813735962,-0.18279197812080383,0.13381606340408325,0.1567794382572174,-0.003343460848554969,0.08735650032758713,0.016200780868530273,0.08572841435670853,-0.09492865204811096,-0.0675411969423294,-0.03161344677209854,0.05181296914815903,-0.05449806898832321,-0.16616161167621613,0.13694927096366882,-0.12341863662004471
-0.017038505524396896,0.0849500298500061,0.17242559790611267,0.11143267899751663,-0.10847614705562592,0.08073396980762482,0.11728870868682861,0.2401680052280426,0.1569330245256424,-0.09886521100997925,-0.0887376144528389,0.07805052399635315,-0.08485402911901474,-0.09624557942152023,-0.10806894302368164,-0.0367405042052269,0.3608199954032898,-0.02401382476091385,-0.0705535039305687,0.05365148186683655,-0.10272365808486938,0.05265537276864052,-0.0729040652513504,0.17005720734596252,-0.034538671374320984,-0.08209110051393509,0.2783222198486328,-0.0155259370803833,-0.04830975830554962,-0.04148075729608536,-0.10766547918319702,0.059225860983133316,0.09800957888364792,-0.21983540058135986,0.09945821762084961,-0.1746482253074646,-0.010447271168231964,0.08395757526159286,0.10340883582830429,0.002825462492182851,-0.2080734223127365,-0.18555773794651031,-0.12717314064502716,0.020898373797535896,-0.22686882317066193,0.26580193638801575,-0.07112380117177963,0.22184090316295624,0.14492855966091156,0.12896646559238434
-0.2130410075187683,0.06946747750043869,0.015165045857429504,0.13550545275211334,0.06960176676511765,0.09778368473052979,-0.12523548305034637,-0.07106313854455948,-0.028144029900431633,0.20090489089488983,0.06594080477952957,0.035189323127269745,0.26148319244384766,-0.16960705816745758,-0.2649639844894409,0.31037241220474243,-0.004983220249414444,-0.02627410925924778,-0.11254129558801651,-0.02092866040766239,0.0543736107647419,0.06256495416164398,0.003989135846495628,0.09110430628061295,-0.18830963969230652,-0.11701364070177078,0.27998992800712585,0.05881888046860695,-0.024384962394833565,0.25867679715156555,0.0005912021733820438,-0.08751778304576874,-0.2110130339860916,0.0621383860707283,-0.01893901638686657,0.13146354258060455,-0.2838955819606781,0.19067546725273132,0.008516729809343815,0.05797991901636124,-0.037370383739471436,0.0539717823266983,-0.14132903516292572,0.15831829607486725,0.02555806376039982,0.048581864684820175,-0.00800853781402111,-0.14102183282375336,0.184770867228508,-0.05404117330908775
-0.23035229742527008,0.266009658575058,-0.0984061062335968,-0.019312165677547455,0.05511314421892166,-0.1674913763999939,0.20338760316371918,-0.07831474393606186,-0.09076473116874695,-0.10493385791778564,0.1861932873725891,0.06763692945241928,0.18514131009578705,0.07933546602725983,-0.19888144731521606,-0.1819067746400833,-0.10494133830070496,-0.04727964848279953,0.08332110941410065,-0.07673650234937668,-0.22295720875263214,0.14563575387001038,0.18613483011722565,-0.24667921662330627,-0.013129829429090023,0.020853323861956596,0.06965439021587372,-0.22749970853328705,0.18823058903217316,-0.10454216599464417,-0.06443512439727783,-0.14473919570446014,-0.03676341101527214,-0.07213130593299866,-0.18372899293899536,-0.29306498169898987,-0.16820889711380005,0.04364512115716934,0.05268078297376633,-0.07002338021993637,0.017404960468411446,0.11619623750448227,0.21882891654968262,0.04479283466935158,0.15919680893421173,0.009444983676075935,0.09834922105073929,0.0010105179389938712,0.2064419984817505,0.27100902795791626
-0.07122272998094559,-0.0866997167468071,0.16135671734809875,-0.18157924711704254,-0.08547971397638321,0.0020251453388482332,-0.07481677085161209,-0.22901055216789246,0.06490032374858856,-0.11441495269536972,0.07916910946369171,0.010504464618861675,-0.05261902138590813,-0.07448762655258179,0.16649800539016724,0.012491216883063316,0.10358758270740509,0.23948244750499725,-0.16985459625720978,0.006927273236215115,-0.08668643981218338,-0.20968006551265717,0.22242099046707153,-0.1048990786075592,-0.15453748404979706,-0.0017455026973038912,-0.23049324750900269,0.22616004943847656,0.06455196440219879,-0.09242508560419083,-0.04569270461797714,-0.09775349497795105,0.016942575573921204,-0.17127005755901337,-0.1153295561671257,0.34843599796295166,-0.027505435049533844,-0.038501039147377014,-0.009753630496561527,0.19137291610240936,0.06467902660369873,0.301444947719574,-0.059869859367609024,-0.19058141112327576,-0.13108119368553162,0.2926051914691925,0.014433183707296848,-0.15901201963424683,-0.012801219709217548,-0.25153717398643494
-0.08381298184394836,-0.09015598893165588,0.06115188077092171,0.06601741164922714,-0.10062743723392487,-0.008410876616835594,0.011201078072190285,-0.04950624331831932,-0.1769104152917862,-0.1613665223121643,-0.28523609042167664,0.1641334742307663,0.01886475458741188,0.0627794861793518,-0.11164478212594986,0.023371752351522446,-0.04885738715529442,0.10527213662862778,0.17125539481639862,-0.1867106407880783,0.029743431136012077,-0.15529868006706238,-0.13869695365428925,-0.12498334050178528,-0.06744346767663956,-0.045407939702272415,-0.21215927600860596,0.00280210399068892,-0.22949454188346863,0.07394538074731827,-0.015436048619449139,0.075707346200943,0.03779255971312523,0.16094684600830078,-0.0976305603981018,0.18733957409858704,-0.12069787085056305,-0.16897854208946228,-0.007743779569864273,-0.14777301251888275,0.14464877545833588,-0.06244180351495743,0.09186649322509766,0.11968497931957245,-0.09791313111782074,-0.007357113063335419,0.37972164154052734,0.06128106266260147,-0.09991182386875153,-0.2860857844352722
0.22245487570762634,0.3109862208366394,-0.12289902567863464,-0.16215163469314575,0.16820767521858215,0.12507465481758118,-0.22734208405017853,-0.29783177375793457,-0.30458396673202515,0.02037138305604458,0.16290488839149475,0.18586517870426178,-0.024929435923695564,0.06482385843992233,-0.04574088379740715,0.0028969726990908384,-0.181463822722435,0.275556355714798,-0.12500011920928955,-0.24165533483028412,0.039863649755716324,-0.03581490367650986,-0.049691639840602875,0.1009245291352272,-0.20863211154937744,0.20397284626960754,-0.23217421770095825,-0.07263384759426117,-0.07795731723308563,0.19926372170448303,-0.06919576972723007,0.08390644937753677,0.2340547889471054,-0.02134065330028534,-0.08895942568778992,-0.08745186030864716,0.12503552436828613,-0.39668595790863037,0.014557582326233387,-0.1593133509159088,-0.34924009442329407,-0.009128275327384472,-0.030629564076662064,-0.146654412150383,-0.1627195030450821,0.0004931213334202766,-0.030034229159355164,0.12624482810497284,-0.038999415934085846,-0.017198912799358368
0.18637539446353912,0.0790930986404419,0.17037464678287506,0.1177557185292244,-0.17452672123908997,-0.10500340908765793,0.015587246045470238,-0.09144137054681778,0.014031022787094116,-0.1330089122056961,-0.2167225331068039,0.03860391303896904,-0.1817692369222641,0.17772021889686584,-0.09785532206296921,0.14210641384124756,0.047577232122421265,-0.005205538589507341,0.1529407948255539,-0.11981739848852158,0.27673089504241943,0.22456175088882446,-0.12739971280097961,-0.0031834160909056664,-0.05146794393658638,0.21867643296718597,0.06802017986774445,0.11427513509988785,0.15383237600326538,-0.053365308791399,-0.11764676868915558,0.142954483628273,0.06967730075120926,-0.17680677771568298,0.0016125560505315661,0.07248049974441528,0.20536069571971893,0.10859653353691101,0.24424371123313904,-0.20953047275543213,0.249372661113739,-0.028049955144524574,-0.1375894844532013,0.09076674282550812,0.062155917286872864,-0.062383707612752914,-0.2985682189464569,-0.2026958465576172,0.09892582893371582,-0.13470254838466644
0.1469457447528839,0.08819806575775146,-0.09044886380434036,-0.1673521250486374,-0.007082320284098387,0.14318233728408813,0.06824442744255066,0.07148157060146332,-0.1955498456954956,0.22946766018867493,-0.04002095386385918,-0.07294908910989761,0.014206580817699432,-0.037551190704107285,-0.18597997725009918,0.0775492936372757,-0.019361793994903564,0.28989264369010925,0.04769342765212059,0.17993766069412231,-0.19315168261528015,-0.28062859177589417,0.10572084784507751,-0.19667789340019226,0.2432727813720703,-0.016531335189938545,-0.12210684269666672,0.018997354432940483,-0.03752882406115532,-0.14727003872394562,0.23996776342391968,-0.07761752605438232,-0.11863889545202255,0.007618905510753393,-0.20288173854351044,-0.04894598573446274,0.14606672525405884,0.048617977648973465,-0.06579853594303131,-0.21647454798221588,0.12613222002983093,0.077382393181324,-0.13831758499145508,0.08617836236953735,0.057853683829307556,0.24590721726417542,0.26246199011802673,-0.138296440243721,-0.12156916409730911,0.04818641021847725
-0.16969560086727142,0.2439960241317749,0.01556717325001955,0.02678564563393593,-0.07809415459632874,0.035950228571891785,-0.017298437654972076,-0.07277745008468628,0.0008441079990006983,0.36269018054008484,0.09207819402217865,0.022392768412828445,0.06304293125867844,0.03974168002605438,0.08800818026065826,0.11727778613567352,-0.173350527882576,-0.18878714740276337,0.06845536082983017,0.06106259673833847,0.17215844988822937,0.17187750339508057,-0.12574496865272522,-0.18562757968902588,0.04381629079580307,0.01891854964196682,0.000146142061566934,-0.051238272339105606,0.09835553169250488,0.01760018803179264,0.1225639134645462,0.07383334636688232,-0.030878309160470963,-0.10760470479726791,-0.0263595599681139,0.1202835813164711,-0.115921750664711,-0.13200877606868744,-0.04977589100599289,0.09786384552717209,0.05961953103542328,0.053808074444532394,0.0687817856669426,-0.054824184626340866,-0.14826475083827972,-0.0023026408161967993,-0.1781332939863205,0.18295297026634216,-0.06382372975349426,-0.0658409520983696
-0.1748172491788864,0.08996190130710602,0.2984189987182617,-0.11255872994661331,0.04134906083345413,0.005631119944155216,0.18678154051303864,-0.19951967895030975,0.055763520300388336,-0.06290742754936218,-0.09851934015750885,-0.12343022227287292,-0.2623277008533478,0.20669542253017426,0.03744806349277496,0.06442421674728394,-0.08810168504714966,0.12931489944458008,0.03215597942471504,0.010403476655483246,-0.08665298670530319,0.29535025358200073,-0.10536659508943558,-0.03824152797460556,-0.3546091914176941,-0.2648938298225403,0.1834203153848648,-0.11161093413829803,0.009373538196086884,0.020525002852082253,-0.18956835567951202,-0.22748616337776184,-0.14014394581317902,0.12931309640407562,0.005528127774596214,-0.0018994362326338887,0.022023377940058708,0.07834469527006149,-0.21049009263515472,0.2659829258918762,0.2871955335140228,-0.029651857912540436,-0.0734759196639061,-0.09391409903764725,-0.0476115345954895,-0.012301324866712093,-0.08931498974561691,-0.1596662551164627,0.20278306305408478,0.17495088279247284
0.02168549783527851,0.21072427928447723,-0.2518429458141327,0.1340791881084442,0.18428823351860046,-0.04802680388092995,0.037039440125226974,0.03028494492173195,0.06524574756622314,0.3438000977039337,0.14245156943798065,0.05541981756687164,-0.04068693146109581,-0.275056928396225,-0.08981050550937653,-0.18659502267837524,0.19333642721176147,-0.05780600756406784,-0.045542772859334946,-0.12397701293230057,0.29697203636169434,-0.14208951592445374,-0.011716829612851143,-0.21564996242523193,-0.12199042737483978,-0.05022647604346275,0.11706520617008209,-0.18290752172470093,0.069444939494133,-0.10097549855709076,-0.1307942420244217,-0.10981984436511993,-0.20800180733203888,-0.11915931105613708,-0.067853644490242,0.11518260836601257,0.10077552497386932,0.016058627516031265,-0.05538760870695114,-0.04078654572367668,-0.02799147553741932,0.04075613617897034,-0.09500729292631149,0.0811193510890007,0.16119618713855743,-0.061333220452070236,0.044113460928201675,-0.012772174552083015,0.2239363193511963,0.19229581952095032
0.17432886362075806,-0.26961585879325867,-0.1612328290939331,-0.24553082883358002,-0.08956442773342133,0.038813963532447815,-0.1726343035697937,0.08074499666690826,0.303943932056427,-0.10449202358722687,0.06318052858114243,0.13327468931674957,0.2591530978679657,0.15217135846614838,0.2922544479370117,0.13075047731399536,-0.08346208930015564,0.043122053146362305,-0.028984883800148964,-0.03007649816572666,0.27322790026664734,-0.22416427731513977,0.16064226627349854,-0.07817240804433823,0.0792689397931099,0.014189470559358597,0.061430323868989944,0.11047165840864182,-0.11231357604265213,-0.1926642209291458,-0.11305249482393265,0.13420754671096802,0.05979111045598984,0.1689101755619049,-0.08127433061599731,-0.062140364199876785,0.028596527874469757,-0.21308496594429016,-0.01950952596962452,-0.04800037667155266,-0.04744245111942291,-0.05604442209005356,0.13590377569198608,0.00401996960863471,-0.17569087445735931,0.09103965759277344,-0.01743876002728939,0.05242650955915451,-0.011954939924180508,0.06594198942184448
-0.18046097457408905,-0.32785743474960327,-0.08323023468255997,0.03374138101935387,-0.02033410407602787,-0.04707809537649155,-0.15363985300064087,0.1386992186307907,-0.02072322741150856,-0.1578931361436844,0.08429396152496338,0.1978076994419098,0.26631948351860046,-0.08151086419820786,0.0010319361463189125,0.2092459797859192,0.22019784152507782,-0.12161485105752945,-0.051343899220228195,-0.0917535349726677,-0.17588724195957184,0.1608256697654724,-0.014327813871204853,-0.05120646581053734,0.13569311797618866,-0.02860286831855774,0.1990765780210495,-0.21828871965408325,0.29245564341545105,-0.12689681351184845,-0.17784105241298676,0.12776203453540802,-0.24462242424488068,0.1302051991224289,0.06810058653354645,0.09723532199859619,-0.07372692227363586,0.1668144315481186,0.22937317192554474,-0.043529435992240906,0.3587602376937866,-0.31864121556282043,-0.05427789315581322,0.30492284893989563,-0.05144169554114342,-0.016688667237758636,-0.08672395348548889,0.13796626031398773,-0.0411483459174633,0.05486438050866127
0.019293569028377533,-0.0371096096932888,0.0477699413895607,-0.005998149514198303,-0.01763887144625187,0.06419599056243896,0.3453182280063629,-0.08961177617311478,0.0869021862745285,0.02917005494236946,-0.20223721861839294,-0.2582069933414459,-0.2619730532169342,-0.13877055048942566,-0.16766656935214996,-0.13073500990867615,-0.0091063492000103,-0.280201256275177,0.13846950232982635,-0.06726418435573578,0.2909632623195648,0.035111986100673676,0.164246067404747,0.24474944174289703,-0.14923270046710968,0.11577140539884567,-0.0034157615154981613,0.023905089125037193,0.21197737753391266,0.08944007754325867,0.029876314103603363,0.08034877479076385,-0.024570763111114502,0.08067691326141357,0.09357613325119019,0.034552447497844696,0.06894879043102264,-0.06687547266483307,0.08120241016149521,0.16298983991146088,0.15798017382621765,-0.0193060003221035,0.1376987099647522,0.0065606143325567245,-0.11947589367628098,0.008794285356998444,-0.1395598202943802,-0.05656517669558525,-0.038234028965234756,0.21335460245609283
-0.22924160957336426,-0.23714971542358398,0.10552556812763214,-0.021319767460227013,-0.33801430463790894,0.1082812175154686,-0.10015442222356796,0.22050103545188904,0.05493870750069618,0.006588389631360769,0.061048462986946106,0.0738939642906189,-0.21886329352855682,0.29502514004707336,-0.029934342950582504,-0.03929219767451286,-0.0639195516705513,0.16981665790081024,0.17253394424915314,-0.13819511234760284,-0.23839883506298065,-0.035080570727586746,0.10080596059560776,0.3015732765197754,0.034024618566036224,0.28207260370254517,-0.031213507056236267,0.15595489740371704,-0.20395976305007935,0.0347972996532917,-0.12758328020572662,0.18560098111629486,-0.012039758265018463,0.12545287609100342,-0.03897978365421295,-0.08499620854854584,0.007921992801129818,0.09267295151948929,-0.1191503182053566,-0.12006676942110062,0.1399531066417694,0.013104239478707314,0.09067550301551819,0.06756731122732162,0.017529722303152084,-0.3619571328163147,-0.12187130749225616,-0.053523991256952286,0.22205497324466705,0.04493405297398567
0.047036148607730865,0.04472661763429642,0.14372532069683075,-0.1143178939819336,-0.19452731311321259,-0.014301729388535023,-0.11468962579965591,-0.12953606247901917,-0.03131120651960373,-0.005811694078147411,0.17787253856658936,0.1640920341014862,0.12495485693216324,0.1686294972896576,-0.0957883670926094,0.04762932285666466,0.13029323518276215,-0.17233210802078247,-0.05770326033234596,0.13790516555309296,0.06562264263629913,-0.1299477517604828,-0.01194394938647747,-0.1347425878047943,0.1826440393924713,-0.2560134828090668,-0.008446799591183662,0.13690784573554993,0.016951080411672592,-0.36359885334968567,0.0018635719316080213,0.1381681114435196,-0.04285336658358574,-0.12991738319396973,0.04646461829543114,-0.2205195128917694,-0.07583692669868469,0.006985521875321865,-0.04677893966436386,0.2649029791355133,-0.07833582907915115,-0.06099962443113327,0.029724368825554848,0.21826818585395813,0.08681616187095642,-0.2815084755420685,0.1277269572019577,0.046748045831918716,0.3151995539665222,-0.09637237340211868
0.02673535794019699,-0.2168688327074051,0.11222950369119644,-0.05937488004565239,-0.16232410073280334,-0.03484545648097992,-0.01769072376191616,0.03125520423054695,0.08079084008932114,-0.08146049082279205,-0.020871195942163467,-0.2605314552783966,0.14282245934009552,0.048827365040779114,0.056416165083646774,0.1286170929670334,0.024656515568494797,0.038223762065172195,-0.06830274313688278,0.13858366012573242,-0.1948414295911789,-0.10015009343624115,-0.00468207523226738,0.10551746934652328,-0.025147967040538788,0.014101383276283741,0.06489718705415726,0.2548145651817322,-0.07880790531635284,0.21482811868190765,-0.2263760268688202,0.04327407479286194,-0.012099312618374825,-0.008263207040727139,0.10235556960105896,-0.2122589498758316,-0.17836704850196838,-0.13950809836387634,0.12476016581058502,-0.10090373456478119,-0.09996876120567322,-0.13852545619010925,-0.06678212434053421,0.029030652716755867,-0.20454922318458557,-0.2652384042739868,0.17508158087730408,0.05133133754134178,0.07308179140090942,0.13601405918598175
-0.022623136639595032,-0.07024464756250381,-0.31930971145629883,0.0051915887743234634,0.11600056290626526,0.08241790533065796,0.2923245429992676,0.18084251880645752,-0.07999787479639053,0.026740210130810738,-0.23473568260669708,0.043639108538627625,0.17581744492053986,-0.07588699460029602,-0.3307308256626129,0.09897369891405106,0.35044482350349426,0.09475261718034744,-0.2695501744747162,0.22725403308868408,-0.010815901681780815,0.02601053938269615,-0.14665378630161285,-0.23270320892333984,0.22223277390003204,-0.32894137501716614,-0.07636678218841553,-0.2099471539258957,0.08239567279815674,0.02690761350095272,-0.00483338488265872,-0.23720142245292664,-0.31950893998146057,-0.05097724497318268,-0.22468091547489166,0.0626809224486351,-0.22438526153564453,-0.08345182985067368,-0.1444840282201767,-0.06532441079616547,-0.06735684722661972,0.23021955788135529,-0.1274743378162384,-0.056147195398807526,0.032769832760095596,0.23036235570907593,0.15816481411457062,0.011404167860746384,0.13963793218135834,-0.11938150972127914
-0.06194373220205307,0.02217310667037964,0.09370280802249908,-0.08130142837762833,0.23547305166721344,-0.10011555999517441,-0.2501959800720215,-0.15813902020454407,-0.034002549946308136,-0.08286964148283005,-0.041078370064496994,0.1975071132183075,-0.09026745706796646,0.25249984860420227,0.24789206683635712,-0.34477928280830383,-0.005187294911593199,0.023948244750499725,-0.13563208281993866,-0.18967296183109283,0.13107246160507202,0.008346599526703358,0.059578895568847656,0.03490749001502991,0.3332929313182831,-0.009473276324570179,0.08465755730867386,0.08960691094398499,0.08745840936899185,-0.26331594586372375,-0.22351711988449097,0.13856354355812073,0.32139185070991516,0.1902649700641632,0.035271596163511276,-0.2472555786371231,0.005514372605830431,0.04191858321428299,0.19338269531726837,-0.14583976566791534,0.14986100792884827,0.002409734297543764,0.12734472751617432,0.13782401382923126,-0.185020312666893,0.11537651717662811,-0.3767659366130829,0.054671112447977066,-0.17889003455638885,-0.08912583440542221
-0.12048494815826416,-0.027078060433268547,-0.06295481324195862,0.16582411527633667,0.03604036197066307,-0.048828430473804474,0.05575774237513542,0.022593308240175247,-0.003973446320742369,0.038652896881103516,0.11643590033054352,-0.07660211622714996,0.17898361384868622,-0.012912954203784466,-0.14739911258220673,-0.22390706837177277,0.09723786264657974,-0.1067502573132515,-0.10568871349096298,-0.01863892190158367,0.0974527895450592,0.04714516922831535,0.20993642508983612,-0.03855821117758751,-0.10868208110332489,0.05164887011051178,0.06653986871242523,0.12467005103826523,-0.06411527097225189,-0.036529649049043655,0.12297534197568893,-0.221321702003479,-0.044525451958179474,-0.034638646990060806,-0.014720493927598,-0.27895233035087585,0.01756737194955349,-0.21040232479572296,-0.32802557945251465,-0.16298751533031464,-0.0014340189518406987,-0.09126528352499008,-0.01541182678192854,-0.02957124449312687,0.09670103341341019,-0.18077336251735687,-0.09437661617994308,-0.006411007605493069,0.12663421034812927,0.03853781893849373
-0.2631046175956726,0.30271703004837036,0.1945401132106781,-0.008393174968659878,0.07827184349298477,0.05272877961397171,-0.011878857389092445,-0.018508633598685265,0.07830154895782471,-0.14518938958644867,-0.03949054703116417,-0.12897057831287384,-0.04812011867761612,0.22595374286174774,-0.16914889216423035,-0.18957805633544922,0.005159772001206875,0.06721900403499603,0.08687484264373779,0.09502654522657394,0.020401980727910995,0.14054445922374725,0.10976739972829819,0.014765582978725433,-0.2621951699256897,0.03678109496831894,-0.09336499124765396,0.05049927905201912,-0.06921881437301636,0.026380764320492744,0.06852409243583679,-0.2650960683822632,-0.09771827608346939,-0.14230354130268097,0.20211121439933777,0.2785561680793762,0.005327669437974691,-0.2919546365737915,-0.09591318666934967,0.1470896154642105,0.10041853040456772,0.24240417778491974,0.04816172644495964,-0.09349380433559418,0.2205401062965393,-0.10292419046163559,-0.16449905931949615,0.005839421879500151,-0.08613511174917221,0.11393678933382034
0.06927391141653061,0.3257776200771332,-0.04346653074026108,-0.12896673381328583,0.1667412519454956,-0.15073542296886444,0.08981969207525253,0.18318858742713928,0.2280806005001068,0.12345026433467865,-0.06899379193782806,0.16413003206253052,-0.029531491920351982,-0.21513748168945312,0.02308596298098564,-0.08370978385210037,-0.07763609290122986,0.014444485306739807,0.06082717701792717,-0.14593346416950226,0.10874821990728378,0.11623131483793259,-0.3112295866012573,0.10322873294353485,0.23800326883792877,-0.025669878348708153,-0.13322634994983673,-0.12560410797595978,0.017248213291168213,-0.23118805885314941,0.22133485972881317,-0.16578519344329834,-0.34526070952415466,-0.020884906873106956,0.09431678801774979,0.029622750356793404,-0.09310842305421829,0.09988719969987869,0.22656379640102386,-0.19815704226493835,-0.028514394536614418,0.17088675498962402,-0.2003551572561264,0.28370141983032227,-0.10086594521999359,0.0746401771903038,0.41577842831611633,0.14398632943630219,0.11282727122306824,0.08811621367931366
0.11525408923625946,0.16767439246177673,-0.1478615403175354,-0.20261432230472565,0.09052784740924835,0.18703921139240265,-0.10621452331542969,0.015066544525325298,0.21861054003238678,-0.06827285885810852,0.12751446664333344,0.11722841113805771,-0.15328507125377655,-0.24472841620445251,0.15477722883224487,-0.06993222236633301,0.09567753970623016,-0.1103379875421524,0.016509640961885452,-0.1239585280418396,-0.026813199743628502,0.17432373762130737,0.19106964766979218,-0.20761671662330627,0.18252380192279816,0.08552045375108719,0.08474957197904587,-0.009670696221292019,0.005151219200342894,0.3030945360660553,0.1348010152578354,-0.17446385324001312,-0.2276444435119629,-0.16584910452365875,0.19083192944526672,-0.01392571534961462,-0.02844146266579628,0.06346714496612549,0.09563709795475006,-0.37514516711235046,0.06246846169233322,-0.048084646463394165,0.09608720242977142,-0.015162130817770958,-0.11100328713655472,-0.04014040157198906,-0.17019113898277283,0.06987131386995316,-0.12486602365970612,-0.14264343678951263
-0.05920977517962456,0.08827627450227737,0.06446120142936707,0.011882517486810684,0.04663785174489021,0.05431803688406944,-0.12303907424211502,-0.06242426484823227,-0.08067607134580612,0.0860261470079422,-0.004088289104402065,0.03813954442739487,0.03218058869242668,-0.15752561390399933,0.10378511995077133,0.0007797225844115019,-0.11766573786735535,-0.18826434016227722,0.07214280962944031,-0.15923930704593658,0.030593829229474068,-0.11297404021024704,0.37081143260002136,0.09227228909730911,0.16389857232570648,0.22044071555137634,-0.10805138945579529,-0.06095028668642044,-0.10929325968027115,0.03785586729645729,-0.057217467576265335,-0.1975627988576889,-0.038974251598119736,0.14313673973083496,0.04110027477145195,-0.0915478989481926,0.0068622468970716,-0.10024011135101318,0.04564137011766434,-0.10199856013059616,-0.02176644653081894,0.014108504168689251,0.03874703496694565,-0.039839550852775574,-0.10270382463932037,0.025008777156472206,-0.07443436235189438,-0.0461442768573761,0.30203941464424133,0.08889437466859818
-0.0022842572070658207,0.0020027118735015392,0.2158443033695221,-0.03917282819747925,-0.15328572690486908,0.12665875256061554,-0.2683391571044922,0.10689345747232437,0.10188507288694382,-0.0063108764588832855,0.011325539089739323,0.08413500338792801,0.1772298812866211,0.10769293457269669,-0.018891124054789543,-0.18233804404735565,0.11590230464935303,0.057162411510944366,-0.04626550152897835,-0.16524775326251984,0.06312694400548935,-0.05871114879846573,0.03532642498612404,0.058745261281728745,0.22783638536930084,0.22504712641239166,0.20755057036876678,0.1419285535812378,0.17556416988372803,-0.10682154446840286,-0.07640213519334793,-0.03274359181523323,0.20649577677249908,0.29202303290367126,-0.14522893726825714,0.03480401262640953,-0.12622933089733124,0.2763269245624542,-0.17479541897773743,0.04122763127088547,-0.028384942561388016,-0.18625685572624207,-0.06803669780492783,0.11567217856645584,0.06304293870925903,0.005443507339805365,-0.13005150854587555,0.07735748589038849,0.132688507437706,0.1100551038980484
-0.0581420473754406,0.043395500630140305,-0.19439126551151276,0.13235045969486237,0.020515505224466324,-0.051681362092494965,-0.13419272005558014,-0.13736411929130554,-0.14385144412517548,-0.006677153054624796,0.09703439474105835,0.3505364954471588,-0.27265697717666626,0.007528324145823717,-0.03808145225048065,0.02664249576628208,0.09480690956115723,0.021389147266745567,-0.06549060344696045,0.04536508396267891,-0.14978398382663727,0.04050656408071518,-0.12030012905597687,-0.21807153522968292,0.06484667211771011,-0.10766082257032394,-0.22175933420658112,0.23905408382415771,-0.004417154472321272,-0.1578001230955124,0.20931264758110046,-0.16265524923801422,-0.1914258450269699,0.10395795851945877,0.04396189749240875,-0.11325235664844513,0.1518050730228424,0.1148139238357544,0.19342738389968872,0.06923750787973404,-0.0850132554769516,0.060478199273347855,0.031083224341273308,0.008558365516364574,0.006732886657118797,0.1953338086605072,0.022299882024526596,-0.05014728382229805,-0.23568354547023773,0.1563536673784256
0.11449594050645828,0.06422888487577438,-0.0021282839588820934,0.04080021753907204,-0.2654353380203247,-0.10465532541275024,-0.2403327375650406,0.048497993499040604,0.011148965917527676,-0.11844012141227722,0.14011403918266296,0.19673287868499756,-0.27891600131988525,0.10019271820783615,0.10296349972486496,-0.06950071454048157,-0.10297727584838867,0.13718830049037933,-0.014589376747608185,0.2647900879383087,-0.0024191075935959816,0.03797457367181778,0.06688352674245834,-0.0004453292931430042,0.18329839408397675,0.10407751798629761,0.07776845991611481,-0.06748321652412415,-0.33378589153289795,0.37878692150115967,0.030636396259069443,0.03145422786474228,-0.00502552418038249,-0.04116439446806908,-0.08446898311376572,-0.032382749021053314,-0.23632894456386566,0.06641668826341629,0.1453792154788971,-0.0194855984300375,0.23058490455150604,-0.12164785712957382,0.11443377286195755,0.12332113087177277,-0.12664003670215607,-0.10882335156202316,0.04255687817931175,-0.050351861864328384,-0.012803698889911175,0.014954467304050922
0.040530573576688766,-0.1584315299987793,-0.13921403884887695,0.29297327995300293,0.23301541805267334,0.0772741511464119,0.24349938333034515,-0.0912974402308464,0.18489289283752441,0.2191295623779297,-0.021830668672919273,0.024566074833273888,0.06652917712926865,-0.006528798490762711,-0.1479308158159256,-0.1331356316804886,0.040900811553001404,-0.09176165610551834,-0.20485888421535492,-0.05605918541550636,0.14598707854747772,0.042258307337760925,0.13609091937541962,-0.24037466943264008,-0.24768924713134766,-0.00383382779546082,-0.06642616540193558,0.06551197171211243,-0.04881330952048302,-0.04444137215614319,0.08038584887981415,0.05876738578081131,0.010239683091640472,0.050527460873126984,0.20005810260772705,-0.0567912757396698,-0.19706369936466217,0.12489160150289536,-0.07471442222595215,-0.05392066016793251,0.023966733366250992,0.048649851232767105,-0.06334023177623749,-0.0126178665086627,0.2273017019033432,0.09674088656902313,0.011345221661031246,0.01883571781218052,-0.12052304297685623,-0.10826142877340317
0.12270157039165497,-0.3041285574436188,0.18906903266906738,0.0010846647201105952,-0.09154678881168365,-0.16445443034172058,0.0359296053647995,-0.048898182809352875,-0.1210034042596817,0.1402204930782318,-0.18169504404067993,-0.04193449020385742,0.10342668741941452,-0.13513992726802826,0.08978632837533951,-0.15851442515850067,-0.059470489621162415,0.13413570821285248,0.025535233318805695,0.19204425811767578,0.06572769582271576,0.02949943207204342,-0.04635617509484291,0.15450157225131989,0.05429308861494064,0.17081433534622192,0.20014828443527222,0.19824646413326263,0.18289335072040558,0.0513649508357048,0.1377444565296173,-0.03539583832025528,-0.206538125872612,0.1475035697221756,-0.09164749830961227,0.279663622379303,0.05093829333782196,-0.07460515946149826,0.056508492678403854,0.1983964890241623,0.093662329018116,-0.09698110818862915,-0.1830645054578781,-0.02337261661887169,-0.0603555403649807,0.10315728187561035,0.014122216030955315,0.02828611247241497,0.2668091654777527,-0.12945140898227692
0.09226805716753006,-0.11288028210401535,0.17028482258319855,0.04004248231649399,-0.02900114096701145,0.05574975535273552,-0.17848323285579681,-0.023237602785229683,-0.025026949122548103,-0.03242253512144089,0.0653679370880127,-0.04595104977488518,0.029436631128191948,-0.25016459822654724,0.1032131016254425,-0.23023448884487152,0.18818822503089905,-0.04833190143108368,0.1062585785984993,-0.006830513011664152,-0.14020149409770966,-0.03468124568462372,-0.23683865368366241,0.18094806373119354,0.23883578181266785,-0.021862510591745377,-0.1358249932527542,-0.02403680980205536,0.06588255614042282,-0.18359506130218506,-0.07400385290384293,0.17836116254329681,0.11941114068031311,-0.05260065570473671,0.2393162101507187,-0.06427089869976044,0.25249794125556946,0.2015034258365631,-0.15826770663261414,-0.1081860363483429,0.050322167575359344,0.03698571026325226,-0.20486630499362946,0.07234854996204376,0.0029854141175746918,0.08571980893611908,0.057879384607076645,-0.019034216180443764,0.1222069188952446,-0.13111832737922668
-0.1559852659702301,-0.03193750977516174,0.15085378289222717,0.04276912286877632,-0.02195262722671032,0.04881102219223976,0.1564096212387085,-0.21881020069122314,0.21516737341880798,0.13647516071796417,0.028510646894574165,0.044158075004816055,0.08261112868785858,-0.06739898771047592,0.2374948412179947,-0.030823828652501106,0.13659164309501648,0.05949641391634941,-0.14609941840171814,0.10366404801607132,0.04383255913853645,0.25252220034599304,0.33135467767715454,0.06542105972766876,0.04117291048169136,-0.2452712506055832,-0.1917700320482254,-0.23933584988117218,0.062381092458963394,-0.24064314365386963,0.021462203934788704,-0.03733356297016144,-0.06448663026094437,0.05357738211750984,0.0179460309445858,0.24103015661239624,-0.005141873843967915,-0.1492248922586441,-0.10100000351667404,0.08701292425394058,-0.0555812232196331,0.006135785486549139,0.06867878139019012,0.02566247619688511,-0.013078158721327782,0.23427535593509674,0.003959775902330875,-0.2442869395017624,-0.12978939712047577,-0.04945364221930504
0.08321689814329147,-0.15701410174369812,-0.04593804478645325,0.24375896155834198,0.1157497763633728,-0.07138627767562866,-0.14079655706882477,0.014723544009029865,-0.08744179457426071,0.06935406476259232,-0.04217452555894852,0.07751915603876114,0.014359157532453537,-0.10049591213464737,-0.14436231553554535,0.0688316747546196,-0.22573316097259521,0.10983701050281525,-0.016067257151007652,-0.011577420867979527,-0.03796849772334099,-0.21316853165626526,0.09673693776130676,-0.23776790499687195,0.22271184623241425,-0.08317464590072632,0.11976037919521332,-0.25778767466545105,-0.09816792607307434,0.1921960860490799,-0.10500344634056091,-0.0648871585726738,-0.03783433884382248,0.11253269761800766,0.14571626484394073,0.3405679762363434,0.031170807778835297,0.039949480444192886,-0.053718145936727524,-0.09895431250333786,-0.08856731653213501,0.18991787731647491,0.12993071973323822,-0.0251912921667099,-0.23581811785697937,-0.005477492231875658,-0.08806180953979492,0.032711006700992584,0.05297281965613365,0.10455217957496643
-0.08141296356916428,0.12033367902040482,-0.3308731019496918,-0.19919340312480927,0.12418709695339203,-0.04525701329112053,0.051777251064777374,0.10062750428915024,0.04014913737773895,0.14362813532352448,-0.0915006548166275,-0.03797648102045059,0.025523489341139793,-0.01750323362648487,0.21170221269130707,0.21249929070472717,0.05870172008872032,0.17370668053627014,-0.06469658762216568,0.005053080152720213,-0.09158044308423996,-0.07955901324748993,0.2061079740524292,0.040563177317380905,0.24725985527038574,-0.16807472705841064,0.0982198566198349,0.1451738029718399,0.06253695487976074,-0.09487643837928772,0.08310161530971527,-0.02765723317861557,0.1295822262763977,-0.12593059241771698,0.05742308124899864,0.2516233026981354,0.15612095594406128,0.24211110174655914,-0.04086381196975708,0.1615220308303833,-0.22529391944408417,-0.12239735573530197,0.014993607997894287,-0.057770341634750366,-0.0053587243892252445,-0.07392093539237976,0.11091441661119461,0.009458138607442379,-0.18701128661632538,-0.10277944803237915
0.036978114396333694,0.022396016865968704,0.13560982048511505,-0.1221454069018364,-0.11149707436561584,-0.15811319649219513,0.11917195469141006,-0.05999525263905525,0.14308364689350128,-0.023709598928689957,0.08047732710838318,0.05048555135726929,0.07170657813549042,-0.1330510526895523,0.0487629659473896,0.12838682532310486,-0.28863292932510376,0.04660327732563019,0.03701256215572357,0.22656281292438507,0.12465128302574158,0.2457175999879837,0.0526421032845974,0.2750985622406006,-0.19651085138320923,-0.02426321618258953,-0.059515777975320816,0.16642382740974426,0.040908947587013245,-0.18117769062519073,-0.133146733045578,-0.08911257982254028,-0.04522106051445007,-0.1487381011247635,0.007255525793880224,-0.17146490514278412,0.08180035650730133,0.014390360563993454,-0.10757961124181747,-0.15825897455215454,0.021410247310996056,-0.034861233085393906,-0.02085050940513611,0.2950601279735565,-0.039652906358242035,-0.2855043411254883,0.031137004494667053,0.04583592340350151,-0.032552387565374374,0.09666059911251068
0.2348954975605011,-0.0865761786699295,0.1375407576560974,-0.06057608127593994,0.08774888515472412,-0.004659528844058514,-0.17213375866413116,0.23820224404335022,0.23511037230491638,-0.06283609569072723,0.054458603262901306,-0.06289650499820709,0.21349085867404938,-0.2021326869726181,-0.028208233416080475,0.07892211526632309,-0.22122901678085327,-0.08534813672304153,0.054714180529117584,-0.28586259484291077,-0.04883646219968796,-0.22243613004684448,0.07078245282173157,0.04520002752542496,0.04362603276968002,0.3221284747123718,-0.134608194231987,0.0126730902120471,0.011864328756928444,-0.12394171953201294,-0.22076699137687683,-0.1013541892170906,0.16167396306991577,-0.08906335383653641,-0.11735799908638,-0.32160690426826477,0.11024453490972519,0.19443222880363464,0.0679047554731369,0.15634286403656006,0.03401137888431549,0.11316706240177155,0.20350037515163422,0.13898533582687378,0.10761119425296783,-0.025364616885781288,-0.3371349275112152,-0.25358256697654724,0.01973837800323963,-0.09501565992832184
0.13667720556259155,-0.10986562073230743,0.005408445373177528,0.16750939190387726,-0.18694448471069336,0.06081011891365051,-0.08056067675352097,-0.2741245925426483,0.11417242884635925,-0.12265387922525406,0.11356803774833679,-0.25401630997657776,-0.18808762729167938,0.05232037231326103,-0.09521304070949554,-0.06619551032781601,-0.16763879358768463,0.0027786989230662584,-0.05747026205062866,-0.14602810144424438,0.03907419741153717,-0.12724867463111877,0.07082653790712357,-0.13599997758865356,0.09414040297269821,0.10336511582136154,0.0832119956612587,-0.07739643007516861,-0.14962810277938843,0.15281540155410767,-0.18913601338863373,0.015270419418811798,-0.0701751857995987,-0.12782350182533264,0.04132010415196419,-0.09209106862545013,-0.1563650518655777,0.026816265657544136,0.1341213434934616,0.2045438587665558,0.06602195650339127,-0.11829131841659546,-0.07040827721357346,-0.10546422749757767,-0.17790746688842773,0.1392313539981842,0.13336296379566193,0.14074937999248505,0.06583410501480103,0.0618063248693943
0.1350262612104416,0.012236283160746098,0.13173720240592957,-0.1369885802268982,0.0043484000489115715,-0.09482438117265701,0.10798709094524384,0.03127523884177208,-0.15335163474082947,-0.0999458059668541,0.33380308747291565,-0.13126876950263977,0.02095651812851429,0.2357654720544815,-0.09291644394397736,-0.18486182391643524,0.03438669815659523,0.04817549139261246,-0.2430204302072525,-0.1459130048751831,0.00253695878200233,-0.379586398601532,-0.04476885497570038,-0.08699439465999603,0.03805636614561081,0.08036395907402039,0.23203931748867035,-0.1749657243490219,-0.00886343140155077,-0.31460803747177124,0.09204268455505371,0.01659552939236164,0.3247821629047394,0.11469490826129913,0.24597521126270294,-0.011276023462414742,-0.05692259967327118,0.23477645218372345,0.0968296080827713,0.05739949271082878,0.10259091109037399,-0.28470557928085327,-0.11188526451587677,-0.14232605695724487,0.038345884531736374,0.01449007261544466,-0.07525690644979477,0.22643707692623138,0.10241212695837021,-0.037009347230196
-0.08174759894609451,0.22679434716701508,0.1746303290128708,0.013524425216019154,0.28864923119544983,0.08412819355726242,-0.16891591250896454,-0.10074727237224579,-0.17028363049030304,-0.1562814861536026,-0.21099893748760223,0.05526072531938553,-0.03926031291484833,0.1871381253004074,-0.045199695974588394,0.09218823164701462,-0.07829640060663223,0.014422980137169361,-0.13676488399505615,-0.021962789818644524,-0.03238525986671448,-0.03321223333477974,-0.030600285157561302,-0.20450350642204285,0.2264510989189148,-0.06495597958564758,0.1372460275888443,-0.11332014203071594,-0.22945407032966614,-0.07130588591098785,-0.055019330233335495,-0.26520419120788574,0.013353397138416767,-0.1025647446513176,-0.26326167583465576,0.29791805148124695,-0.08195959031581879,-0.20964139699935913,-0.05997832119464874,-0.13127590715885162,0.20354557037353516,0.07572892308235168,0.14184856414794922,0.09186206758022308,0.002604314824566245,-0.11746932566165924,0.06401732563972473,0.011478078551590443,-0.17458735406398773,-0.07154397666454315
0.09074945747852325,-0.2757015824317932,-0.16277112066745758,0.056873101741075516,-0.05546017363667488,-0.18606716394424438,0.10341127961874008,-0.16480866074562073,-0.029042042791843414,-0.17221319675445557,0.24273192882537842,-0.13039542734622955,-0.07128886878490448,-0.14035262167453766,0.23619715869426727,-0.0954282209277153,0.11560226231813431,-0.08571770042181015,0.23409168422222137,-0.15364617109298706,0.047844529151916504,0.1589231640100479,-0.018604222685098648,-0.036066897213459015,0.02335425093770027,0.20320408046245575,-0.2141755223274231,-0.16918331384658813,-0.06317504495382309,0.2354201376438141,-0.03974265232682228,0.15625140070915222,0.28264033794403076,0.18881633877754211,0.0969100072979927,-0.06587402522563934,0.11819803714752197,-0.06702963262796402,0.0072685652412474155,-0.09933248162269592,-0.0018416877137497067,0.1252085119485855,-0.09565770626068115,0.09875249862670898,-0.058741651475429535,0.0028286403976380825,-0.23119452595710754,0.013220596127212048,0.21337905526161194,0.19920319318771362
0.0682184249162674,0.148813396692276,-0.026241468265652657,0.04839020222425461,-0.2680964767932892,0.10932619124650955,-0.04609927907586098,0.2858286201953888,0.039358045905828476,-0.003991992212831974,0.03620382398366928,0.06404935568571091,0.13593071699142456,0.06923193484544754,0.051227763295173645,0.17074336111545563,-0.08466976881027222,0.13287204504013062,0.13833370804786682,-0.018126145005226135,0.08547811210155487,0.0316007100045681,0.10882284492254257,0.1368977576494217,-0.026775941252708435,-0.04374055564403534,-0.18011772632598877,0.044618815183639526,0.1469324380159378,-0.14876292645931244,0.06615928560495377,-0.08338340371847153,-0.2658955752849579,0.0014130108756944537,0.044272299855947495,0.00934969075024128,-0.22411873936653137,0.1756318360567093,0.03928951174020767,-0.15688952803611755,0.01658385433256626,0.014863267540931702,-0.2496315985918045,-0.006244970019906759,-0.015629619359970093,-0.2282530665397644,0.10383046418428421,0.15308153629302979,0.0053044757805764675,-0.003532553557306528
0.0786953791975975,-0.1779344379901886,0.07616816461086273,-0.17100685834884644,0.1814432591199875,-0.03601799160242081,-0.061280395835638046,0.1476617306470871,0.1133829727768898,-0.21338118612766266,0.05157240480184555,0.25762248039245605,0.16223107278347015,0.17326967418193817,0.10249975323677063,-0.1646534502506256,-0.2418280690908432,-0.01710435003042221,-0.005378564354032278,-0.2432974874973297,-0.24406978487968445,-0.17576166987419128,0.055672962218523026,0.0661187618970871,0.10931592434644699,0.19779247045516968,0.10484112799167633,-0.09683752059936523,-0.05893358215689659,-0.0006022411398589611,0.149332657456398,0.04736035317182541,0.0225913655012846,0.048106953501701355,-0.1299876868724823,0.08232662826776505,-0.1850428283214569,-0.14305520057678223,-0.2554270029067993,0.1657208502292633,-0.04022744670510292,0.11543149501085281,-0.09012219309806824,0.13193507492542267,-0.08787510544061661,0.0012789168395102024,0.0699930340051651,-0.12993940711021423,-0.04350157082080841,-0.06617306917905807
-0.11134296655654907,-0.0027153482660651207,0.01656872034072876,-0.08262145519256592,0.27054476737976074,-0.08037684857845306,0.003698860527947545,-0.08646338433027267,0.10013114660978317,0.07494483143091202,0.1213209331035614,-0.054249752312898636,-0.013521353714168072,0.0680556371808052,-0.27904728055000305,0.06894626468420029,0.1871042102575302,-0.09541607648134232,0.2542841136455536,0.13648061454296112,0.08461008965969086,-0.1761445850133896,0.20279358327388763,0.04890579730272293,0.00022345992329064757,-0.03166621923446655,0.016228750348091125,-0.04516895115375519,-0.08992298692464828,-0.13550399243831635,0.20944654941558838,-0.19928832352161407,0.13923677802085876,0.2219141274690628,-0.08922789990901947,-0.1747812181711197,0.0029603836592286825,-0.22605830430984497,-0.17022131383419037,0.06959978491067886,0.1270912140607834,-0.019898537546396255,-0.18986834585666656,-0.04500851407647133,0.030564045533537865,-0.050624556839466095,0.10831969976425171,-0.02385483868420124,-0.17871926724910736,-0.06930315494537354
0.22825078666210175,-0.06554847210645676,0.015712562948465347,0.08049366623163223,-0.10360828042030334,-0.04429953545331955,-0.048496853560209274,0.038806281983852386,-0.006914126221090555,0.1681741327047348,0.08581504970788956,-0.04350936785340309,-0.06878427416086197,-0.20494133234024048,0.09059491753578186,0.14041092991828918,0.07453146576881409,0.1522802859544754,-0.1821458488702774,-0.14656448364257812,-0.05905446782708168,0.2769149839878082,-0.004978712182492018,-0.04330361261963844,0.27601006627082825,-0.1159847229719162,-0.219145268201828,0.08640141040086746,-0.2527078092098236,0.13100217282772064,-0.026294657960534096,-0.1789882928133011,-0.04234526678919792,0.051317352801561356,0.15622662007808685,0.12014444917440414,0.023143969476222992,0.15443545579910278,-0.17322835326194763,0.015609118156135082,-0.09967061877250671,0.012312958016991615,-0.17111153900623322,-0.0177178792655468,-0.07651623338460922,0.2696920335292816,-0.05622696876525879,0.07823816686868668,-0.17611746490001678,0.05401882529258728
0.1796264350414276,-0.24429933726787567,-0.2195424884557724,-0.0016022915951907635,0.11327695846557617,0.2049085646867752,0.05958794057369232,0.24702812731266022,0.07441116124391556,0.22253701090812683,0.19145162403583527,-0.11276795715093613,0.11775033921003342,-0.3017261326313019,-0.015625575557351112,0.07855326682329178,-0.07656027376651764,0.11584628373384476,-0.09382624179124832,0.07800405472517014,0.023823613300919533,0.038520824164152145,-0.21152451634407043,0.11776392161846161,0.020523134618997574,0.08168589323759079,0.022532084956765175,0.11953718960285187,-0.1029745489358902,0.06220049038529396,-0.04397802799940109,0.15093374252319336,-0.15134663879871368,0.1715918928384781,-0.02796642854809761,-0.24547284841537476,0.04932393133640289,0.18106500804424286,0.09958603233098984,-0.11641748994588852,-0.11518828570842743,-0.0464017391204834,-0.10646823793649673,-0.11827056109905243,-0.2865755558013916,-0.03377342224121094,0.06339773535728455,0.12214841693639755,0.24883906543254852,-0.11079467833042145
0.13401725888252258,-0.07174123823642731,0.2217511087656021,-0.025100404396653175,-0.1072402223944664,-0.18298961222171783,-0.07664955407381058,-0.05679585784673691,0.1498892903327942,-0.061546094715595245,0.09863834083080292,0.18074055016040802,0.24812206625938416,-0.09791334718465805,0.05894070118665695,0.20624269545078278,-0.07587986439466476,0.1646309494972229,-0.19970440864562988,-0.0643615648150444,-0.005730599630624056,-0.046881698071956635,0.09969036281108856,-0.03874935954809189,0.09948455542325974,0.17244869470596313,0.1208912655711174,0.11004387587308884,0.1798311024904251,-0.1745017021894455,-0.123978391289711,-0.13679438829421997,0.009255721233785152,-0.09923374652862549,-0.013884914107620716,-0.02754106931388378,-0.02410389669239521,0.1362706869840622,-0.13437406718730927,0.1398279070854187,0.07491594552993774,0.09680503606796265,-0.1372576802968979,-0.2561413049697876,-0.027140270918607712,0.1070355698466301,0.05439956858754158,0.07100788503885269,-0.11167404055595398,-0.16458997130393982
