0.006695667281746864,-0.23669672012329102,0.2813533544540405,-0.22567397356033325,-0.12383385747671127,0.004783861339092255,-0.2949860990047455,0.17405696213245392,-0.002462782198563218,0.10714878141880035,-0.02272227220237255,-0.09193913638591766,0.030228368937969208,-0.031482845544815063,0.04467831924557686,0.035979289561510086,0.4050597548484802,-0.02809731848537922,-0.010270689614117146,-0.08306413888931274,0.27992624044418335,-0.1595333367586136,-0.08417210727930069,0.25456324219703674,-0.04300086945295334,0.06996217370033264,0.031234135851264,-0.0439191609621048,0.19293032586574554,-0.32584336400032043,-0.00027965474873781204,-0.019434677436947823,0.07550158351659775,0.1464538276195526,0.18685300648212433,-0.09917484223842621,0.003960850182920694,0.05328799784183502,-0.0809936448931694,-0.15227313339710236,-0.0443284697830677,-0.23474238812923431,-0.0672353059053421,-0.09503495693206787,-0.02146126888692379,0.07780025154352188,-0.106790691614151,0.15492956340312958,-0.28505927324295044,0.06040476635098457
-0.07277952879667282,0.056539103388786316,-0.08570166677236557,0.07525226473808289,0.17647892236709595,0.2631724774837494,0.10048341751098633,0.2050945907831192,0.054514531046152115,-0.12466701120138168,0.1438748985528946,-0.13373114168643951,-0.09413782507181168,-0.0427820049226284,-0.24274031817913055,0.13577865064144135,-0.13597436249256134,0.21467284858226776,-0.22049327194690704,0.13346366584300995,-0.2906228005886078,0.05644387751817703,0.0026500881649553776,0.1187821477651596,0.09945020079612732,0.11853857338428497,0.016346022486686707,0.15862412750720978,-0.15469735860824585,-0.28844547271728516,0.10504820942878723,-0.022544197738170624,-0.009316280484199524,-0.04666811227798462,-0.10769525170326233,0.049246132373809814,0.020633405074477196,-0.003230474190786481,-0.02536792680621147,0.061921995133161545,-0.013458018191158772,-0.03559644892811775,-0.0057062688283622265,0.1480202078819275,0.14072395861148834,-0.16426900029182434,-0.15114620327949524,-0.018251962959766388,-0.21530206501483917,-0.052609190344810486
0.07671108841896057,0.08278593420982361,-0.18928050994873047,-0.37752604484558105,0.2753134071826935,-0.1644148826599121,-0.10895740985870361,0.34646591544151306,0.2143203169107437,-0.0516134537756443,0.02594721131026745,-0.15059742331504822,0.08670630306005478,0.06981940567493439,-0.02169221080839634,-0.1513647884130478,0.008360201492905617,-0.15047426521778107,-0.1059085875749588,-0.11747118830680847,0.14894671738147736,-0.06241803988814354,-0.15470676124095917,-0.15486907958984375,0.1515374630689621,-0.18601377308368683,-0.109487384557724,0.14185850322246552,0.08723219484090805,0.017589755356311798,-0.08464666455984116,0.010573774576187134,0.11220152676105499,-0.010495953261852264,0.010289057157933712,0.059240806847810745,0.0660351887345314,0.05489806458353996,-0.2703760266304016,-0.031547483056783676,0.016773942857980728,0.1379772424697876,0.07305797189474106,0.11294667422771454,-0.1713806688785553,-0.05208878591656685,-0.10445190966129303,-0.14248017966747284,0.02889479324221611,-0.14822255074977875
0.14556178450584412,-0.057836391031742096,-0.15261290967464447,0.04035767912864685,-0.03785189986228943,0.1471855789422989,0.05949418619275093,-0.283847451210022,0.06480322778224945,-0.128089040517807,-0.1620960533618927,-0.2467844933271408,-0.13483399152755737,0.14599037170410156,0.12089812755584717,-0.13679982721805573,-0.02832486666738987,0.05856616422533989,-0.020579464733600616,0.0882878229022026,-0.1717190146446228,-0.3826597034931183,-0.03863519802689552,-0.047341238707304,-0.07568731158971786,0.164664164185524,-0.233199805021286,0.1735358089208603,-0.06291188299655914,-0.000440414238255471,-0.11055120080709457,0.12452834844589233,-0.037686146795749664,0.05358438193798065,-0.07550876587629318,-0.018193522468209267,0.012004979886114597,0.1263895332813263,0.235692098736763,0.14524942636489868,0.09959255158901215,-0.15559858083724976,0.2730773687362671,-0.21143102645874023,-0.09433837234973907,-0.06495152413845062,0.2492472231388092,0.026638656854629517,-0.023619990795850754,0.007883245125412941
-0.24767416715621948,0.07262079417705536,-0.11217927932739258,-0.1692873239517212,0.03233810141682625,-0.1383785903453827,-0.05815296247601509,-0.21685205399990082,0.08032626658678055,0.03824898600578308,0.14303727447986603,0.14757485687732697,0.013595325872302055,0.2770199775695801,-0.07076780498027802,0.018777670338749886,-0.15357249975204468,-0.006046420428901911,-0.09844768047332764,0.11597441136837006,-0.05720025300979614,-0.1312679648399353,0.06462661176919937,-0.25484469532966614,-0.21226239204406738,-0.006648615933954716,0.09056240320205688,0.040468066930770874,0.10153606534004211,0.0438070073723793,-0.10326797515153885,0.142947256565094,-0.12701089680194855,-0.06350448727607727,0.19968657195568085,-0.06195177882909775,0.1313076913356781,0.1542907953262329,0.03418603539466858,-0.15451893210411072,-0.1741338074207306,0.21272926032543182,-0.4033679664134979,0.24403522908687592,0.13547945022583008,0.05264979228377342,0.003592162160202861,-0.30062586069107056,-0.03686162456870079,-0.0668797716498375
-0.09043969959020615,0.02254018373787403,-0.07097750157117844,-0.14788225293159485,-0.237070232629776,-0.22422653436660767,0.018217135220766068,-0.25318464636802673,-0.22654759883880615,-0.1583673059940338,-0.036966387182474136,0.08695725351572037,0.08894452452659607,0.012774977833032608,0.20428088307380676,0.10247722268104553,-0.07213052362203598,-0.15492229163646698,-0.02498266100883484,0.32553529739379883,0.01019228994846344,0.015846509486436844,0.1291394978761673,0.09454935044050217,0.03446940705180168,-0.047564547508955,0.007843540981411934,0.09068060666322708,-0.006764774210751057,-0.043638523668050766,-0.19345484673976898,-0.17741146683692932,-0.24109673500061035,-0.21210214495658875,-0.1502581685781479,-0.28059402108192444,-0.24371367692947388,-0.22038646042346954,-0.11250649392604828,0.1394498348236084,-0.14056532084941864,-0.023433703929185867,-0.22122055292129517,-0.13079562783241272,-0.14955522119998932,-0.2083207666873932,-0.29709452390670776,0.11456164717674255,0.2805712819099426,0.07056733220815659
-0.018829716369509697,0.021886833012104034,-0.027330944314599037,0.06958847492933273,0.23784169554710388,0.0183256808668375,0.07554924488067627,-0.0478505901992321,0.06407378613948822,0.11817615479230881,0.032809916883707047,-0.06649250537157059,0.04804826155304909,0.08726456761360168,0.13511128723621368,-0.19261938333511353,-0.14315754175186157,-0.15060777962207794,-0.1258208304643631,0.1889556497335434,0.09145446866750717,0.05658828467130661,0.011765433475375175,-0.11521308124065399,0.009243899025022984,0.06140495091676712,-0.19157516956329346,-0.2770710587501526,-0.0387985035777092,0.17314791679382324,-0.03669172152876854,0.061904918402433395,-0.25125691294670105,0.2106364518404007,-0.009465091861784458,0.062091995030641556,0.1910015493631363,-0.23203112185001373,-0.2681005895137787,0.30092179775238037,0.00764209171757102,-0.11962982267141342,-0.2190348505973816,0.08991270512342453,-0.10173224657773972,-0.12871137261390686,0.019413169473409653,0.11227276176214218,0.1535317301750183,0.029399564489722252
-0.020814264193177223,-0.15580937266349792,-0.20150020718574524,0.16420690715312958,-0.11112465709447861,-0.011829027906060219,-0.20157691836357117,-0.3171887695789337,-0.11648742109537125,0.2702515423297882,0.17310884594917297,-0.13152478635311127,-0.1258058100938797,0.04506957158446312,0.1405646800994873,0.031084183603525162,0.10612780600786209,-0.07566861808300018,0.13719286024570465,0.07115784287452698,-0.09666965156793594,0.06797752529382706,0.11175083369016647,-0.06365735828876495,-0.013569247908890247,-0.05714842677116394,-0.21605592966079712,-0.0654078871011734,0.00957639142870903,-0.015294456854462624,0.05265219882130623,-0.03011304698884487,-0.19007755815982819,-0.21092091500759125,0.22535020112991333,0.15905113518238068,-0.11722414195537567,0.17692822217941284,-0.19259189069271088,-0.3027104139328003,0.0032600851263850927,0.028928715735673904,0.04930895194411278,0.08059578388929367,0.07983625680208206,-0.06608472019433975,-0.13101093471050262,-0.11086546629667282,0.03853609785437584,-0.04434705153107643
0.049910854548215866,-0.06499127298593521,-0.02993592619895935,-0.10973426699638367,0.032504890114068985,-0.1027081310749054,0.04748658090829849,-0.1871049404144287,-0.06446868181228638,0.13389049470424652,0.06727363914251328,-0.12499798834323883,-0.2352503538131714,0.06940986216068268,0.13712646067142487,0.15142056345939636,0.03766046091914177,-0.06079627573490143,-0.036407921463251114,-0.18135404586791992,0.2560158967971802,-0.17771761119365692,0.19165322184562683,0.09797728061676025,-0.048715803772211075,0.03779440373182297,0.05520761013031006,0.14652790129184723,0.01706794835627079,0.05289095267653465,0.10830134898424149,-0.02750268392264843,0.1353439837694168,-0.1284479945898056,-0.01097127515822649,0.019696496427059174,0.048965658992528915,0.014518266543745995,0.14485502243041992,0.21854503452777863,-0.15660835802555084,-0.034198518842458725,0.006792200729250908,-0.10108731687068939,0.12782593071460724,0.30785831809043884,0.20893409848213196,0.13363038003444672,0.06828058511018753,-0.002707365434616804
-0.012233346700668335,-0.2303476780653,-0.2743644118309021,0.1384952962398529,-0.07006848603487015,0.053912460803985596,0.050263963639736176,0.05015437304973602,0.22587993741035461,-0.1893775463104248,-0.11884382367134094,0.3442479968070984,-0.29865846037864685,-0.13842687010765076,-0.01302920188754797,-0.26165756583213806,-0.08080324530601501,-0.12533029913902283,0.08670379221439362,0.044845182448625565,-0.15645042061805725,-0.0647074431180954,0.3005565106868744,0.04712120071053505,0.2570251226425171,0.08673672378063202,-0.24679696559906006,0.14478106796741486,0.3627689480781555,0.17983779311180115,0.19519515335559845,-0.09595092386007309,-0.12736214697360992,-0.030122622847557068,0.17224588990211487,-0.033315468579530716,0.1954496055841446,-0.20052684843540192,0.29808077216148376,0.054892003536224365,0.0320088155567646,-0.15416447818279266,0.12258266657590866,0.03751671314239502,-0.041738685220479965,0.08635015785694122,-0.10888276249170303,0.07602700591087341,0.16359813511371613,-0.10724849998950958
0.06403056532144547,-0.014495598152279854,-0.0884300172328949,0.012687484733760357,0.25521743297576904,0.013245350681245327,-0.057770226150751114,0.2992766201496124,-0.08125210553407669,0.07567236572504044,0.13224467635154724,-0.19051678478717804,0.1615600436925888,-0.19505895674228668,0.1366392821073532,0.19366298615932465,0.14174042642116547,0.1273411214351654,-0.06238172948360443,0.18679200112819672,0.1987844705581665,-0.14387859404087067,0.0008409981383010745,0.0022383099421858788,-0.04397467523813248,-0.09805312752723694,-0.04472670704126358,-0.048105042427778244,-0.17224226891994476,0.039444129914045334,-0.1681215912103653,0.24349436163902283,0.19743266701698303,0.06425030529499054,0.06697513163089752,-0.14755570888519287,-0.09881643205881119,0.11966521292924881,-0.1772833615541458,0.05709652602672577,0.21305973827838898,0.14899152517318726,-0.11542296409606934,0.3350237309932709,-0.05289962515234947,0.10953859239816666,-0.041341789066791534,0.06705763190984726,-0.18717904388904572,0.021029267460107803
0.24144232273101807,0.21115240454673767,-0.04343120753765106,0.09110309928655624,0.09050679951906204,-0.10285545885562897,-0.06490331888198853,-0.1619025468826294,0.10569743812084198,-0.01894363760948181,-0.15742552280426025,-0.08775782585144043,0.029554063454270363,0.27791640162467957,-0.04263634234666824,0.027261611074209213,0.13149261474609375,0.20348230004310608,-0.04709896072745323,-0.23910053074359894,0.2393295168876648,-0.04919489473104477,0.21408085525035858,0.20672355592250824,-0.058267101645469666,0.09200846403837204,0.2283450812101364,-0.09034129977226257,-0.16837282478809357,-0.10512380301952362,-0.07354450970888138,-0.15714581310749054,-0.060414597392082214,-0.36888137459754944,-0.023529252037405968,-0.04839944839477539,0.2615415155887604,0.16000987589359283,0.006945304572582245,0.03604105859994888,0.059470608830451965,0.23799864947795868,-0.22861650586128235,-0.013967882841825485,-0.0664701834321022,0.2234664410352707,-0.03100789710879326,-0.07567846029996872,-0.2886299192905426,-0.07697129249572754
-0.07152814418077469,-0.1861697882413864,-0.06404346972703934,0.06616745889186859,0.14298158884048462,-0.2701519727706909,-0.048672594130039215,-0.07734539359807968,-0.2536647617816925,-0.20176690816879272,0.2222474217414856,-0.259602814912796,-0.05987995117902756,-0.248727485537529,-0.008827648125588894,-0.1790323257446289,0.04688452556729317,0.06663382798433304,0.1876893788576126,-0.10255120694637299,0.11080674082040787,0.12123464047908783,-0.19533295929431915,0.10809629410505295,-0.17709556221961975,-0.1984109729528427,-0.013668237254023552,0.1500447541475296,0.059614863246679306,-0.255929172039032,-0.14049196243286133,0.030074797570705414,0.01884203404188156,0.04442404955625534,-0.05664125457406044,-0.22633321583271027,0.19568930566310883,-0.2476596236228943,-0.008657100610435009,0.009140868671238422,0.16139352321624756,0.22784824669361115,0.14982351660728455,-0.011616631411015987,-0.026234755292534828,0.032496195286512375,0.15045106410980225,-0.04374130442738533,-0.29038727283477783,-0.11727871745824814
-0.2620781660079956,0.04346637427806854,-0.005329919047653675,0.19969286024570465,0.18094462156295776,-0.10670220106840134,0.052694082260131836,-0.06476258486509323,0.0448446087539196,-0.0920906513929367,0.024301163852214813,-0.12643040716648102,0.03400769457221031,0.2520023584365845,-0.22442206740379333,-0.09207849204540253,-0.09058632701635361,-0.2975471615791321,-0.05532576143741608,0.07434655725955963,0.060291972011327744,0.07038821280002594,0.008331386372447014,-0.10314565151929855,0.125612273812294,0.1721692979335785,-0.13490594923496246,-0.04270315542817116,0.14511659741401672,0.19559235870838165,0.11759241670370102,0.02381323277950287,-0.031916435807943344,-0.1443629413843155,0.12419267743825912,0.07448393851518631,0.2276659607887268,0.22326399385929108,0.1101285070180893,-0.0806298702955246,-0.11223732680082321,-0.015241697430610657,-0.25518685579299927,-0.2463407814502716,0.08459333330392838,-0.039522767066955566,0.05579732358455658,0.0007516619516536593,0.12738987803459167,-0.08360951393842697
0.03445834666490555,0.08615633100271225,-0.1755989044904709,-0.0037746289744973183,0.08415978401899338,-0.11394061148166656,0.21396806836128235,0.07487638294696808,0.027927711606025696,-0.0525609627366066,-0.3308137357234955,0.11411042511463165,0.06800743192434311,-0.17248457670211792,-0.03547605127096176,0.03141691908240318,-0.286750465631485,-0.30337709188461304,0.05077468603849411,-0.0038385624065995216,0.12704738974571228,0.07644743472337723,-0.19573643803596497,0.04540957510471344,0.10386049747467041,0.10549142956733704,0.24561259150505066,-0.004332059994339943,0.10078603029251099,-0.139139324426651,0.15539339184761047,-0.08325923979282379,-0.010137622244656086,0.1968829184770584,0.030494874343276024,-0.03154541552066803,-0.200909823179245,0.20820121467113495,-0.1434832513332367,0.050060443580150604,0.04584987834095955,-0.15748871862888336,-0.1757962554693222,0.08337624371051788,-0.04701250419020653,0.014931904152035713,0.13955603539943695,0.08682569861412048,0.0076295481994748116,-0.09502646327018738
-0.20176568627357483,-0.229043111205101,0.03193873167037964,0.2259378880262375,-0.1654314398765564,-0.04224848002195358,0.08761853724718094,0.08700782060623169,-0.06952329725027084,0.10261452198028564,-0.08381877839565277,-0.0517258495092392,-0.06556178629398346,0.00946960411965847,-0.174978107213974,-0.29117152094841003,0.10892488807439804,-0.1011509969830513,-0.10702311247587204,0.1911490112543106,0.26076292991638184,-0.05580396205186844,0.03270137682557106,-0.08068961650133133,0.05234281346201897,-0.03220176324248314,0.16680748760700226,-0.08677210658788681,0.24177157878875732,-0.0955350324511528,-0.006367830093950033,-0.06724344193935394,-0.06959143280982971,0.04802974313497543,0.0593687929213047,-0.15553463995456696,-0.12747186422348022,-0.17983703315258026,-0.17095036804676056,0.2424081563949585,-0.0929986834526062,0.16529503464698792,0.10715153068304062,-0.08134949207305908,0.10304006934165955,-0.004871056415140629,0.10874556005001068,0.001963600516319275,0.15329550206661224,-0.06076569855213165
-0.0015883997548371553,0.07306575030088425,-0.0030058277770876884,-0.1750902682542801,-0.01770499348640442,0.15133136510849,-0.020487049594521523,-0.2210933119058609,-0.0747540295124054,-0.24485741555690765,-0.25398391485214233,0.028463756665587425,0.0006545344367623329,-0.006240297574549913,-0.02590867318212986,-0.268743634223938,0.22788558900356293,-0.20835372805595398,-0.10916424542665482,0.023985449224710464,0.05274531617760658,0.025715647265315056,0.04195085167884827,-0.11483816802501678,0.013637698255479336,0.06898031383752823,-0.06882322579622269,-0.28910958766937256,0.07657595723867416,0.1868821680545807,0.17616799473762512,-0.14687468111515045,-0.1177794337272644,0.148676335811615,0.007171065080910921,-0.13854417204856873,0.07761849462985992,-0.20558078587055206,0.11666359752416611,0.1579369604587555,0.12108832597732544,-0.06485705822706223,0.33601266145706177,0.011016218923032284,0.11052335798740387,0.11800994724035263,-0.04971925541758537,-0.05147748440504074,0.017835360020399094,0.2642785310745239
0.05281219631433487,0.03786970674991608,-0.06457781046628952,0.12267408519983292,-0.15381395816802979,0.0364120751619339,-0.029941098764538765,0.11511120945215225,-0.02348141185939312,-0.17084859311580658,-0.1303059607744217,0.08351914584636688,-0.1834711730480194,-0.09786690026521683,-0.057625651359558105,0.12099266052246094,0.02416451834142208,0.07062522321939468,-0.07246505469083786,0.12875379621982574,0.036642249673604965,0.13107134401798248,0.08285889774560928,0.0014743824722245336,-0.07949896156787872,0.11008290946483612,0.055774129927158356,0.014129572547972202,-0.15183642506599426,0.14495526254177094,0.0007387388031929731,0.10259845107793808,-0.2310267835855484,0.2582232356071472,0.21621322631835938,-0.06362561881542206,-0.25976020097732544,0.09370221197605133,0.16147305071353912,-0.05242689698934555,0.26038023829460144,-0.12171444296836853,-0.19490249454975128,0.09628783911466599,0.07390160113573074,0.07231684029102325,-0.13505752384662628,-0.25855553150177,0.13415683805942535,-0.11024665087461472
0.10481420904397964,0.1117321327328682,0.045130547136068344,0.08675780892372131,-0.21744830906391144,-0.08790380507707596,0.055524565279483795,-0.06835100799798965,0.051870886236429214,0.2240864634513855,-0.1393730491399765,0.020413491874933243,0.03206818178296089,-0.1859407275915146,-0.11685866862535477,-0.17942246794700623,-0.1309841424226761,-0.02357858046889305,-0.1084204837679863,-0.2975793480873108,-0.14627356827259064,-0.05561830475926399,0.05003484711050987,0.07756002247333527,0.18634635210037231,0.08839987963438034,0.0013632266782224178,-0.18116535246372223,-0.14552374184131622,-0.03802239149808884,-0.0019074328010901809,-0.006852262187749147,-0.05958056449890137,-0.2089139223098755,0.14105035364627838,0.022777894511818886,-0.22275403141975403,-0.11226802319288254,0.05988973379135132,0.06942019611597061,-0.04456714913249016,-0.15220515429973602,-0.24908559024333954,0.061383504420518875,0.21589340269565582,-0.15205220878124237,-0.1375618875026703,-0.14181233942508698,-0.12482596188783646,-0.08120221644639969
0.1838969737291336,-0.2290387749671936,0.02731192670762539,-0.26444607973098755,0.25374528765678406,0.09834606200456619,0.04835269972681999,-0.0765785351395607,-0.2921459972858429,-0.08502135425806046,-0.08843761682510376,0.10817336291074753,-0.035736411809921265,-0.29586729407310486,0.17628680169582367,-0.22791415452957153,0.17443525791168213,-0.23404113948345184,-0.32919687032699585,0.09955072402954102,0.01745600625872612,-0.16361640393733978,-0.017523376271128654,0.08002464473247528,0.15253132581710815,0.14657264947891235,0.09775951504707336,-0.20650260150432587,-0.0022304807789623737,-0.01461088191717863,-0.26185768842697144,0.16586901247501373,-0.30896660685539246,-0.12921717762947083,-0.32814836502075195,-0.019077882170677185,-0.2921728491783142,-0.3186679184436798,-0.12397903203964233,0.019103804603219032,-0.04008827731013298,-0.06153195723891258,0.13534832000732422,0.2378811538219452,-0.23350253701210022,-0.06233423575758934,0.19824497401714325,-0.014877768233418465,0.2568735182285309,-0.1717836856842041
0.09428448975086212,0.034373410046100616,-0.027270963415503502,0.16531021893024445,-0.17026181519031525,-0.16653721034526825,-0.19013090431690216,-0.05827781558036804,0.31697118282318115,0.08992172032594681,-0.05969660356640816,-0.12336872518062592,-0.03500305861234665,0.0016547093400731683,-0.11963401734828949,0.14801783859729767,0.15788133442401886,-0.016833532601594925,0.2936474084854126,-0.1379278600215912,-0.02795245870947838,0.1327866166830063,0.015409835614264011,0.20413200557231903,-0.04971949756145477,0.1324320137500763,0.008206256665289402,-0.12346292287111282,-0.11441855877637863,0.13437402248382568,0.10017295181751251,0.07159829139709473,-0.10928916931152344,0.016545699909329414,0.045367106795310974,-0.0031161641236394644,-0.06560827046632767,0.28218886256217957,-0.1075609102845192,0.08099489659070969,-0.13762113451957703,-0.16618022322654724,-0.05410357564687729,0.04847049340605736,-0.16925862431526184,0.19086171686649323,0.30415236949920654,0.208748921751976,0.07329827547073364,0.05706094577908516
0.11384420841932297,0.0695158913731575,0.13779383897781372,0.0388605073094368,0.3179090619087219,-0.0022649066522717476,0.08767245709896088,0.02809765189886093,0.09259448200464249,0.13852930068969727,0.17309333384037018,0.07799562066793442,-0.05194343999028206,-0.14406853914260864,0.009565327316522598,-0.12803351879119873,-0.22534674406051636,0.10665097087621689,-0.09690113365650177,-0.10691852122545242,0.06991082429885864,-0.03856638818979263,-0.189434215426445,-0.04586770012974739,0.19892893731594086,0.1363501250743866,0.028100159019231796,0.0636095255613327,-0.1320420205593109,-0.0016114659374579787,-0.13787591457366943,-0.1701977401971817,0.1374519318342209,0.1910647302865982,0.16462641954421997,-0.2429792582988739,-0.18740412592887878,-0.15518692135810852,-0.100350521504879,-0.15618513524532318,0.04508333280682564,0.19923608005046844,-0.08834217488765717,-0.07567794620990753,-0.0661955252289772,0.11304499208927155,0.05298290401697159,0.17366847395896912,-0.03596718981862068,0.06872132420539856
-0.025267967954277992,-0.07981918007135391,0.10399524867534637,-0.10237382352352142,0.05978202074766159,0.21069861948490143,-0.19097228348255157,0.10690396279096603,0.18737053871154785,0.13629961013793945,0.014405842870473862,0.21357521414756775,0.17105703055858612,-0.07937467098236084,0.03590433672070503,-0.054510440677404404,-0.25819122791290283,0.16096410155296326,-0.05951845645904541,-0.037251509726047516,-0.38754308223724365,0.0792183205485344,0.284316748380661,-0.36103230714797974,0.2650211453437805,-0.22979022562503815,0.016106318682432175,0.09904534369707108,-0.2102208435535431,-0.08270902186632156,0.11132556945085526,-0.23810061812400818,-0.31588640809059143,0.15505149960517883,0.19402606785297394,0.2292141616344452,0.21207615733146667,0.24198512732982635,-0.12831729650497437,0.08675851672887802,-0.054178204387426376,-0.08202461153268814,-0.21231260895729065,-0.17406132817268372,-0.01744689792394638,-0.03201421722769737,0.015280917286872864,-0.10008258372545242,-0.2547045648097992,-0.2546406388282776
-0.17455445230007172,-0.13381029665470123,0.07324553281068802,0.07656621932983398,0.10017355531454086,-0.24116818606853485,-0.09977436810731888,-0.11523047089576721,0.23793433606624603,-0.03893550485372543,-0.34935837984085083,0.035740990191698074,-9.072887769434601e-05,0.025695420801639557,0.07175590097904205,0.07193201780319214,0.06478358805179596,0.008515565656125546,-0.09830962121486664,0.09133230149745941,-0.01502836775034666,-0.15276311337947845,0.14821437001228333,0.004703781567513943,-0.02105836383998394,-0.03341629356145859,-0.0026632826775312424,-0.043891582638025284,-0.16679930686950684,0.09428291022777557,0.07772449404001236,0.04309104010462761,-0.1543077975511551,-0.13212957978248596,-0.2651933431625366,0.017014341428875923,-0.09425626695156097,0.20630772411823273,0.0024117964785546064,0.2743794620037079,-0.07473994791507721,-0.05554014816880226,0.3138800859451294,0.030162515118718147,0.11544881016016006,-0.0724564641714096,-0.04724571853876114,0.15969862043857574,-0.048432204872369766,-0.14094355702400208
-0.04225446283817291,-0.024499524384737015,-0.2450295090675354,-0.13158999383449554,0.13262075185775757,-0.03906650468707085,0.13654573261737823,0.33912524580955505,-0.060593780130147934,0.06835031509399414,-0.06177682429552078,-0.1227557584643364,-0.008990336209535599,-0.25414425134658813,0.1585494577884674,-0.11178851872682571,0.2095695286989212,0.22306720912456512,0.030549965798854828,0.0848749577999115,-0.13074614107608795,-0.1735229194164276,0.3157195448875427,-0.2544718086719513,0.1276928037405014,0.10179392248392105,-0.21823051571846008,-0.017882036045193672,0.23442313075065613,-0.26526862382888794,-0.06052341312170029,-0.2396271675825119,-0.11092761904001236,0.08706545829772949,0.0027180109173059464,0.2706564664840698,-0.23139126598834991,-0.12117496877908707,-0.020645849406719208,0.24510015547275543,-0.07059172540903091,0.05073178559541702,-0.31865769624710083,0.09793052077293396,-0.06793097406625748,-0.18997633457183838,-0.09130162000656128,-0.07647215574979782,0.08398430794477463,-0.157803013920784
0.215752974152565,-0.04579433053731918,0.09989055246114731,-0.02115696296095848,0.15517070889472961,0.02557307481765747,-0.13311700522899628,0.3140866756439209,0.07090942561626434,-0.16898442804813385,-0.08595023304224014,0.12160629034042358,0.047026265412569046,0.07613501697778702,0.09691325575113297,-0.1589752733707428,0.009296371601521969,-0.026032580062747,0.18133796751499176,0.21561311185359955,0.2687488794326782,0.1816333830356598,-0.03885989263653755,0.031314440071582794,0.11222653090953827,0.019587235525250435,-0.11808516085147858,-0.016605110839009285,-0.23861470818519592,0.11990411579608917,-0.24383233487606049,-0.05137054994702339,0.31219482421875,0.20233480632305145,0.0495939701795578,0.07247591763734818,-0.3430849313735962,-0.09073371440172195,-0.20874395966529846,-0.10306326299905777,0.02643267996609211,0.2103314995765686,-0.10389693081378937,0.08285550773143768,0.13459637761116028,-0.050099052488803864,0.2857116162776947,-0.01670248806476593,-0.049330465495586395,0.07937765121459961
0.2117694914340973,-0.17592042684555054,-0.08164619654417038,0.13210369646549225,-0.13048827648162842,0.1158682331442833,-0.07858733832836151,-0.22822259366512299,-0.20117753744125366,-0.229367196559906,-0.08539477735757828,-0.07729372382164001,0.22453327476978302,0.2697658836841583,-0.13137774169445038,-0.0234244242310524,0.1146191731095314,-0.07484962791204453,0.04164259508252144,-0.1739317774772644,0.019856886938214302,0.07141003012657166,-0.06372048705816269,0.22996513545513153,0.16769260168075562,0.01609056629240513,0.12464872747659683,0.032630112022161484,0.14863194525241852,-0.05923253670334816,0.16607657074928284,-0.04893915355205536,-0.012635894119739532,0.2979315519332886,-0.07817484438419342,0.10400547832250595,-0.10873813927173615,0.17272359132766724,0.14588943123817444,0.10111129283905029,0.06830359250307083,-0.021956192329525948,0.2613079249858856,0.14188630878925323,-0.158200204372406,-0.0919448733329773,0.09166604280471802,-0.1630307137966156,0.03858424350619316,0.22741132974624634
0.3765816390514374,-0.16818556189537048,0.038809098303318024,0.06436406075954437,0.11413250863552094,-0.12685641646385193,0.16337665915489197,-0.10404212772846222,0.11952336132526398,0.0669165626168251,0.03623036667704582,0.18579459190368652,-0.20807203650474548,0.021113397553563118,0.12395500391721725,0.21209299564361572,0.0044628954492509365,-0.21125096082687378,-0.03432772308588028,-0.14770308136940002,0.22825777530670166,0.13677741587162018,-0.07140015065670013,0.0038023837842047215,0.11307343095541,-0.017166336998343468,0.08161312341690063,0.052350495010614395,-0.006621088366955519,-0.05695560574531555,-0.21211037039756775,0.0683150440454483,-0.22899311780929565,-0.28756603598594666,0.21069234609603882,0.029262932017445564,-0.029982665553689003,0.11690741032361984,0.05780491977930069,-0.0019086458487436175,0.12647542357444763,-0.16375653445720673,-0.060454994440078735,-0.003282584948465228,0.046118468046188354,-0.03479725867509842,0.09879817813634872,-0.18184058368206024,0.1124916523694992,-0.006967434659600258
-0.018625274300575256,-0.005940983071923256,0.02888423204421997,0.14715000987052917,0.048020441085100174,0.06004547327756882,-0.12143100053071976,-0.19785413146018982,-0.054910652339458466,-0.016334526240825653,-0.1946171522140503,0.21000628173351288,0.012545132078230381,-0.02465643174946308,0.0906723141670227,-0.0008279930334538221,0.11912606656551361,-0.0010853237472474575,0.14165516197681427,-0.1734485626220703,0.06114707514643669,0.15767881274223328,0.1551869660615921,-0.0210297591984272,-0.3015166223049164,0.09100230038166046,-0.06136151775717735,0.1311124861240387,0.1572420448064804,-0.020230256021022797,-0.17316730320453644,-0.043432556092739105,-0.047617435455322266,0.02935899794101715,0.10387379676103592,-0.09791851043701172,-0.3575268089771271,-0.3054017126560211,-0.1065167635679245,0.14827950298786163,-0.10756073147058487,-0.1586862951517105,0.0041422671638429165,0.025433704257011414,0.19283293187618256,0.06878536194562912,-0.29871827363967896,0.06422635167837143,0.03084935061633587,0.08461620658636093
0.16432036459445953,0.0016910764388740063,0.14434446394443512,-0.13067400455474854,-0.15860310196876526,-0.14926691353321075,-0.06621311604976654,0.21345841884613037,-0.156731978058815,0.061467792838811874,-0.06698007136583328,0.07287126779556274,0.3362254202365875,0.15598110854625702,0.2697035074234009,0.07685390114784241,-0.0493929497897625,-0.0943026915192604,0.08439294993877411,0.022008702158927917,0.12744514644145966,0.18024420738220215,0.11106964945793152,0.12772546708583832,-0.08755934983491898,0.20953379571437836,-0.0978526920080185,-0.21914471685886383,-0.007322917692363262,-0.11810295283794403,-0.13034990429878235,0.06614279747009277,0.28873592615127563,0.049695611000061035,-0.17759893834590912,0.07952452450990677,-0.17285427451133728,-0.07603589445352554,0.15439416468143463,0.03512407839298248,-0.22010034322738647,0.21238143742084503,0.07903727144002914,-0.14367042481899261,-0.113418348133564,-0.014259439893066883,-0.1454903483390808,-0.0762057676911354,0.15896928310394287,0.03251121938228607
-0.157989963889122,0.12264358997344971,-0.15124501287937164,-0.1297963708639145,0.06978271156549454,0.036596935242414474,0.01545422151684761,0.24290373921394348,0.2638598680496216,-0.011394832283258438,0.15164227783679962,-0.12570630013942719,0.01020506676286459,-0.23359964787960052,0.1962674856185913,0.04575158283114433,0.11073387414216995,0.11182280629873276,-0.25815731287002563,-0.32490426301956177,-0.09645820409059525,0.36556392908096313,0.11581005901098251,-0.050364840775728226,0.008307641372084618,0.1514243334531784,-0.0240853950381279,0.24694332480430603,0.09488817304372787,0.03546278178691864,-0.13452452421188354,-0.02636660449206829,0.03022790513932705,-0.09889277815818787,-0.15971942245960236,0.07711105793714523,0.23486030101776123,0.1955500841140747,0.015193220227956772,-0.11215300858020782,-0.19153453409671783,-0.07873272895812988,-0.2561735510826111,-0.16216649115085602,0.19180828332901,0.05452997609972954,0.15570847690105438,-0.11827824264764786,-0.13970476388931274,0.08080936223268509
0.03137466311454773,-0.16696831583976746,0.15852180123329163,0.09898792207241058,-0.1644974648952484,0.007906327024102211,0.21067862212657928,-0.02997828647494316,-0.025519339367747307,-0.13760924339294434,0.03130381926894188,-0.16129545867443085,-0.09061223268508911,0.015982026234269142,-0.11761157959699631,0.3168333172798157,0.018089748919010162,-0.023942478001117706,-0.11823544651269913,-0.14638274908065796,-0.1951417624950409,0.13835737109184265,-0.2133663296699524,-0.23835596442222595,0.08888857811689377,0.17491395771503448,-0.1650252789258957,-0.28415510058403015,0.014223486185073853,-0.0866939052939415,0.011245162226259708,-0.0560278594493866,0.4267992079257965,0.05725237727165222,-0.01569352298974991,-0.03628729283809662,0.0024087142664939165,0.10589176416397095,0.0657016709446907,-8.479270036332309e-05,0.0352492518723011,0.1647537350654602,-0.037198565900325775,0.04940372705459595,-0.22478675842285156,0.13492047786712646,0.20226001739501953,-0.11647175252437592,-0.19324590265750885,0.16397689282894135
0.11707136780023575,-0.2660938501358032,0.19851605594158173,0.013360697776079178,-0.11226674169301987,0.07813335955142975,0.021211326122283936,0.028104716911911964,-0.06708134710788727,0.1602429896593094,0.09820110350847244,-0.20327255129814148,-0.17109988629817963,0.23403500020503998,-0.09552162885665894,0.07138534635305405,0.03638960048556328,-0.2617810368537903,0.15498165786266327,-0.20670758187770844,-0.07016802579164505,-0.08798646181821823,-0.11816611140966415,0.09365526586771011,-0.2893897294998169,0.2731592059135437,-0.1211971566081047,-0.07329142838716507,-0.18546006083488464,0.0749044343829155,0.21205511689186096,-0.1802861988544464,-0.04641968756914139,-0.018902771174907684,0.03777128458023071,-0.025336822494864464,0.1653209626674652,0.1722678691148758,0.04596985504031181,0.18133816123008728,-0.1065579503774643,-0.36104100942611694,0.006723945494741201,0.010474391281604767,0.10880008339881897,0.14432576298713684,0.07026944309473038,0.020892690867185593,-0.17249560356140137,0.24916914105415344
0.10642551630735397,-0.1692526787519455,-0.14216841757297516,-0.11688027530908585,-0.05994975194334984,0.17500387132167816,-0.047125302255153656,0.0637737438082695,0.07306358963251114,-0.24286411702632904,-0.011913187801837921,-0.09804299473762512,0.048454441130161285,-0.0029815894085913897,-0.12834997475147247,-0.19488154351711273,-0.1698160618543625,0.10825127363204956,0.24136222898960114,-0.19108745455741882,-0.220412477850914,0.15965209901332855,0.12176524102687836,-0.07489056885242462,0.23348964750766754,-0.015161019749939442,0.2579265236854553,0.014812376350164413,0.08194904774427414,0.018498467281460762,-0.10246078670024872,-0.004955912008881569,0.20132452249526978,-0.00807664543390274,-0.22035850584506989,-0.09143739193677902,0.12680527567863464,0.11052556335926056,0.041626621037721634,-0.02890693210065365,-0.12043452262878418,-0.1652638167142868,0.05494045466184616,-0.05842680111527443,0.15759539604187012,0.16513992846012115,0.11465490609407425,0.10155951231718063,0.3496171236038208,-0.07317256927490234
-0.09193117171525955,-0.029513806104660034,0.20391632616519928,0.03840138763189316,-0.1876859813928604,-0.11870632320642471,0.031559739261865616,-0.16539481282234192,0.14736308157444,0.18305158615112305,-0.033512383699417114,0.13217158615589142,-0.09705667197704315,-0.17117395997047424,0.04742121696472168,-0.29570916295051575,-0.08329498767852783,-0.2607992887496948,0.11853601783514023,0.1925019919872284,0.09234356135129929,-0.20234090089797974,0.11639633774757385,0.06966662406921387,0.18921318650245667,0.057668786495923996,0.17110709846019745,-0.05870761349797249,0.05082367733120918,0.10778147727251053,-0.14131391048431396,-0.04756474867463112,-0.364797979593277,0.15345659852027893,-0.09674804657697678,0.3007250726222992,-0.1316247135400772,0.06625610589981079,0.04314183443784714,0.09323284029960632,0.005495602265000343,0.15585151314735413,-0.15030525624752045,-0.009341425262391567,-0.10104168206453323,0.17749632894992828,-0.06139339134097099,0.033614255487918854,0.2359118014574051,0.04293350130319595
-0.29483214020729065,0.01239421684294939,0.2174220085144043,0.06765591353178024,0.003802229417487979,-0.024751057848334312,-0.12592527270317078,-0.02975471131503582,0.10965155065059662,0.03361163288354874,-0.002142100827768445,-0.09772282093763351,0.17720302939414978,-0.07606486976146698,0.06070975214242935,-0.09939520061016083,-0.13101160526275635,0.022184930741786957,0.0798792913556099,-0.1510697454214096,0.02639862336218357,0.015494219027459621,0.12668685615062714,-0.14626875519752502,0.14581602811813354,0.12528087198734283,0.039713967591524124,0.10598412156105042,0.1052425354719162,0.10458462685346603,0.16414348781108856,0.10938060283660889,0.049699850380420685,-0.044414591044187546,-0.13677801191806793,-0.20876389741897583,0.012713413685560226,-0.09477724134922028,0.030077693983912468,-0.1744302213191986,-0.0007220716215670109,0.21712540090084076,-0.06505538523197174,0.12399446219205856,-0.08225865662097931,-0.09649503231048584,0.11184903234243393,-0.0827188789844513,-0.10844452679157257,-0.01400560513138771
-0.04055891931056976,-0.09735586494207382,-0.06710153073072433,-0.062206242233514786,-0.08372164517641068,0.1697896271944046,0.09146042168140411,0.19248196482658386,-0.0022538199555128813,0.08538650721311569,0.10872295498847961,0.1749006062746048,0.18093203008174896,-0.20044764876365662,-0.18964189291000366,-0.125714972615242,0.014401035383343697,0.201786071062088,0.26599088311195374,-0.09807349741458893,0.05028107017278671,-0.2663313150405884,-0.044356245547533035,0.04885144904255867,0.05962425470352173,-0.09001994878053665,-0.06162112578749657,-0.25477901101112366,0.1820966601371765,0.014137248508632183,-0.1935388594865799,-0.1310351938009262,0.17689010500907898,0.09815636277198792,-0.22286048531532288,-0.0003729538293555379,0.030820641666650772,-0.09232531487941742,-0.08365169912576675,-0.22923536598682404,0.2250194549560547,-0.1912202686071396,0.039437517523765564,-0.12897560000419617,-0.055394869297742844,-0.020807771012187004,0.18925629556179047,-0.13337746262550354,-0.1631918102502823,-0.08610738813877106
0.07357433438301086,-0.017546366900205612,0.1882060468196869,-0.004282738082110882,0.07028024643659592,-0.07413303107023239,0.09632391482591629,-0.023241987451910973,0.07585477828979492,-0.061261579394340515,0.04567786306142807,0.03362875059247017,0.1561288833618164,0.09551826864480972,-0.025456607341766357,-0.12610548734664917,-0.2550222873687744,-0.3413473963737488,-0.006144313607364893,0.08415935933589935,0.007064634934067726,0.031152265146374702,-0.206697016954422,0.14527200162410736,0.08801419287919998,-0.06549276411533356,0.21886023879051208,-0.08905433863401413,0.07067874819040298,-0.019399350509047508,-0.0772257074713707,0.11382345855236053,-0.1334494650363922,0.11896258592605591,-0.20223067700862885,-0.3199520707130432,0.1254790872335434,-0.05295693874359131,0.09122813493013382,-0.23332136869430542,0.00048106443136930466,-0.008503948338329792,-0.011271411553025246,0.150019109249115,-0.059467148035764694,0.22746628522872925,-0.17284907400608063,0.3437310457229614,0.0909312292933464,-0.0843772366642952
-0.08774864673614502,0.09198497235774994,0.027053480967879295,0.082830049097538,-0.16706424951553345,0.03978154435753822,-0.08302976936101913,0.20266322791576385,0.03889915347099304,-0.08769989758729935,0.004301124718040228,0.12404264509677887,0.15994280576705933,-0.14301370084285736,-0.032934024930000305,0.08945106714963913,-0.12451021373271942,0.07841430604457855,-0.1105123832821846,-0.0014992215437814593,0.0020546531304717064,0.10171762108802795,-0.015482716262340546,-0.06997789442539215,-0.24372000992298126,-0.022512776777148247,-0.07082611322402954,-0.1366080492734909,0.07698162645101547,-0.111751988530159,0.14150749146938324,-0.08748820424079895,0.11057780683040619,-0.0832526683807373,0.08478961884975433,0.1346878707408905,0.10461832582950592,-0.05057678371667862,0.005956991575658321,-0.181416317820549,-0.22312617301940918,0.1972161829471588,0.20623812079429626,0.0929512232542038,-0.10992839187383652,-0.012169783003628254,0.14448758959770203,0.13642394542694092,0.09122499823570251,-0.01120902318507433
0.22078241407871246,0.3491264581680298,0.05911722779273987,-0.09160658717155457,-0.010532272048294544,0.06380599737167358,0.2043360322713852,0.13203071057796478,-0.26085084676742554,-0.023233624175190926,0.11945909261703491,0.04592885822057724,-0.32467103004455566,-0.03457660973072052,-0.09733035415410995,-0.14663241803646088,-0.04774269834160805,-0.32331299781799316,-0.04123614355921745,-0.04971575736999512,0.16214892268180847,-0.0690435916185379,0.2709096074104309,-0.32978400588035583,0.01434237789362669,0.0647602379322052,-0.034924499690532684,0.008164169266819954,-0.03365757316350937,-0.10857507586479187,-0.14827339351177216,-0.04121560975909233,0.11460043489933014,-0.008182520046830177,-0.1065395250916481,0.20339810848236084,-0.17305530607700348,-0.14579349756240845,0.05470730736851692,-0.07629098743200302,0.07381893694400787,-0.08507152646780014,-0.060213714838027954,-0.030501315370202065,0.023881737142801285,-0.18150652945041656,-0.08351244777441025,0.041586387902498245,-0.1233953982591629,-0.28322407603263855
0.3209483325481415,0.12805278599262238,0.10533338040113449,-0.10327814519405365,0.04733080416917801,-0.10784789174795151,0.08960792422294617,0.12128840386867523,0.053270816802978516,0.07429594546556473,0.05399993807077408,0.22354865074157715,-0.18531784415245056,0.08117150515317917,0.043205298483371735,0.21125726401805878,0.06434047967195511,0.15818347036838531,-0.06679968535900116,-0.08353104442358017,0.20762185752391815,0.042616382241249084,0.22119858860969543,-0.11529958993196487,-0.1720319539308548,0.030406419187784195,0.006888502277433872,-0.1599133163690567,0.1291513293981552,0.16683293879032135,0.07666055858135223,-0.23458294570446014,-0.03329800069332123,0.061195697635412216,0.016283612698316574,0.15052056312561035,-0.2028529793024063,0.04369746893644333,0.03719685599207878,0.09683246165513992,0.07128094136714935,0.0933922529220581,-0.25421929359436035,0.014237014576792717,0.3299509584903717,-0.2266678363084793,-0.18554045259952545,0.30547043681144714,-0.11946859955787659,0.25565585494041443
0.08956417441368103,-0.04654202237725258,0.051477376371622086,-0.03955066576600075,-0.10763099789619446,0.16208209097385406,0.060572121292352676,-0.050455670803785324,-0.07739706337451935,-0.07654031366109848,0.06465224921703339,-0.05729200690984726,-0.08395370095968246,0.009182828478515148,0.026617705821990967,0.13965603709220886,0.03588743135333061,-0.09279907494783401,0.13435585796833038,0.1793200522661209,-0.005805513821542263,-0.2757547199726105,0.014324817806482315,0.14243102073669434,0.1299494355916977,-0.019334759563207626,0.18125230073928833,0.0048020328395068645,0.07340248674154282,0.15206925570964813,-0.29162904620170593,0.16909515857696533,-0.1858150064945221,-0.05124300718307495,0.14971816539764404,0.1436954140663147,-0.13905338943004608,0.02853293903172016,-0.2311297506093979,-0.008028959855437279,0.165152445435524,0.017142482101917267,0.002334082731977105,-0.12514247000217438,0.18276356160640717,0.10601010918617249,0.08034732192754745,0.06322605907917023,0.05603667348623276,0.06392521411180496
-0.1957297921180725,-0.23358437418937683,0.014886584132909775,-0.1504809409379959,0.222462460398674,0.03663809597492218,-0.06715530902147293,-0.006235701963305473,0.03265652805566788,-0.29517626762390137,0.22888246178627014,0.013526375405490398,0.1492873579263687,-0.10097343474626541,-0.06149493530392647,-0.13604646921157837,-0.080662801861763,-0.0314648412168026,-0.19570155441761017,-0.112826868891716,-0.16129614412784576,-0.11767160147428513,0.1433335691690445,-0.08616829663515091,-0.08932178467512131,0.20278866589069366,-0.05691839009523392,0.033184707164764404,0.0022958116605877876,-0.08278489857912064,0.1363673359155655,-0.024018095806241035,0.18121357262134552,0.03183315694332123,-0.06812713295221329,-0.14489832520484924,-0.01065319124609232,-0.02066594734787941,-0.13579584658145905,-0.13558176159858704,0.15652494132518768,0.17259013652801514,-0.04807521775364876,-0.16824927926063538,-0.31201300024986267,-0.15947924554347992,0.03779686987400055,0.07398670166730881,-0.035813890397548676,-0.18465320765972137
0.12869557738304138,0.16875797510147095,-0.08679387718439102,0.09836278855800629,-0.048409782350063324,-0.10748206824064255,-0.20499952137470245,0.14021992683410645,-0.2239943891763687,0.06493064761161804,0.24509893357753754,-0.22945936024188995,0.011839743703603745,-0.026367096230387688,-0.0026820204220712185,-0.03911517933011055,0.1255948543548584,-0.03451945260167122,-0.141190305352211,-0.08980010449886322,-0.06389790028333664,-0.14956435561180115,0.1417967975139618,-0.09909190237522125,-0.07358600199222565,0.13300660252571106,0.024539120495319366,0.16522234678268433,0.07308845967054367,-0.14322517812252045,-0.1808319240808487,-0.03131362050771713,0.15640121698379517,-0.13395458459854126,0.058400433510541916,0.03991004452109337,0.14516843855381012,0.25678420066833496,-0.06960390508174896,0.009798592887818813,0.34114184975624084,-0.033435024321079254,0.3290375769138336,-0.035381875932216644,0.12600748240947723,-0.24150726199150085,-0.17849960923194885,-0.010879037901759148,0.05430500954389572,-0.06229809671640396
0.08700617402791977,-0.02067260444164276,-0.09430649876594543,0.06515475362539291,-0.07151280343532562,0.1080394834280014,-0.11398647725582123,-0.06873000413179398,0.11575036495923996,0.19621554017066956,-0.05606229975819588,0.06546259671449661,-0.09988916665315628,-0.010423158295452595,-0.13557130098342896,-0.17827725410461426,0.1357247233390808,-0.20468825101852417,0.1462603509426117,-0.09542696923017502,-0.0873156189918518,0.011074984446167946,-0.031624872237443924,-0.16203409433364868,-0.18450532853603363,0.11964551359415054,-0.1143750250339508,0.09699169546365738,-0.148109570145607,0.14818377792835236,0.2274593859910965,-0.11116253584623337,0.05528529733419418,-0.19863732159137726,-0.14486102759838104,-0.02590874768793583,0.1347827911376953,-0.1256338506937027,-0.05892198160290718,0.20493459701538086,0.05666334554553032,0.07524693012237549,-0.319496214389801,0.14679263532161713,0.05940733850002289,0.06280415505170822,-0.06337950378656387,0.09057982265949249,0.2901729643344879,0.06534905731678009
0.03454922139644623,0.2606126666069031,-0.15310300886631012,0.06649484485387802,-0.15098443627357483,-0.2558523416519165,0.0946449264883995,0.03948505222797394,0.13998879492282867,0.22632160782814026,0.15450850129127502,0.009657352231442928,0.21224547922611237,-0.04002215340733528,-0.0796651840209961,0.016393350437283516,-0.20399212837219238,-0.28075525164604187,-0.14302080869674683,0.2598775327205658,-0.11282603442668915,-0.06700574606657028,-0.08563718944787979,0.06990338861942291,-0.030881207436323166,-0.12059705704450607,-0.10964897274971008,-0.09406308084726334,0.09685884416103363,-0.0008901113178580999,0.062000371515750885,-0.03478764370083809,-0.06529548019170761,0.14860515296459198,-0.035273123532533646,-0.28541073203086853,0.028451720252633095,-0.10052403807640076,-0.008380471728742123,-0.13433076441287994,-0.08335119485855103,0.09586460888385773,0.1476304829120636,0.18327675759792328,0.06818851083517075,0.10975132882595062,-0.11529535800218582,-0.05175594240427017,0.026730254292488098,0.03960781544446945
0.014673697762191296,-0.15326522290706635,-0.011344557628035545,0.13748489320278168,0.1901993304491043,0.15332359075546265,0.0869423896074295,-0.35936880111694336,-0.13791674375534058,-0.04215739667415619,-0.0287783183157444,0.017742324620485306,-0.2747419476509094,0.033462006598711014,0.08181043714284897,-0.04859564080834389,-0.14735044538974762,-0.15829117596149445,0.1925366073846817,0.06945913285017014,-0.09375312179327011,0.00011646628263406456,0.05274704843759537,0.09599865227937698,-0.09177125245332718,-0.2505141496658325,-0.10208525508642197,0.13844303786754608,0.23681706190109253,-0.12950454652309418,0.04495831951498985,-0.15752850472927094,-0.03399340435862541,0.09728626161813736,0.2584063410758972,0.2703753709793091,-0.24877458810806274,0.016063498333096504,-0.21343088150024414,-0.12710106372833252,0.3313221335411072,0.2546021044254303,-0.29929572343826294,-0.17012199759483337,0.1507003903388977,-0.13839717209339142,-0.15393699705600739,-0.19407878816127777,0.032651137560606,-0.22910267114639282
-0.25751805305480957,-0.14768542349338531,-0.047013670206069946,0.011966556310653687,-0.1195974200963974,-0.27554988861083984,0.005150505341589451,0.052399493753910065,0.20623217523097992,-0.15919536352157593,-0.11709073185920715,0.15537096560001373,0.25593581795692444,0.25056925415992737,0.16459624469280243,0.033709537237882614,-0.038739848881959915,-0.13856709003448486,-0.028646793216466904,0.013687584549188614,-0.2680160105228424,-0.12737888097763062,-0.3361847996711731,-0.13470125198364258,0.20417192578315735,-0.06447716057300568,0.08543584495782852,-0.02640741877257824,-0.2264830768108368,0.06716153025627136,0.3245547115802765,-0.08799616992473602,0.21105116605758667,0.07032159715890884,0.02019692212343216,0.18085215985774994,-0.1370127946138382,-0.010417327284812927,-0.09808767586946487,0.006290169898420572,-0.06027732789516449,-0.035724326968193054,0.199569433927536,-0.047967273741960526,0.05525341257452965,0.14252613484859467,-0.0008024114067666233,0.04531825706362724,0.25791022181510925,-0.03894130140542984
0.08375611156225204,0.24439789354801178,0.12952876091003418,-0.14960871636867523,0.05597095191478729,0.040748480707407,0.10454703867435455,0.22227755188941956,-0.03474385291337967,-0.14463643729686737,0.3599661886692047,0.10663960874080658,0.10659291595220566,-0.08674163371324539,0.09482811391353607,-0.07990305870771408,-0.24489957094192505,-0.06650978326797485,0.0467987023293972,-0.11440959572792053,0.25799182057380676,0.018750762566924095,-0.0315355584025383,0.31864339113235474,-0.1921486109495163,-0.03321158513426781,-0.14345598220825195,-0.2843303382396698,-0.015716154128313065,0.06381109356880188,0.037889860570430756,0.15010160207748413,0.15149523317813873,-0.21792933344841003,-0.11595753580331802,-0.21499890089035034,-0.1853557974100113,0.024938516318798065,-0.08018413186073303,0.04341791570186615,-0.16506800055503845,-0.027787066996097565,0.1487811654806137,0.014107192866504192,-0.16254922747612,0.16065840423107147,0.11134984344244003,0.16693806648254395,-0.10636059939861298,-0.045456208288669586
-0.2831597328186035,-0.11709707230329514,0.1340797245502472,0.10393757373094559,-0.05238909274339676,0.0617871955037117,-0.17471843957901,0.2876228094100952,-0.07464969158172607,-0.02136407606303692,-0.012141444720327854,-0.03493376821279526,-0.1006418764591217,0.0032728586811572313,-0.03262504190206528,0.07051688432693481,0.1083131656050682,-0.19049827754497528,-0.20705245435237885,-0.13231466710567474,-0.19226863980293274,-0.0808868557214737,0.24808917939662933,-0.05879313871264458,-0.10929743200540543,0.0838877260684967,-0.13396738469600677,-0.22956493496894836,0.1224714145064354,0.04924334958195686,-0.018826458603143692,-0.1277192085981369,-0.025512007996439934,-0.18737061321735382,0.10538536310195923,0.0869976207613945,-0.08786804974079132,-0.047600485384464264,0.25008270144462585,0.1536814272403717,-0.010460112243890762,-0.09386573731899261,0.08972346782684326,-0.007573021110147238,-0.08068843185901642,0.06395311653614044,0.11636164784431458,-0.06956544518470764,-0.051371604204177856,0.06808797270059586
