-0.0016027294332161546,-0.21444132924079895,0.04094436392188072,0.19009390473365784,0.005514448508620262,0.07047007232904434,0.09150359779596329,0.018259067088365555,0.08902039378881454,0.0429190956056118,0.027809619903564453,0.014242543838918209,-0.06523974984884262,0.22629311680793762,0.24281510710716248,-0.1144033744931221,0.07129613310098648,0.012200947850942612,0.034007325768470764,-0.13871470093727112,0.09570489823818207,0.0016976709011942148,-0.12425685673952103,-0.0946556106209755,0.10714203119277954,-0.025203902274370193,0.15563416481018066,-0.06650934368371964,0.06867938488721848,-0.23042842745780945,-0.0022745109163224697,-0.11019588261842728,0.021326743066310883,-0.30943232774734497,0.1541517674922943,-0.04758875072002411,0.08845766633749008,-0.1586483269929886,-0.0893520712852478,0.07502595335245132,-0.04019824415445328,-0.061077624559402466,-0.15221603214740753,0.04695243760943413,0.13537602126598358,0.10815789550542831,0.027944320812821388,0.24886608123779297,0.16512100398540497,0.2785988450050354
0.27445024251937866,-0.00726868724450469,-0.003379411995410919,0.2068302035331726,-0.014022174291312695,0.11583002656698227,0.020531699061393738,0.08103795349597931,-0.19996628165245056,-0.14314615726470947,-0.17647312581539154,0.17423611879348755,-0.03381847217679024,0.06395090371370316,0.005310511216521263,-0.10122107714414597,-0.10313619673252106,0.06879012286663055,0.03738712519407272,-0.0009833949152380228,-0.21028442680835724,-0.04269493743777275,-0.02252664603292942,-0.018679972738027573,-0.07393389195203781,0.09522981941699982,0.01373966597020626,0.12834127247333527,0.1523105651140213,0.036107029765844345,-0.17527557909488678,0.16502931714057922,-0.0920385867357254,0.11957632005214691,-0.2065800428390503,-0.10441038012504578,-0.22312693297863007,-0.1256798356771469,0.11723603308200836,-0.0332782007753849,0.13480576872825623,-0.06078469008207321,-0.158057302236557,0.16468258202075958,-0.007000458426773548,-0.1571647673845291,-0.021117499098181725,-0.17689953744411469,-0.03914039582014084,0.06859872490167618
-0.0911688506603241,-0.10709154605865479,0.040520068258047104,0.009349877946078777,0.12978407740592957,-0.14900052547454834,-0.06302422285079956,0.14586098492145538,0.05253799259662628,-0.1813226044178009,0.16898582875728607,0.16851721704006195,0.10181520879268646,0.0001779691519914195,0.13158084452152252,0.08941440284252167,0.014979135245084763,0.02032795175909996,0.07183649390935898,-0.30520862340927124,-0.2133561670780182,0.10019384324550629,0.2840804159641266,-0.009020588360726833,0.06187666207551956,-0.265129953622818,-0.2614453136920929,-0.17914541065692902,0.10717493295669556,0.08360683172941208,0.07498492300510406,0.007955197244882584,-0.012455031275749207,-0.06315408647060394,-0.06919164210557938,-0.12216278910636902,-0.11182593554258347,0.221961110830307,0.07892244309186935,0.07005450874567032,0.1313888281583786,-0.12276533991098404,-0.12020236253738403,-0.03047320619225502,0.12541300058364868,-0.09600619226694107,0.00890250876545906,-0.20371904969215393,-0.04057101532816887,0.1199052631855011
-0.23050351440906525,0.2459128201007843,-0.06653528660535812,-0.14395013451576233,0.12268108129501343,0.157023087143898,-0.11280577629804611,0.25256603956222534,0.10999669879674911,-0.1330576241016388,0.0646677240729332,0.1997392475605011,-0.09945667535066605,0.1418873816728592,0.07921381294727325,0.09754517674446106,-0.21257616579532623,-0.02610642835497856,-0.12272022664546967,-0.02766292355954647,-0.12241378426551819,0.18412813544273376,0.12923988699913025,-0.07417632639408112,-0.12738069891929626,0.07967337965965271,-0.037744712084531784,0.17922021448612213,0.1934390366077423,-0.06276271492242813,0.03607260063290596,-0.005266597494482994,-0.043227389454841614,-0.05282539129257202,-0.10325731337070465,-0.15525764226913452,0.24332045018672943,0.06581374257802963,-0.04719168692827225,0.07730593532323837,-0.03722827881574631,-0.2586818337440491,0.13493363559246063,0.014994150958955288,0.2447822242975235,-0.11763310432434082,0.16602423787117004,0.2697072923183441,-0.07026951760053635,0.11878137290477753
-0.15452149510383606,-0.06965969502925873,-0.05815699324011803,-0.11728685349225998,0.25211209058761597,0.12291876971721649,0.23115351796150208,0.08461062610149384,-0.027445334941148758,0.06670346111059189,-0.053144752979278564,-0.022252216935157776,0.26057344675064087,0.08478991687297821,-0.02451058104634285,0.20265264809131622,0.20477287471294403,-0.04604392498731613,-0.23513978719711304,0.08196340501308441,0.0055461665615439415,-0.06203359737992287,0.13366350531578064,-0.011179758235812187,-0.21838171780109406,-0.025805935263633728,0.21483325958251953,0.006853582337498665,-0.28739485144615173,-0.2427241951227188,0.1620827168226242,-0.10780391842126846,-0.034851010888814926,0.039090823382139206,0.1400328129529953,-0.2553371787071228,0.08344564586877823,0.03706781938672066,0.12056554853916168,-0.08139991015195847,-0.08783119171857834,-0.20751476287841797,-0.0322631411254406,-0.17717483639717102,-0.023198917508125305,-0.11239440739154816,-0.1715295910835266,0.0103734340518713,0.1357288807630539,0.26412421464920044
0.17812208831310272,0.19003917276859283,-0.13673792779445648,-0.0848417803645134,0.04853115975856781,-0.16179654002189636,0.06986386328935623,0.025859246030449867,0.10486025363206863,-0.04351773113012314,0.28789469599723816,-0.2722701132297516,-0.08113528043031693,-0.05537351220846176,0.18480649590492249,-0.20898188650608063,-0.09019707143306732,0.1188289076089859,-0.21162375807762146,-0.01550378929823637,-0.23857933282852173,0.05479196086525917,-0.06901435554027557,-0.10509221255779266,0.03307376056909561,0.06052295118570328,0.09539350867271423,0.10832613706588745,0.24392537772655487,0.08830763399600983,-0.30952778458595276,0.07094401121139526,-0.2525090277194977,0.025219189003109932,0.1300390660762787,0.07736769318580627,0.1786835640668869,0.038347553461790085,-0.014531973749399185,-0.15831813216209412,0.07102249562740326,-0.1636539101600647,0.11961422115564346,-0.080301433801651,-0.1518080234527588,0.05984723940491676,-0.051114026457071304,-0.10954584181308746,0.18931081891059875,0.002374282106757164
-0.02315191924571991,0.02422717958688736,-0.3022860884666443,0.1069861426949501,-0.07060989737510681,-0.08556053787469864,-0.11280173063278198,0.12474539875984192,0.11654110252857208,-0.20390397310256958,-0.03335104137659073,-0.2668338119983673,-0.23993267118930817,0.16396617889404297,-0.24681790173053741,0.0951475277543068,-0.06596571207046509,-0.24581876397132874,0.10795201361179352,0.1512235403060913,0.05387568101286888,0.08806401491165161,-0.017576247453689575,0.10329923033714294,0.1789015680551529,0.09638481587171555,-0.04564628005027771,-0.04229734465479851,-0.004691899288445711,0.12839551270008087,0.11248523741960526,0.001727110124193132,-0.14255179464817047,-0.14244869351387024,0.0658816546201706,0.011587346903979778,-0.17351558804512024,0.17483079433441162,0.10320109874010086,0.05093909054994583,-0.12751814723014832,-0.06753793358802795,0.04650857299566269,0.05231913551688194,0.22036603093147278,0.018797248601913452,0.09419563412666321,0.11682378500699997,-0.25360068678855896,0.23736712336540222
-0.010431594215333462,-0.014857844449579716,-0.19673222303390503,-0.18934592604637146,0.07107565551996231,-0.139301136136055,-0.2441314458847046,0.11396815627813339,0.25492557883262634,0.06918647140264511,-0.029559990391135216,-0.21104972064495087,0.05439913272857666,-0.10531832277774811,0.1011916846036911,-0.031302664428949356,-0.056977082043886185,-0.1357060968875885,0.005595901049673557,-0.16570056974887848,0.1668325662612915,-0.003899315372109413,-0.034121282398700714,0.022818034514784813,-0.01565033197402954,0.18711581826210022,-0.1145872250199318,0.21237902343273163,-0.09656272828578949,0.1803702414035797,0.04069913178682327,0.08771084994077682,-0.10025066882371902,-0.0961432009935379,-0.10790906101465225,-0.01730785146355629,-0.013629303313791752,0.10457585006952286,-0.10716655105352402,-0.15941885113716125,-0.09651001542806625,0.1001618504524231,-0.001913054846227169,-0.21453237533569336,0.24449336528778076,0.09263133257627487,-0.08032769709825516,0.055145055055618286,-0.102872833609581,0.22919176518917084
-0.18738937377929688,-0.19604095816612244,0.03654460608959198,0.01855727843940258,0.13337601721286774,-0.06819161027669907,-0.026056891307234764,0.0007674325606785715,0.03873398154973984,0.055144961923360825,-0.04811371862888336,-0.14667481184005737,0.32993271946907043,0.036465853452682495,0.04848071187734604,-0.16563934087753296,-0.11319886893033981,0.12861867249011993,-0.02979319915175438,0.21858592331409454,-0.0324227549135685,-0.0019518196349963546,0.056929126381874084,0.11947974562644958,0.19008177518844604,-0.17452473938465118,0.11239515244960785,0.04058774933218956,0.101005919277668,-0.06890273839235306,-0.08080070465803146,-0.28701251745224,0.1763961911201477,0.054168637841939926,-0.07037913054227829,0.23437118530273438,0.1314467191696167,-0.08694535493850708,-0.0055126771330833435,0.05071861296892166,-0.017066387459635735,0.04675803706049919,-0.14025205373764038,0.10973715037107468,-0.29983803629875183,0.02458084188401699,0.18714608252048492,-0.025982363149523735,0.09094830602407455,-0.4100596010684967
-0.089912049472332,-0.20386140048503876,0.05402117222547531,0.024763185530900955,0.04690607637166977,0.13615652918815613,-0.04809403419494629,-0.0769234225153923,0.18213620781898499,-0.1137172058224678,-0.19337859749794006,-0.18563948571681976,-0.06593883782625198,-0.10599222034215927,-0.09246956557035446,0.03728385642170906,-0.09655643999576569,-0.000924446270801127,-0.08330193907022476,0.21742048859596252,-0.28847846388816833,0.0493256151676178,0.08603208512067795,-0.048973165452480316,0.1458364576101303,-0.018549805507063866,0.14049004018306732,-0.2670058608055115,-0.0498383529484272,-0.21218717098236084,0.12548096477985382,-0.05614607781171799,-0.23283927142620087,-0.1302679181098938,-0.06099226325750351,-0.1339757740497589,0.15766306221485138,-0.15103043615818024,0.142104834318161,-0.20516490936279297,0.17610159516334534,0.09650897979736328,0.15160658955574036,-0.08201608061790466,-0.1013338640332222,-0.06992613524198532,-0.3190115690231323,0.3072151839733124,-0.08445951342582703,-0.07032475620508194
0.25604191422462463,-0.09295900166034698,-0.02028130739927292,-0.28021395206451416,0.022532152011990547,-0.08500143885612488,-0.1909426897764206,0.3401499390602112,-0.09356052428483963,0.3020382523536682,-0.11519668996334076,-0.061492886394262314,-0.012963267974555492,-0.20465698838233948,0.1484195590019226,0.3007814884185791,0.01543524768203497,0.0523255430161953,0.1648600995540619,0.14648467302322388,-0.12283357232809067,0.05156457796692848,-0.12015817314386368,0.2699703276157379,0.11262401938438416,-0.0746772289276123,0.17804230749607086,0.21487288177013397,0.2069462686777115,-0.013647821731865406,0.14962448179721832,-0.03359246253967285,-0.24073433876037598,0.1287066787481308,-0.05742981657385826,0.03781791403889656,-0.013256773352622986,-0.02514241263270378,-0.08504072576761246,-0.16014674305915833,-0.19479569792747498,0.1172408014535904,-0.1172313466668129,0.08450593054294586,0.07292204350233078,0.05104667693376541,0.14415229856967926,0.21768897771835327,0.0792287066578865,-0.16190406680107117
-0.3272800147533417,-0.27296310663223267,-0.06617315113544464,-0.019702812656760216,-0.011537213809788227,-0.18887344002723694,-0.15414896607398987,-0.1515876054763794,-0.05424170568585396,0.08910088241100311,-0.11664841324090958,0.020450688898563385,-0.15953831374645233,0.1877354085445404,-0.028077537193894386,-0.09336070716381073,-0.14603975415229797,0.1836329996585846,-0.0531236007809639,0.19250953197479248,-0.14677362143993378,-0.13295821845531464,0.09565678983926773,0.15700635313987732,0.00672869011759758,0.1653805673122406,-0.017541754990816116,-0.07047482579946518,-0.10095442831516266,-0.1810147762298584,-0.05585597828030586,0.06749182939529419,-0.11976657807826996,-0.09487071633338928,0.3108523488044739,-0.04354890063405037,0.05899600684642792,-0.16793423891067505,-0.04454229027032852,0.22459909319877625,0.033286090940237045,0.05401373654603958,-0.1777445524930954,-0.145769864320755,0.03430962190032005,0.038397736847400665,0.12797272205352783,-0.23772042989730835,-0.005804651882499456,-0.07168763130903244
0.020682519301772118,0.1758684515953064,-0.10404489189386368,0.1381145417690277,-0.21564032137393951,0.1695995330810547,-0.04421200230717659,0.2001074105501175,0.02948627434670925,-0.004489186219871044,0.1143430545926094,-0.09824211895465851,-0.32119375467300415,-0.12393160164356232,0.12015258520841599,-0.13445667922496796,-0.2760584056377411,0.09563891589641571,-0.163599893450737,-0.04325973615050316,-0.18356791138648987,-0.07239954173564911,0.0965966060757637,-0.0729953795671463,0.12109684944152832,-0.10254780948162079,-0.025114264339208603,0.15046805143356323,-0.07670991867780685,-0.15509580075740814,-0.09909512102603912,-0.13749375939369202,-0.19304218888282776,-0.25398898124694824,0.285698264837265,-0.02597878873348236,0.04856235533952713,-0.1300716996192932,0.09514982998371124,-0.14172004163265228,0.12974056601524353,-0.10831945389509201,0.015758294612169266,-0.24913829565048218,-0.03406170755624771,0.13814036548137665,-0.2522813677787781,0.09639260172843933,-0.16423654556274414,-0.18032972514629364
-0.1990925818681717,-0.051295503973960876,0.15039260685443878,0.06896387785673141,0.04860363155603409,0.17116877436637878,0.004745730198919773,0.08868051320314407,0.14489667117595673,-0.10887365788221359,-0.05882084369659424,-0.19459833204746246,-0.0634937435388565,0.1738373190164566,0.09661432355642319,0.18739764392375946,-0.09257108718156815,0.19517086446285248,0.029300125315785408,0.11395074427127838,-0.18992413580417633,0.006908580660820007,-0.23553630709648132,-0.10990628600120544,-0.13971522450447083,0.09690341353416443,-0.09366452693939209,-0.11775584518909454,0.1167498230934143,0.11996979266405106,0.23807910084724426,-0.050292424857616425,-0.16381673514842987,0.04716126248240471,-0.10588973015546799,-0.1640021950006485,0.22339507937431335,0.13653729856014252,-0.3165884017944336,0.15434220433235168,-0.048510320484638214,0.04501284286379814,0.26168590784072876,0.03820544108748436,-0.1086910292506218,0.04675085097551346,-0.1300238072872162,-0.07529603689908981,0.061316464096307755,-0.22009581327438354
-0.04583480954170227,0.2013295739889145,0.13410639762878418,0.08288964629173279,-0.1006801649928093,-0.08827164769172668,0.0017345071537420154,0.18388895690441132,-0.07343405485153198,0.18225806951522827,0.10718394070863724,-0.0382196381688118,0.30286872386932373,-0.2730518877506256,0.04981418326497078,-0.022121461108326912,-0.05565676838159561,0.028756510466337204,-0.26406872272491455,0.28691625595092773,0.036894604563713074,-0.03439939394593239,-0.19324128329753876,0.21664370596408844,0.029392650350928307,0.013270250521600246,0.013479549437761307,-0.14116208255290985,-0.17439235746860504,-0.03548719733953476,-0.27109962701797485,0.04975612834095955,-0.09320537745952606,0.12975725531578064,0.24218373000621796,-0.04344363138079643,-0.2205040156841278,-0.016580771654844284,-0.029370032250881195,0.2075788527727127,-0.09152093529701233,-0.05624353885650635,-0.05668133497238159,-0.008786479942500591,0.06240914762020111,-0.07069556415081024,-0.20529279112815857,0.05997048318386078,0.18017727136611938,0.008778712712228298
-0.1932530403137207,0.1602853387594223,-0.017200032249093056,0.22317923605442047,-0.06256911158561707,-0.18021292984485626,0.1815456598997116,-0.1905849725008011,-0.002093861112371087,0.03922124207019806,-0.17389941215515137,0.10268004983663559,-0.06341946125030518,-0.22520233690738678,-0.12290795147418976,0.002408280037343502,0.12136109918355942,-0.008439106866717339,0.07997707277536392,-0.05093952268362045,-0.04883816838264465,-0.1197219043970108,-0.12446796894073486,0.30956798791885376,-0.16039597988128662,0.23263050615787506,0.20145320892333984,0.16070705652236938,0.1304856836795807,-0.08019465208053589,0.192508727312088,0.15726472437381744,-0.2298370599746704,0.0707075297832489,-0.06740059703588486,-0.13266362249851227,0.01316773984581232,-0.12730173766613007,-0.03538667783141136,-0.30910733342170715,-0.014209803193807602,0.10304421931505203,0.10967428982257843,-0.11938084661960602,-0.1558724194765091,-0.0029106363654136658,-0.09311432391405106,-0.13368241488933563,-0.07491826266050339,-0.13574746251106262
0.032482340931892395,-0.10549051314592361,-0.018330739811062813,-0.23980095982551575,0.3426755964756012,0.06608189642429352,9.097688234760426e-06,0.03772341459989548,0.16731594502925873,-0.23182231187820435,0.07016892731189728,-0.05162081867456436,-0.2219764143228531,0.3472614586353302,-0.08911697566509247,0.03616535663604736,0.13858215510845184,0.03244777396321297,0.09019386023283005,0.005537622608244419,0.12447856366634369,0.08197988569736481,0.10737694054841995,-0.08919913321733475,0.32590773701667786,-0.14395253360271454,-0.1507149040699005,0.0027535385452210903,-0.16841433942317963,0.13514278829097748,0.24735547602176666,0.09516148269176483,-0.016748210415244102,0.24993562698364258,-0.03782577067613602,-0.15382120013237,0.016208084300160408,-0.09800920635461807,0.012492358684539795,-0.08626960217952728,-0.03253968060016632,-0.014359790831804276,0.23599211871623993,0.0021756545174866915,0.3652532994747162,0.16465432941913605,0.22942474484443665,-0.11370865255594254,-0.050877366214990616,-0.09723509848117828
0.08967942744493484,-0.0020757780876010656,0.08508621901273727,-0.13150149583816528,-0.17585663497447968,0.07653351128101349,0.14397309720516205,-0.008351319469511509,-0.14096219837665558,0.12734688818454742,0.02915225736796856,0.1339598000049591,0.13185717165470123,-0.023285727947950363,-0.06630811095237732,0.1186613067984581,0.10575110465288162,0.16756847500801086,0.18839630484580994,0.028911428526043892,0.0617295578122139,-0.203602135181427,0.07289724797010422,0.06726349145174026,0.004656052682548761,-0.04002000018954277,0.09107611328363419,0.262970507144928,0.14118340611457825,0.2075139433145523,-0.3056527376174927,0.09252258390188217,-0.018098950386047363,-0.0644674003124237,0.04107572138309479,-0.2614094316959381,-0.23358780145645142,-0.100858174264431,-0.018279951065778732,-0.023641323670744896,0.06876436620950699,0.303099125623703,0.04344126954674721,-0.014196568168699741,0.05667029693722725,0.07472396641969681,-0.08982140570878983,-0.15301744639873505,0.13694268465042114,-0.11883033066987991
0.18038718402385712,0.003829055465757847,0.087403304874897,0.06370898336172104,-0.06273471564054489,0.02897799387574196,0.11731699854135513,-0.1455860584974289,0.022163713350892067,0.01653680019080639,0.32295700907707214,0.1042303591966629,0.031090043485164642,-0.13301511108875275,-0.06211632490158081,0.37221357226371765,-0.043301865458488464,-0.18991601467132568,-0.28702670335769653,-0.2945185899734497,0.2013099193572998,-0.0297080185264349,-0.16698364913463593,-0.06600315123796463,-0.17058706283569336,-0.13347281515598297,0.10285727679729462,0.16781263053417206,0.030014479532837868,0.012740886770188808,-0.07407694309949875,0.01958635076880455,-0.05521851405501366,-0.18806810677051544,-0.31121572852134705,0.01961871050298214,-0.043936703354120255,0.07230205088853836,-0.24236230552196503,0.22811006009578705,0.06209470331668854,0.08693762868642807,0.11103899776935577,0.009444037452340126,0.09321379661560059,-0.42106324434280396,-0.12086308002471924,0.12862160801887512,0.3670942783355713,-0.2814423441886902
0.10547787696123123,-0.17538191378116608,0.18945997953414917,0.1423317939043045,0.07589804381132126,-0.008495362475514412,0.06692595779895782,0.2572183310985565,-0.09980138391256332,-0.018550096079707146,0.13991741836071014,0.1596275120973587,0.13376815617084503,-0.1860327124595642,-0.07315133512020111,0.005943561438471079,-0.017710300162434578,0.024129603058099747,-0.19978079199790955,0.2090386599302292,-0.12742836773395538,-0.2734910249710083,-0.1722550243139267,0.2330804318189621,0.009948121383786201,-0.038422875106334686,-0.2584671676158905,0.23724758625030518,0.10216663777828217,-0.12353642284870148,0.031358543783426285,0.15963347256183624,0.11645534634590149,-0.30644485354423523,-0.013625812716782093,0.13816502690315247,-0.09667229652404785,-0.044818103313446045,-0.250074565410614,0.17940649390220642,0.2892071008682251,-0.2213146984577179,-0.10119234770536423,-0.01524284016340971,0.10633131861686707,0.14101506769657135,0.09807950258255005,0.0053809527307748795,0.19206295907497406,0.036166053265333176
-0.02846161089837551,-0.09269886463880539,-0.1473260074853897,0.0430750697851181,0.2565366327762604,-0.1533726304769516,0.16137662529945374,0.07284276187419891,0.09886280447244644,0.12177518010139465,0.08678718656301498,0.12153773009777069,-0.10504992306232452,0.16328272223472595,-0.2079460173845291,-0.2151300311088562,-0.1268676370382309,-0.1929282546043396,0.31356942653656006,-0.14382918179035187,-0.011420183815062046,0.09773307293653488,0.1191854253411293,-0.00038622485590167344,-0.010429831221699715,-0.09061788022518158,0.15893545746803284,-0.08240719884634018,0.03421883285045624,-0.1183452159166336,0.08755869418382645,0.17229843139648438,0.06946757435798645,0.03060411475598812,0.11529342085123062,-0.2516085207462311,-0.1751890331506729,-0.03364880755543709,0.09758440405130386,0.27441486716270447,-0.23325157165527344,0.18348966538906097,0.06359785795211792,-0.06003859266638756,-0.1581447720527649,-0.20711565017700195,-0.21635644137859344,-0.02128477767109871,0.025418326258659363,0.20125119388103485
0.16578929126262665,0.19060708582401276,0.17924970388412476,0.06350364536046982,-0.28066110610961914,-0.10057459026575089,0.0989692434668541,0.22200247645378113,0.08648201078176498,-0.11314745247364044,-0.093613401055336,-0.042200081050395966,0.1357766091823578,0.08578286319971085,0.017671620473265648,-0.05704043060541153,-0.02270105667412281,-0.1536572128534317,-0.21936805546283722,-0.055064763873815536,-0.03232240304350853,0.1688147932291031,0.0919099971652031,-0.07791093736886978,0.11543575674295425,0.11058825999498367,-0.059153832495212555,0.05146167054772377,-0.02145741879940033,0.20679925382137299,0.008128775283694267,0.1390152871608734,-0.017059804871678352,0.19509634375572205,0.07522081583738327,-0.1416260004043579,0.1907372921705246,-0.1441965103149414,-0.12261535227298737,0.0021067922934889793,0.22615036368370056,0.03803667426109314,0.004155426286160946,-0.07863407582044601,0.06450222432613373,-0.07691172510385513,-0.1932295560836792,0.04984070360660553,-0.1862899363040924,-0.14754724502563477
-0.046307049691677094,-0.027315789833664894,-0.08567281067371368,0.31701093912124634,0.23367275297641754,-0.20458899438381195,0.1048615500330925,0.19635087251663208,0.2532085180282593,0.1079791933298111,-0.057469692081213,0.03139578923583031,-0.3260113596916199,0.09088412672281265,-5.6146905990317464e-05,0.10517635941505432,-0.09561718255281448,0.03689002990722656,-0.10403526574373245,-0.00013494071026798338,0.3685552477836609,-0.050648387521505356,0.1873054802417755,-0.08402107656002045,-0.13300931453704834,0.0027119270525872707,-0.020381949841976166,0.036377131938934326,0.14581747353076935,0.18519699573516846,0.03388418257236481,-0.010899272747337818,-0.08896693587303162,-0.03999883681535721,0.08228972554206848,-0.18607373535633087,-0.1862770915031433,0.1320039927959442,0.0065238806419074535,0.18621566891670227,-0.318387508392334,-0.02506321482360363,-0.03284584358334541,-0.1140766590833664,0.04147162288427353,-0.01993999071419239,0.06209183856844902,0.16799841821193695,-0.07402856647968292,0.268043577671051
-0.25049442052841187,0.046213336288928986,-0.04024162143468857,0.14474748075008392,-0.21506935358047485,0.20428358018398285,0.10656774789094925,0.11107949912548065,0.2706686556339264,0.10214017331600189,-0.11494427919387817,-0.02922743931412697,-0.18210729956626892,0.1320047676563263,0.05599605292081833,-0.1619180589914322,0.15563172101974487,0.07071951031684875,0.05415346100926399,0.09720288962125778,-0.2155868411064148,0.18915319442749023,-0.013219513930380344,-0.11235803365707397,-0.0807172879576683,-0.1793978214263916,0.0593937449157238,-0.09448917210102081,0.08883552998304367,0.13622713088989258,0.29318130016326904,-0.05885918065905571,0.003545176237821579,0.234521746635437,-0.21654745936393738,-0.20514436066150665,-0.0926700010895729,0.1344843953847885,-0.15423163771629333,-0.12002213299274445,-0.085484080016613,0.1409745067358017,-0.21537911891937256,0.009299667552113533,-0.1493728756904602,-0.008966042660176754,-0.0009447267511859536,0.3127852976322174,0.05203922465443611,0.15348218381404877
-0.05150499939918518,0.20482264459133148,-0.13182073831558228,0.2118372917175293,0.20295439660549164,0.27712327241897583,0.040923163294792175,-0.2535746693611145,-0.0366300493478775,-0.11922364681959152,0.22169430553913116,-0.14888979494571686,0.13955473899841309,0.0445893295109272,0.07535185664892197,0.13163605332374573,-0.07826221734285355,0.057943474501371384,-0.3208611011505127,-0.16967079043388367,0.10490693151950836,-0.0822477862238884,-0.10626871138811111,-0.0569123774766922,-0.10240551084280014,-0.013098860159516335,0.07705555856227875,-0.03296290710568428,-0.03866036981344223,-0.2767755389213562,-0.06787688285112381,0.2550147771835327,-0.14220081269741058,-0.12180733680725098,-0.1922418773174286,-0.06295011937618256,0.1697486788034439,-0.18391962349414825,0.04700566455721855,0.061791375279426575,0.06583642959594727,0.03409035503864288,-0.05423108488321304,0.0933888852596283,0.08766680955886841,-0.23771065473556519,-0.1409159153699875,0.05157865583896637,-0.014146083034574986,0.14686506986618042
0.13426469266414642,-0.006259518675506115,-0.25175538659095764,-0.05736763775348663,-0.09850622713565826,-0.06211182475090027,-0.009700611233711243,-0.07532136887311935,-0.2632346451282501,0.06103406101465225,-0.12430045008659363,0.2582794725894928,0.36598527431488037,-0.29371583461761475,0.08733831346035004,0.0661274641752243,-0.10247711837291718,-0.12645457684993744,-0.10321135073900223,0.0716596469283104,0.0532938614487648,-0.226577490568161,0.059261731803417206,-0.054867420345544815,-0.18693959712982178,0.155473992228508,0.1022229939699173,-0.16586405038833618,0.019515492022037506,-0.20839135348796844,-0.001718736719340086,0.2676078975200653,-0.1416679322719574,-0.07638795673847198,-0.03629568591713905,-0.11437330394983292,-0.29422658681869507,0.11957735568284988,-0.3637019693851471,-0.2800154983997345,-0.05594591423869133,0.008230336010456085,-0.07178167253732681,0.07966367900371552,-0.224180206656456,-0.14190955460071564,0.16154873371124268,0.1766674816608429,0.1694735437631607,-0.09355026483535767
-0.03979259729385376,0.13418711721897125,0.0031538596376776695,-0.07570250332355499,-0.15607759356498718,-0.15581393241882324,-0.09974890202283859,-0.05075463652610779,0.06322970241308212,-0.1283331960439682,-0.15713150799274445,-0.1870054304599762,-0.045121144503355026,-0.12912654876708984,0.19018059968948364,0.25171083211898804,-0.026109730824828148,0.09210328757762909,0.11560626327991486,0.07018681615591049,0.1185845360159874,0.0672970712184906,-0.182604119181633,0.18240587413311005,-0.07582280039787292,0.05708261579275131,-0.011404555290937424,-0.08757396042346954,-0.07834532856941223,-0.005453186109662056,-0.012110792100429535,-0.12179417908191681,0.2407289296388626,0.13639242947101593,-0.28579139709472656,-0.06262712925672531,-0.043735746294260025,0.10556669533252716,0.22527526319026947,0.16926103830337524,-0.011435778811573982,0.12413329631090164,0.14057759940624237,-0.08735153824090958,0.07912448793649673,0.020421752706170082,-0.13861146569252014,-0.09893874824047089,0.10320494323968887,0.2786083221435547
0.05184026062488556,0.005770180840045214,0.03560918569564819,0.009374691173434258,0.09471139311790466,-0.09873795509338379,-0.09038642793893814,-0.16454777121543884,-0.20300208032131195,-0.13782405853271484,0.21661122143268585,0.03521670773625374,-0.14393500983715057,-0.06638024747371674,-0.16517899930477142,0.15551890432834625,0.18804606795310974,-0.2070246785879135,0.002017430029809475,-0.01327209547162056,-0.1104329377412796,-0.04647841677069664,0.10367186367511749,-0.2283935397863388,0.21569526195526123,0.2170649915933609,0.22626079618930817,0.011644115671515465,-0.0838632881641388,0.08689334988594055,-0.18931438028812408,-0.20195803046226501,0.29106763005256653,0.20096981525421143,0.0650651827454567,0.05397333577275276,0.12636299431324005,0.05324389040470123,-0.13222087919712067,-0.009406642988324165,0.053095992654561996,-0.07629787921905518,-0.2456713616847992,-0.05015762895345688,-0.07213059812784195,-0.15907776355743408,-0.008696320466697216,0.0336456224322319,-0.10619310289621353,0.19392269849777222
0.050516918301582336,0.19048674404621124,-0.14347253739833832,0.11547700315713882,0.18467700481414795,-0.21759532392024994,-0.0009613902075216174,0.09943769127130508,0.02269011177122593,-0.014720926061272621,-0.1746985912322998,0.10070941597223282,0.11525480449199677,0.1668184995651245,-0.05925045162439346,-0.17725034058094025,0.001277421717531979,0.3190738558769226,-0.1331394761800766,-0.16521984338760376,0.14196985960006714,-0.05885006859898567,-0.10907580703496933,-0.10630228370428085,0.13096313178539276,0.0399179607629776,0.053060196340084076,0.08237612247467041,0.012214587070047855,-0.0014030591119080782,0.09975754469633102,-0.08043640106916428,0.09489806741476059,-0.01108501199632883,0.003635934554040432,-0.013198480941355228,0.1508714258670807,-0.16964423656463623,-0.13984227180480957,-0.2828027904033661,0.17874495685100555,-0.08702944964170456,0.17574948072433472,0.06617908179759979,0.1415674388408661,0.04362811520695686,0.04840522259473801,0.04674917086958885,-0.09581075608730316,0.0733896940946579
-0.011306993663311005,-0.12123184651136398,-0.3574863374233246,0.11638256907463074,0.07856957614421844,0.1302010416984558,0.17944037914276123,-0.12937644124031067,0.10862011462450027,0.09597884118556976,-0.19876156747341156,-0.03385467082262039,0.009011009708046913,0.017841754481196404,0.0629270002245903,-0.1118365228176117,0.211631178855896,0.11717943847179413,0.32026320695877075,0.11218810081481934,-0.06504829972982407,-0.3006088137626648,0.025487666949629784,0.0919177234172821,-0.11134001612663269,0.1375635862350464,0.040456414222717285,-0.16539309918880463,0.32432761788368225,-0.1880282312631607,0.2725815176963806,-0.16158688068389893,0.12875235080718994,0.06571879982948303,-0.01999412290751934,0.09251094609498978,-0.18805857002735138,-0.008123485371470451,0.11176539212465286,0.07426139712333679,-0.17527033388614655,0.24367952346801758,0.15153777599334717,-0.09146041423082352,0.1421588659286499,0.14587120711803436,-0.11835430562496185,-0.07635152339935303,0.12766167521476746,-0.00740452203899622
0.11566523462533951,0.2371230274438858,-0.1187741756439209,0.20897948741912842,0.05779702961444855,-0.20422574877738953,-0.1751215159893036,0.2336418628692627,-0.09448666870594025,-0.1864793747663498,0.015248573385179043,0.22214020788669586,0.23883478343486786,-0.06627670675516129,-0.027457555755972862,0.0005240166210569441,0.06106380373239517,-0.09915632754564285,-0.1671646684408188,-0.16093333065509796,0.26347941160202026,0.014465630054473877,-0.22024835646152496,0.043401915580034256,-0.16064120829105377,-0.16047567129135132,-0.02848637104034424,-0.06483133137226105,0.11737676709890366,0.21148402988910675,-0.21932698786258698,-0.1447247564792633,-0.08507707715034485,0.016754737123847008,0.013643673621118069,-0.13600224256515503,-0.02610931731760502,-0.11188797652721405,0.0995739996433258,0.12883742153644562,-0.11876269429922104,0.07402778416872025,-0.2875102460384369,0.16697290539741516,-0.24100029468536377,0.046313751488924026,0.09338116645812988,0.0243535116314888,0.10774161666631699,-0.21344397962093353
-0.01882999576628208,0.028833620250225067,-0.04575749486684799,-0.14164680242538452,-0.07932346314191818,0.06629438698291779,0.23840144276618958,-0.16975659132003784,0.0013334527611732483,0.18320167064666748,0.11493989080190659,-0.23922696709632874,-0.06754831224679947,-0.13072969019412994,-0.08013254404067993,0.06071830168366432,-0.29717516899108887,-0.08966639637947083,-0.17092563211917877,-0.1721341907978058,0.018322551622986794,0.12012903392314911,-0.004860927350819111,0.14103907346725464,-0.02564779482781887,0.04543871060013771,0.008459124714136124,-0.01876196637749672,-0.09438345581293106,0.2687948942184448,0.21920830011367798,0.1282758116722107,-0.1338249146938324,-0.06291427463293076,0.14475606381893158,-0.0014808254782110453,-0.01383526436984539,-0.30719059705734253,-0.18696875870227814,-0.29471829533576965,-0.05329897999763489,-0.31679123640060425,-0.04022922366857529,-0.016085781157016754,-0.062077708542346954,0.048899661749601364,-0.01898965612053871,0.20624779164791107,0.15097492933273315,0.1358703225851059
-0.12777307629585266,0.20827536284923553,-0.048295337706804276,-0.31301605701446533,-0.050432879477739334,0.15604005753993988,-0.1348891258239746,-0.07552105188369751,0.35752832889556885,-0.1426560878753662,-0.18148279190063477,-0.05610688403248787,0.06407960504293442,-0.15468215942382812,0.04359851032495499,-0.11231426894664764,0.04513481631875038,-0.1514820158481598,-0.04656035080552101,-0.09873788058757782,-0.041331417858600616,-0.2918928265571594,0.020290683954954147,0.2550351619720459,0.22245009243488312,-0.21153217554092407,0.019388044252991676,0.07917574793100357,0.20392443239688873,0.1956000179052353,0.05882588401436806,0.21507816016674042,0.16069306433200836,0.22392432391643524,0.3329050838947296,0.1417229324579239,0.003106731688603759,-0.1636848896741867,0.15080490708351135,0.0011128672631457448,-0.14486008882522583,-0.05925484374165535,-0.2042303830385208,0.01605319418013096,0.035613276064395905,0.16680528223514557,0.05874691158533096,0.10513290762901306,0.0005755677120760083,0.10067608952522278
0.05403412878513336,-0.1665022075176239,-0.04416607692837715,-0.15128332376480103,-0.02066865563392639,-0.157953679561615,0.03000279888510704,0.21271318197250366,0.10385163128376007,0.010482581332325935,-0.1289277821779251,0.03767380490899086,0.24514281749725342,-0.2633390426635742,-0.12949098646640778,0.18265201151371002,0.06100716441869736,-0.058422647416591644,0.14173589646816254,0.07172805815935135,-0.055275142192840576,-0.14780303835868835,0.04729598015546799,-0.006217522546648979,0.1304512619972229,0.2128179669380188,0.1364310383796692,0.09668658673763275,-0.11424805968999863,0.2792208194732666,-0.16099505126476288,0.0876365676522255,-0.03089521825313568,0.15764270722866058,0.18039391934871674,0.23691025376319885,-0.09972120076417923,-0.20962119102478027,0.045505765825510025,0.03765558823943138,0.019761627539992332,-0.06249842047691345,-0.016722923144698143,0.22607791423797607,0.13800279796123505,0.1816490888595581,-0.02901109866797924,0.1678696870803833,0.25541117787361145,-0.22448556125164032
0.18177086114883423,-0.13981212675571442,0.2338048368692398,0.056013207882642746,0.2415323108434677,0.11053920537233353,-0.15508700907230377,0.11156614869832993,0.10020536184310913,0.21026459336280823,0.04332144185900688,0.14027193188667297,0.16737563908100128,-0.10823233425617218,0.05343841016292572,0.15881697833538055,0.17534080147743225,0.12612265348434448,0.01828606054186821,-0.1575704663991928,-0.09509523957967758,-0.060134369879961014,-0.005254136398434639,0.1408987194299698,-0.02489495649933815,0.06230836734175682,0.026619404554367065,-0.04873480647802353,-0.025498447939753532,-0.1936088651418686,-0.10171052813529968,-0.11249936372041702,-0.09635371714830399,0.27218082547187805,0.10862419009208679,0.20285367965698242,-0.15375499427318573,-0.08267766237258911,-0.19608090817928314,-0.10621632635593414,-0.18205976486206055,-0.22523288428783417,0.00029061714303679764,0.10761033743619919,-0.16510334610939026,0.12196991592645645,-0.06293875724077225,0.1371515989303589,-0.035811539739370346,0.09789714962244034
0.0027158870361745358,0.20081691443920135,-0.06928151845932007,0.08278535306453705,0.14568673074245453,-0.08842722326517105,-0.2717767357826233,0.08988656103610992,0.293927401304245,0.1083730086684227,-0.17987455427646637,-0.27936315536499023,-0.01708066835999489,-0.15420520305633545,0.21465294063091278,0.2385404258966446,0.11317268013954163,0.1887393742799759,-0.2540223300457001,-0.17638295888900757,-0.037399739027023315,0.14716750383377075,0.05551711842417717,-0.23398081958293915,-0.06985562294721603,-0.014075858518481255,0.02559201791882515,0.05922630801796913,-0.018388360738754272,-0.266312837600708,0.10715450346469879,0.05201159045100212,0.12169946730136871,-0.22053483128547668,0.11211103200912476,-0.2840149998664856,-0.03534463047981262,0.009146228432655334,0.012332674115896225,-0.18696685135364532,-0.11686906963586807,-0.07460234314203262,0.25421586632728577,0.034350767731666565,0.14240506291389465,-0.008008299395442009,-0.16027513146400452,0.28543388843536377,-0.10387726128101349,0.1860676258802414
0.032332051545381546,0.2861815392971039,0.04343138262629509,-0.25596004724502563,-0.04292365908622742,-0.18636207282543182,-0.07691317796707153,-0.13688239455223083,0.14451029896736145,0.2074473351240158,-0.22803157567977905,0.014962372370064259,0.3527699112892151,-0.00650719553232193,0.18149550259113312,-0.21878372132778168,-0.16457942128181458,0.07823934406042099,-0.012426349334418774,0.0883379727602005,-0.2899501621723175,-0.21406656503677368,-0.09054680913686752,-0.1341378092765808,-0.006721587851643562,0.036368463188409805,-0.3132859766483307,0.09343458712100983,0.18933069705963135,-0.029106633737683296,0.24462653696537018,-0.08138222992420197,-0.13112594187259674,0.0907822698354721,-0.019522398710250854,0.03556576371192932,0.12147146463394165,0.03464283049106598,-0.12176214158535004,-0.08268105983734131,0.16489152610301971,0.2302333414554596,0.06494420766830444,0.03127194941043854,-0.00904999952763319,0.23898738622665405,0.26405614614486694,-0.13056954741477966,-0.023667005822062492,0.01911824196577072
0.02544054388999939,0.1654382348060608,0.05078936740756035,0.08568368852138519,0.03742774575948715,0.2304382175207138,-0.12178706377744675,-0.16638509929180145,0.31910425424575806,0.23137906193733215,-0.3239920139312744,0.01298608724027872,0.04713360592722893,0.21017874777317047,-0.05873087793588638,-0.16333313286304474,0.07460461556911469,-0.1991964876651764,0.05892208591103554,-0.1291571706533432,-0.19528327882289886,-0.18270602822303772,-0.0538007989525795,0.3126014471054077,0.17790575325489044,0.009961621835827827,-0.09562250971794128,-0.19858770072460175,0.049319393932819366,-0.007675052620470524,-0.05958991497755051,0.032035041600465775,0.012628253549337387,0.1491445153951645,-0.06115581840276718,0.04933622479438782,-0.04673783853650093,0.29972949624061584,-0.35659676790237427,-0.23031951487064362,0.040247928351163864,-0.09170286357402802,0.15862411260604858,0.1831861436367035,0.059109434485435486,-0.3018336594104767,0.15423767268657684,0.059442922472953796,-0.0677238330245018,0.12156686186790466
-0.1480327546596527,-0.17328117787837982,0.23409926891326904,-0.2878105044364929,0.11077665537595749,-0.12492648512125015,0.09911247342824936,-0.10680963844060898,0.09846051037311554,-0.1644253134727478,0.09317739307880402,0.14420653879642487,0.08183132857084274,0.059400733560323715,-0.0931517630815506,-0.013563347980380058,0.0446208119392395,0.11036717891693115,-0.12315565347671509,-0.008103091269731522,0.062270235270261765,-0.1304769665002823,-0.17296238243579865,0.026990775018930435,0.0030013814102858305,-0.09472685307264328,-0.09732096642255783,0.26266515254974365,-0.07783136516809464,-0.03984321281313896,-0.06651502102613449,0.1181207150220871,-0.20824658870697021,0.10902752727270126,0.030160201713442802,0.10424879193305969,-0.12240855395793915,-0.06611610949039459,0.06608986854553223,-0.22942568361759186,-0.053678058087825775,0.15914177894592285,-0.041240841150283813,0.20464739203453064,0.03971000760793686,0.0815957635641098,-0.15533331036567688,0.07722976058721542,-0.043296702206134796,0.09759838879108429
-0.0956253781914711,-0.04839552938938141,0.06393934041261673,0.22446809709072113,0.0788193941116333,0.1191168799996376,-0.21019773185253143,-0.24857284128665924,-0.16078269481658936,0.17676006257534027,0.016461873427033424,0.2121158242225647,-0.014669709838926792,0.10891913622617722,0.17715589702129364,-0.12447647005319595,0.17969442903995514,-0.13416045904159546,0.3628152310848236,0.18264684081077576,-0.10246862471103668,-0.07148343324661255,0.11909779161214828,-0.0032361680641770363,-0.01002262718975544,0.0915897786617279,0.31075841188430786,0.16700369119644165,0.057348914444446564,-0.18071290850639343,0.11425386369228363,0.17149503529071808,0.10748947411775589,0.03422170132398605,-0.10357005894184113,0.13916224241256714,-0.05359235778450966,0.19093093276023865,0.19806337356567383,0.038248930126428604,-0.07986726611852646,-0.024507489055395126,-0.007766394410282373,-0.23441167175769806,0.14972473680973053,-0.2619730532169342,-0.10203868895769119,0.06704232096672058,-0.2506605088710785,0.17387723922729492
0.13452903926372528,-0.03474247455596924,0.23959454894065857,0.09452158212661743,-0.037429872900247574,-0.03417528420686722,0.1565718799829483,-0.04298669099807739,0.038989949971437454,0.11385100334882736,0.20608121156692505,-0.01145804300904274,0.02170446328818798,-0.08423127233982086,0.014367814175784588,-0.2560259699821472,0.16635651886463165,0.28586527705192566,-0.18353554606437683,-0.1784127652645111,0.05417885631322861,0.2645532786846161,0.012715873308479786,-0.09199246019124985,-0.10215242207050323,-0.10435503721237183,-0.18705905973911285,-0.15514230728149414,-0.19354082643985748,-0.0054131122305989265,-0.16770727932453156,0.010742195881903172,0.018112508580088615,0.11187893152236938,0.015439197421073914,0.14284178614616394,0.26656126976013184,0.13602305948734283,0.06826695054769516,0.30697670578956604,-0.027457837015390396,0.05938150733709335,0.07642781734466553,0.036107636988162994,0.0015466149197891355,-0.13963760435581207,0.0360989086329937,0.27554851770401,-0.29846426844596863,-0.007925835438072681
0.0936276763677597,0.012392343953251839,-0.07244521379470825,-0.013131566345691681,0.17384061217308044,-0.11078551411628723,-0.12553584575653076,-0.10514487326145172,-0.18671570718288422,0.019674545153975487,0.08823063969612122,0.05446575954556465,-0.09989934414625168,0.24157871305942535,-0.12521694600582123,0.16912536323070526,0.3132633864879608,0.07995837926864624,-0.028407467529177666,-0.012019850313663483,0.01765437424182892,0.18122634291648865,-0.10443158447742462,0.1365974396467209,0.10091341286897659,0.05996779352426529,0.16449753940105438,-0.007484118919819593,-0.21340326964855194,0.12787911295890808,-0.1502818763256073,0.030043765902519226,0.1569376438856125,-0.06001743674278259,0.010536237619817257,0.13820266723632812,-0.16964279115200043,-0.08252358436584473,0.0919448658823967,0.3005479574203491,0.04636178910732269,0.23108451068401337,-0.05224403366446495,-0.08168364316225052,-0.05363929271697998,0.016848431900143623,-0.14097003638744354,0.08500606566667557,0.03677782043814659,-0.13845086097717285
-0.29664358496665955,-0.0006201699725352228,-0.04824546352028847,-0.021302705630660057,0.24664582312107086,0.20541316270828247,0.048326246440410614,-0.05859982967376709,0.33266523480415344,0.13083291053771973,-0.18107712268829346,-0.24536508321762085,0.10038986802101135,0.06239743530750275,0.16214324533939362,0.1667780727148056,-0.21629780530929565,0.24560458958148956,0.09740731865167618,0.09733852744102478,-0.4012490212917328,-0.057215169072151184,-0.15925292670726776,-0.10819416493177414,0.12089613080024719,-0.04375002160668373,0.010752566158771515,0.114041268825531,-0.03667467087507248,-0.16751733422279358,0.11899033188819885,-0.14311814308166504,0.12122762203216553,0.17002592980861664,0.23748821020126343,0.17660382390022278,-0.02138603664934635,0.31258177757263184,0.20594289898872375,-0.08307264745235443,0.31916558742523193,0.08017046749591827,-0.1231376901268959,0.013210207223892212,0.003991818521171808,0.19148382544517517,0.01766703464090824,0.25441256165504456,0.15265938639640808,-0.14545540511608124
-0.18134601414203644,-0.05561764910817146,0.18787120282649994,-0.18107807636260986,0.023033635690808296,0.03576906397938728,-0.21946054697036743,-0.35092493891716003,-0.07396915555000305,-0.2086208313703537,0.019463997334241867,-0.06707761436700821,0.060084279626607895,-0.16378840804100037,-0.15028826892375946,-0.1945064663887024,0.0836024135351181,0.21281196177005768,-0.20986390113830566,-0.15064707398414612,-0.2731607258319855,0.2202170193195343,0.08589254319667816,-0.10243213176727295,0.03238959610462189,0.10656461119651794,-0.031972311437129974,-0.011406730860471725,-0.2427057921886444,0.10951283574104309,0.08359862864017487,0.06515464186668396,-0.06905971467494965,-0.16027025878429413,0.027305735275149345,0.14465095102787018,0.27936092019081116,0.2244414985179901,-0.010025999508798122,-0.0964118018746376,0.15461190044879913,0.09697821736335754,0.1538252830505371,-0.17300452291965485,-0.1463337391614914,-0.18846242129802704,-0.12357109785079956,0.12500113248825073,-0.08302533626556396,0.14059145748615265
0.22969383001327515,-0.3708480894565582,0.04159211367368698,0.251530259847641,0.10013925284147263,0.06404305249452591,-0.11798908561468124,-0.10772202163934708,-0.11102228611707687,0.12480013817548752,0.035776156932115555,0.040148504078388214,0.09616619348526001,0.12124855816364288,0.06189120560884476,0.16075770556926727,-0.08932343870401382,-0.20963920652866364,0.07660467177629471,-0.059780921787023544,-0.10219673812389374,-0.22681036591529846,-0.07702856510877609,0.3137565553188324,-0.08279754221439362,0.19236600399017334,-0.0917748287320137,-0.029419276863336563,0.08822134882211685,-0.06588400900363922,-0.013713112100958824,0.009756458923220634,0.05892389267683029,-0.0006714689079672098,-0.22021494805812836,0.12163455784320831,0.004094385076314211,-0.24005582928657532,0.1285312920808792,-0.005406114272773266,0.04164797440171242,-0.07477722316980362,0.10148602724075317,0.049072522670030594,0.03975829482078552,-0.009093268774449825,-0.01895151473581791,0.05904132500290871,0.15603965520858765,-0.09336356073617935
-0.1473551094532013,0.27621132135391235,-0.015714522451162338,0.05617935582995415,-0.029236597940325737,0.2461288869380951,0.2231568694114685,0.22841663658618927,-0.1843063086271286,0.10355713963508606,0.20882239937782288,0.16778427362442017,0.022056007757782936,-0.014523155055940151,0.022151395678520203,0.23496125638484955,-0.07621997594833374,0.0069775269366800785,0.026095561683177948,0.12328474223613739,-0.07471117377281189,-0.19331255555152893,0.07363596558570862,-0.04028250277042389,-0.0031332403887063265,-0.04490998759865761,-0.17270731925964355,0.03214215859770775,-0.13968360424041748,-0.1776265949010849,-0.11417689174413681,-0.07598261535167694,-0.14097198843955994,-0.02660977840423584,0.23400011658668518,0.22872163355350494,0.0894949734210968,-0.22493210434913635,-0.08966109156608582,0.11967480927705765,0.23524166643619537,-0.1771416962146759,0.13479302823543549,-0.20445744693279266,-0.09821896255016327,-0.04160473868250847,-0.25170034170150757,-0.13728216290473938,0.08806662261486053,0.11862771958112717
0.10297338664531708,0.02954396978020668,-0.17337803542613983,-0.24390809237957,-0.1439845710992813,0.026950335130095482,-0.10906894505023956,-0.13516810536384583,-0.14504468441009521,0.03130028396844864,0.14897385239601135,0.17507928609848022,-0.06258563697338104,0.006464036647230387,-0.06940639764070511,0.14256800711154938,0.03385847061872482,0.10113673657178879,-0.31970107555389404,-0.297430157661438,0.03878425806760788,-0.13920967280864716,0.08351723849773407,0.00575187848880887,-0.02455267682671547,-0.10578518360853195,0.23074573278427124,0.2664600610733032,-0.23492203652858734,0.024215443059802055,0.3502645790576935,-0.03254789486527443,0.0561877116560936,0.19347801804542542,0.0519317090511322,-0.016664355993270874,0.06981945037841797,0.1603461056947708,-0.20350666344165802,0.11428724229335785,-0.11706360429525375,-0.20148596167564392,0.06441526859998703,-0.01548274327069521,0.004820879548788071,-0.12860828638076782,-0.20046277344226837,0.39280152320861816,0.057366374880075455,0.1333678960800171
-0.11000261455774307,-0.07255078107118607,-0.09806924313306808,0.015488897450268269,-0.05332546681165695,-0.15952298045158386,0.052702538669109344,-0.13463762402534485,-0.01073127705603838,0.21874794363975525,0.01854422315955162,0.19498386979103088,-0.2535569369792938,-0.021604355424642563,-0.015906615182757378,-0.09288561344146729,0.1327127367258072,0.09693410992622375,0.08170916140079498,0.003752353135496378,-0.1237679272890091,0.1480676233768463,-0.1999284327030182,-0.25283685326576233,-0.03886944055557251,0.0050697484984993935,0.08992373198270798,-0.061761364340782166,-0.13974182307720184,-0.05848822742700577,0.0247343722730875,0.20106349885463715,0.013413040898740292,0.2524099051952362,0.011607780121266842,-0.20228509604930878,0.3365234434604645,0.004147627390921116,0.046616081148386,-0.13225585222244263,-0.0724082887172699,-0.07593259960412979,0.05053376778960228,0.05916060507297516,-0.20935171842575073,0.3224647343158722,0.20761717855930328,0.06152930110692978,0.14670994877815247,0.12441027909517288
0.15110132098197937,-0.09715050458908081,0.1745358407497406,0.07590339332818985,0.11182866990566254,0.038949962705373764,-0.13802534341812134,-0.01133290771394968,-0.12888599932193756,0.02602771297097206,0.029257982969284058,0.1526854783296585,0.008318349719047546,0.14999549090862274,-0.1778886467218399,0.11937011033296585,0.02641012705862522,0.12146010994911194,-0.0696423128247261,-0.02461455576121807,-0.007567795924842358,0.014044146984815598,0.1945151686668396,-0.0499093160033226,-0.09547775983810425,-0.06611552089452744,-0.17712320387363434,0.09161414951086044,-0.007929547689855099,-0.10252927243709564,0.1462952047586441,-0.22344520688056946,-0.16766701638698578,0.07378143072128296,-0.11645719408988953,-0.08589991927146912,-0.12087150663137436,-0.2556179463863373,0.10774146020412445,-0.04912659898400307,-0.05129067227244377,-0.06952796876430511,-0.17416203022003174,-0.10955693572759628,0.2351723611354828,0.040952395647764206,0.1597493588924408,0.002925944048911333,0.21237991750240326,0.14282257854938507
0.007768581155687571,0.18071313202381134,0.013225155882537365,-0.1359589844942093,-0.13977861404418945,-0.2060568481683731,-0.16326019167900085,0.029798567295074463,0.04994231089949608,-0.10676659643650055,0.1169431209564209,0.07031083106994629,0.20841802656650543,0.1254248470067978,-0.2211294174194336,-0.154658243060112,0.013151319697499275,0.15567708015441895,-0.026799069717526436,0.17840836942195892,-0.0270596481859684,-0.04037611931562424,-0.07331746071577072,0.24706411361694336,-0.03471815958619118,0.23062565922737122,0.04781624674797058,-0.014032323844730854,0.06600955128669739,-0.01765616610646248,-0.12004891782999039,0.20303957164287567,0.10560519248247147,-0.19094787538051605,-0.10645537823438644,0.1349867731332779,0.3010392487049103,0.17892402410507202,0.2199835181236267,-0.07726724445819855,-0.2407921403646469,0.15708500146865845,-0.0991155281662941,-0.00815851241350174,-0.1304999738931656,0.22542738914489746,0.06389766931533813,0.01821942627429962,0.02372191660106182,-0.143416166305542
