0.12016937136650085,0.025407791137695312,-0.19923408329486847,0.17657196521759033,0.05485719069838524,0.3591328561306,0.1593155860900879,-0.10804768651723862,-0.09351490437984467,0.019293533638119698,0.1382991224527359,-0.0058751157484948635,0.11759302020072937,-0.2758091688156128,-0.1434861123561859,0.07985987514257431,-0.1799292117357254,-0.20521578192710876,-0.11604728549718857,0.05537712201476097,-0.0309995636343956,-0.12441959232091904,0.18671250343322754,0.011999520473182201,-0.05363113805651665,-0.24456924200057983,-0.0753319039940834,0.12682116031646729,-0.01633063144981861,-0.12759754061698914,-0.07772945612668991,-0.09002496302127838,-0.09950754046440125,0.06730770319700241,-0.19467535614967346,0.09723276644945145,-0.2503264248371124,-0.30189433693885803,-0.13306079804897308,0.28589022159576416,0.03417640179395676,0.24160030484199524,-0.08583611994981766,0.036596085876226425,-0.01962963677942753,0.24916550517082214,-0.09655878692865372,-0.017679879441857338,0.0004059389466419816,0.20506414771080017
-0.0923551619052887,-0.05573057755827904,-0.06386978179216385,0.027464503422379494,0.2034359574317932,-0.25871506333351135,0.20132850110530853,0.25550857186317444,-0.0994143858551979,-0.19743873178958893,-0.01830572821199894,-0.3766332268714905,-0.11645910888910294,-0.2022765576839447,-0.12469577044248581,0.11744096875190735,-0.061980344355106354,0.1351957470178604,0.30271223187446594,-0.10163331031799316,0.1570812314748764,0.11377570033073425,-0.04084423556923866,0.12456592172384262,-0.09196513891220093,0.24207906424999237,-0.08620505034923553,0.06454683840274811,0.014235253445804119,-0.33893248438835144,-0.1706305295228958,0.10088171064853668,-0.003686166601255536,-0.02408982813358307,-0.07793283462524414,-0.12875203788280487,0.06750761717557907,0.1480148732662201,0.08840743452310562,-0.2034207582473755,-0.04326527938246727,0.0360143817961216,-0.1577003449201584,0.28276920318603516,-0.27106189727783203,0.08708194643259048,-0.08690992742776871,-0.1631183624267578,-0.07806681841611862,0.07513678818941116
-0.2722984254360199,-0.06428871303796768,-0.13096509873867035,-0.02182517573237419,-0.08081398904323578,0.22334858775138855,-0.09142891317605972,-0.09592621773481369,-0.22491775453090668,-0.11138368397951126,0.05524696409702301,-0.06450560688972473,0.07318289577960968,-0.019293835386633873,0.07013659179210663,0.08475345373153687,0.14052994549274445,0.07262519747018814,-0.10938066989183426,0.1692531704902649,-0.19213014841079712,0.02641727775335312,0.018336797133088112,0.10295311361551285,0.03411949425935745,-0.17403362691402435,0.08824051916599274,0.11555822938680649,0.18426036834716797,0.14004822075366974,-0.09952648729085922,-0.002706446684896946,-0.13768526911735535,-0.14851702749729156,0.13605175912380219,-0.04835934937000275,0.05776865780353546,0.05920518934726715,0.2733217477798462,-0.12682603299617767,-0.3144049048423767,-0.38434964418411255,-0.07593545317649841,0.010211127810180187,-0.14495457708835602,-0.1953403204679489,0.21580427885055542,0.1988542526960373,-0.06048932671546936,-0.16498415172100067
0.1298358291387558,-0.34315821528434753,0.010300666093826294,0.1661129742860794,0.05356351286172867,0.12341421842575073,0.12944921851158142,-0.061802249401807785,0.05052580311894417,0.1158265545964241,-0.0399881936609745,0.12218277156352997,0.32221874594688416,0.10074741393327713,0.23776361346244812,-0.17257505655288696,0.09477275609970093,0.12310541421175003,-0.09674442559480667,-0.12890009582042694,-0.018491528928279877,0.1699773520231247,-0.12592346966266632,-0.10404787212610245,0.27005067467689514,-0.20173057913780212,-3.9844475395511836e-05,-0.028840670362114906,-0.047133784741163254,-0.037444353103637695,-0.12909074127674103,0.11481934040784836,-0.045619796961545944,0.13292820751667023,-0.08704061806201935,0.07491287589073181,-0.1274729073047638,-0.16386444866657257,0.25639891624450684,0.12569651007652283,0.1441526561975479,0.11589086055755615,0.2321084588766098,-0.12499617785215378,0.17776167392730713,0.15757215023040771,-0.2829287648200989,0.18146555125713348,-0.06587082892656326,-0.16402778029441833
0.23827895522117615,-0.28323009610176086,-0.1802481710910797,-0.06799296289682388,-0.017153428867459297,0.13405899703502655,0.042255524545907974,-0.047412287443876266,-0.12055710703134537,0.24799665808677673,0.193745955824852,0.10495616495609283,-0.01522467378526926,0.033409882336854935,-0.0855390802025795,-0.20290647447109222,-0.24721039831638336,0.1384202390909195,-0.042278870940208435,0.06402426958084106,0.035393036901950836,-0.2855144441127777,0.005371855106204748,-0.22221992909908295,-0.053361184895038605,0.114967480301857,-0.011949789710342884,0.20618285238742828,-0.07056105881929398,0.04108424484729767,-0.0665820986032486,0.09564882516860962,-0.010004498064517975,-0.14600907266139984,-0.03487382084131241,-0.0687563568353653,-0.01170811615884304,0.028767403215169907,-0.02601340040564537,-0.18202345073223114,-0.08683949708938599,0.26373863220214844,0.049939848482608795,0.031127192080020905,0.01290094293653965,0.045021284371614456,0.08325324207544327,0.20047713816165924,-0.2093626856803894,0.04162747785449028
-0.28217825293540955,-0.04194842651486397,0.05765248090028763,-0.05214405432343483,0.003163801971822977,-0.014378984458744526,-0.15697689354419708,-0.27222105860710144,-0.19950518012046814,0.07838624715805054,0.05234663188457489,-0.05796908587217331,0.12322062253952026,0.13993529975414276,0.21474134922027588,-0.025274597108364105,0.08582264930009842,0.10424881428480148,-0.0032954157795757055,0.028691956773400307,-0.20796258747577667,-0.14089977741241455,-0.05962502211332321,0.1698758751153946,-0.1223590075969696,0.22734826803207397,-0.11161631345748901,0.07299145311117172,-0.04046951234340668,0.31117820739746094,-0.10361727327108383,0.016651086509227753,0.3064466416835785,-0.007069426588714123,0.1574970930814743,-0.02446667291224003,-0.08770561218261719,-0.1536971628665924,-0.0032198785338550806,-0.12262379378080368,-0.15568485856056213,0.14520052075386047,0.35069841146469116,0.14076420664787292,-0.08797285705804825,0.0543157234787941,-0.08084024488925934,0.007570007815957069,-0.2028982937335968,0.22495608031749725
-0.10880962759256363,0.06228232383728027,0.18892847001552582,0.30507978796958923,0.04231937229633331,-0.019864531233906746,-0.11831629276275635,-0.1145905926823616,0.24928811192512512,-0.18249768018722534,0.054366569966077805,0.049632154405117035,-0.061429742723703384,0.0710444375872612,0.00934781413525343,0.2413157969713211,0.14986270666122437,-0.0958806499838829,-0.24233634769916534,0.011635526083409786,-0.09331364929676056,0.249063640832901,0.08940842002630234,0.2739698886871338,0.13365454971790314,-0.2333982139825821,0.13482235372066498,0.17170847952365875,-0.14520010352134705,0.2348758429288864,-0.03022271953523159,0.1982313096523285,0.1630057990550995,-0.004783265758305788,-0.0904138833284378,-0.0036513053346425295,0.21223056316375732,-0.06774158775806427,0.040520358830690384,-0.13376003503799438,0.20586831867694855,-0.005840635392814875,0.013299975544214249,-0.10126563906669617,0.015823237597942352,0.030552338808774948,0.07699671387672424,0.0019171746680513024,-0.13110707700252533,-0.09727996587753296
-0.0355275459587574,-0.10441514849662781,0.11203775554895401,0.2969280183315277,0.33718401193618774,0.00823566596955061,-0.07444602251052856,-0.09634807705879211,0.22655899822711945,-0.06538625061511993,-0.03936374932527542,0.3335321545600891,-0.18796300888061523,-0.23270107805728912,0.045522578060626984,0.12294590473175049,-0.08783146739006042,0.03993630409240723,0.0705188736319542,0.16716979444026947,0.05782755836844444,-0.13783986866474152,0.21233303844928741,-0.2756432890892029,-0.017606060951948166,-0.19577328860759735,0.07203934341669083,-0.17821641266345978,-0.27497753500938416,0.21086762845516205,-0.0442638024687767,-0.15644986927509308,0.21716631948947906,-0.040758777409791946,0.06857854872941971,-0.06616117060184479,-0.014384709298610687,0.13716869056224823,0.06768956780433655,-0.061736732721328735,0.0753580704331398,0.004475160967558622,0.14779025316238403,-0.09387019276618958,0.133588507771492,0.020107124000787735,-0.04279720038175583,-0.21568548679351807,0.07025891542434692,-0.21781505644321442
0.07991935312747955,-0.23998506367206573,0.10265415906906128,-0.16208936274051666,0.10054872184991837,-0.1213834136724472,-0.018643025308847427,0.08797590434551239,-0.14297042787075043,0.03581099957227707,-0.15235713124275208,-0.06602601706981659,0.057916704565286636,-0.06074751913547516,0.07647759467363358,0.284161239862442,-0.15940336883068085,-0.1309691220521927,-0.1434561014175415,-0.08860024064779282,-0.036408863961696625,0.08377798646688461,0.12142423540353775,0.3404390215873718,-0.09625303745269775,0.0696432888507843,0.1452748328447342,0.14267779886722565,0.04134049266576767,0.18222619593143463,0.026297468692064285,-0.13344869017601013,0.1916300505399704,-0.06939420849084854,0.387857586145401,0.12326869368553162,0.296731561422348,-0.2031642347574234,0.06849931925535202,0.027317089959979057,-0.029879925772547722,0.11795651912689209,0.0778791755437851,0.08054179698228836,0.06372532248497009,-0.0387364886701107,0.20766258239746094,0.1535882204771042,-0.0455549992620945,-0.04266106337308884
0.18178679049015045,0.03710644319653511,0.059382516890764236,-0.10195960104465485,-0.06320251524448395,0.0530998595058918,0.014220931567251682,-0.11239700019359589,0.046160563826560974,0.026027267798781395,-0.15280959010124207,0.15965500473976135,-0.18524691462516785,0.02310187928378582,0.12610308825969696,0.13133692741394043,-0.09980421513319016,-0.05466838553547859,-0.11959890276193619,-0.15858815610408783,-0.056624241173267365,-0.12070624530315399,0.023557182401418686,0.05237090215086937,0.10328803211450577,0.26787737011909485,-0.0006228199927136302,0.11429744958877563,0.16208618879318237,-0.18845625221729279,-0.05739445984363556,0.061184175312519073,-0.10982496291399002,-0.24976329505443573,0.1350346952676773,-0.14189471304416656,0.0853475034236908,-0.05089219659566879,0.06686417758464813,-0.03318874537944794,0.04415866360068321,-0.31135496497154236,-0.1295991986989975,0.11689294129610062,-0.034322213381528854,-0.0969008207321167,0.317318320274353,-0.1489488184452057,0.014084434136748314,0.07050446420907974
-0.08426149189472198,-0.2777842581272125,-0.08566731214523315,0.010025965049862862,-0.1749187707901001,0.022617997601628304,-0.07335330545902252,-0.17500831186771393,0.15170355141162872,0.0168897844851017,-0.0437038391828537,-0.11723747104406357,-0.043272122740745544,0.12823201715946198,0.3214886784553528,-0.17098921537399292,-0.05000951141119003,-0.1052628830075264,0.041749805212020874,0.21107608079910278,-0.20795634388923645,0.01424539927393198,-0.08210203796625137,-0.02657991647720337,-0.057966891676187515,-0.07944124191999435,0.10719863325357437,0.08464720100164413,0.014814719557762146,0.009754414670169353,-0.09567553550004959,-0.0328783355653286,0.1454002559185028,-0.004771495703607798,0.14785276353359222,-0.19309982657432556,-0.17692723870277405,0.09599988162517548,-0.1714896559715271,0.14090386033058167,0.06172960624098778,0.3598795235157013,0.09982535988092422,-0.25026649236679077,-0.09989944100379944,-0.17091219127178192,-0.2131996750831604,0.08428802341222763,-0.2747345566749573,-0.14668133854866028
-0.33704674243927,-0.03435711935162544,-0.08153204619884491,-0.2263995110988617,-0.017399434000253677,0.101621612906456,-0.2511751055717468,0.07233186066150665,0.13662658631801605,-0.15484113991260529,0.06791690737009048,0.07010295987129211,0.12151455134153366,-0.21402227878570557,-0.18128636479377747,0.10002291947603226,-0.232050359249115,0.16955414414405823,-0.08046113699674606,0.10543711483478546,0.13149863481521606,-0.12199968099594116,-0.03775959089398384,0.08385780453681946,-0.06511502712965012,-0.10962370038032532,0.167388916015625,0.20758961141109467,-0.05935864523053169,-0.07793261110782623,0.15347309410572052,0.179002046585083,0.18545569479465485,0.1653381586074829,0.04516926780343056,0.09230400621891022,0.0062563298270106316,-0.06860440224409103,0.10763386636972427,0.068174347281456,-0.016384290531277657,-0.14734452962875366,0.09744692593812943,0.16011501848697662,-0.13822290301322937,0.11042837053537369,-0.3446883261203766,-0.017420032992959023,-0.18655428290367126,0.09872372448444366
0.06085456535220146,-0.06945345550775528,-0.005296924617141485,-0.20848692953586578,-0.07140707969665527,0.05230599269270897,-0.15457622706890106,-0.02632536180317402,-0.12806259095668793,-0.07033812254667282,0.08456486463546753,0.12743708491325378,0.050207849591970444,-0.019496029242873192,0.014096958562731743,0.1540701985359192,-0.024517951533198357,0.036690957844257355,-0.046741485595703125,-0.14759217202663422,-0.12489117681980133,0.10182257741689682,-0.14335092902183533,0.10113031417131424,-0.06556422263383865,-0.07148808985948563,0.06392811983823776,0.0819331482052803,-0.007482028566300869,0.3374485373497009,0.022475747391581535,0.1477845311164856,0.016030410304665565,0.3008028566837311,-0.05624742805957794,0.2536867558956146,0.32168155908584595,0.06195908412337303,0.09052726626396179,0.01496737077832222,0.20837250351905823,-0.2524530291557312,0.30059343576431274,-0.06461849808692932,-0.11139360070228577,-0.10214123129844666,-0.2928762435913086,-0.0582205094397068,0.16168278455734253,0.12042415887117386
-0.11493423581123352,0.08680255711078644,-0.028790300711989403,-0.030739063397049904,-0.053644757717847824,-0.13738186657428741,0.002934429794549942,0.12580309808254242,0.15650157630443573,0.13890618085861206,0.012272687628865242,0.012164070270955563,0.24654102325439453,0.025513967499136925,-0.0020816538017243147,-0.05062692612409592,-0.006226472556591034,0.11945285648107529,0.14239048957824707,0.09374576807022095,0.07890735566616058,-0.2779701352119446,-0.05933225899934769,0.03359938785433769,0.19946852326393127,0.0695282593369484,-0.12950968742370605,-0.050089675933122635,-0.24423202872276306,-0.1282399594783783,-0.17935499548912048,-0.037787940353155136,0.004901096224784851,-0.012553459033370018,0.06970405578613281,-0.1081680878996849,0.2597184479236603,0.006552480161190033,-0.011434800922870636,0.0019348545465618372,0.0981442928314209,0.33090564608573914,0.1333112120628357,-0.07926622033119202,-0.06740794330835342,0.10422221571207047,-0.08703448623418808,0.11543507874011993,-0.010236745700240135,-0.019390473142266273
0.06254265457391739,-0.09114114940166473,0.043958865106105804,-0.04567999392747879,-0.1581019014120102,-0.0996573269367218,-0.04466572031378746,0.3016428053379059,-0.05116535350680351,0.035065487027168274,0.17584700882434845,0.135027676820755,-0.06269676983356476,-0.12840446829795837,-0.14418448507785797,0.08118343353271484,0.16061674058437347,-0.1153172105550766,-0.020936759188771248,-0.15415187180042267,0.1006283089518547,-0.13507437705993652,0.03134423494338989,-0.14375156164169312,-0.03655068576335907,-0.03933153674006462,-0.12155463546514511,-0.09490659087896347,0.05133271962404251,-0.17235656082630157,-0.05546965077519417,0.003840174525976181,0.2338605523109436,-0.018794026225805283,-0.1685718595981598,-0.1057966947555542,-0.13223637640476227,0.2023048996925354,0.21119986474514008,0.12885227799415588,0.27196812629699707,-0.010956153273582458,-0.210514098405838,-0.031328532844781876,0.11093808710575104,-0.0934789776802063,-0.10471639037132263,0.17978642880916595,0.07783385366201401,0.09472142159938812
0.24609020352363586,0.26656728982925415,0.3165188729763031,0.07353676110506058,0.1402919888496399,-0.299815833568573,-0.04205084964632988,-0.0037292775232344866,0.254337340593338,-0.16013337671756744,0.148163303732872,0.14146120846271515,-0.11845614016056061,-0.013104661367833614,0.17665903270244598,0.06486281007528305,0.08659792691469193,-0.01655726321041584,-0.19043931365013123,-0.04657883197069168,0.11784172058105469,-0.06915095448493958,-0.15582920610904694,-0.08995643258094788,-0.3365256190299988,0.05303719639778137,0.09851033985614777,-0.18981066346168518,-0.095710389316082,0.15539181232452393,-0.14617648720741272,-0.1299661546945572,0.2416476607322693,0.03332123905420303,0.12042776495218277,0.19072438776493073,-0.07666568458080292,-0.029603276401758194,-0.049224063754081726,-0.13590122759342194,0.03604445606470108,0.11102434247732162,-0.04621052369475365,-0.29347723722457886,-0.03680156543850899,0.13657920062541962,-0.17342989146709442,-0.053369272500276566,0.09928363561630249,-0.019732899963855743
-0.02243228442966938,-0.2941060960292816,0.027201663702726364,0.15456688404083252,-0.018310558050870895,-0.13956929743289948,-0.03182558715343475,0.16483622789382935,-0.10127835720777512,-0.05026037245988846,0.013420501723885536,0.24828574061393738,-0.02495034597814083,-0.08576056361198425,0.06084556505084038,0.10395918786525726,0.05010323226451874,0.18478788435459137,-0.20606164634227753,0.2440522462129593,-0.028813853859901428,-0.051506318151950836,0.0005005416460335255,0.18829217553138733,0.10367903858423233,-0.0037236609496176243,0.22847485542297363,0.0844743624329567,0.002299556275829673,-0.14273962378501892,-0.046875689178705215,-0.06682875752449036,0.2771828770637512,0.014910105615854263,-0.03184403106570244,-0.11812038719654083,0.21940921247005463,-0.17759360373020172,0.013009092770516872,0.10547972470521927,0.16933336853981018,0.04140250012278557,-0.2590384781360626,-0.11232826113700867,0.011111783795058727,0.0990670695900917,-0.1300194412469864,-0.0037811321672052145,-0.2650430202484131,-0.024672633036971092
0.024268902838230133,0.22941945493221283,-0.07104863226413727,0.02021184377372265,-0.022015884518623352,0.0055262078531086445,0.20673435926437378,-0.10616516321897507,0.278054803609848,0.09073858708143234,-0.10038986057043076,-0.26790526509284973,-0.19972394406795502,-0.1655324250459671,-0.06969662755727768,-0.01897333189845085,-0.014079950749874115,0.12319894134998322,0.02498326450586319,-0.31658923625946045,-0.23225893080234528,-0.19953182339668274,0.1909729689359665,0.043027859181165695,-0.15028150379657745,-0.11345703154802322,0.12534545361995697,0.07813884317874908,0.04846004769206047,0.0693567618727684,-0.06803538650274277,-0.11662165820598602,-0.09893490374088287,0.14756034314632416,0.0694420114159584,0.38309353590011597,0.18558762967586517,-0.11539430916309357,-0.06622327864170074,0.13603055477142334,0.006429830566048622,-0.17420443892478943,0.08483804017305374,-0.13885901868343353,0.05080335587263107,-0.1163114458322525,-0.03463172912597656,-0.07548795640468597,0.012382677756249905,-0.29176685214042664
0.32662105560302734,0.03024570271372795,-0.035512614995241165,0.16639940440654755,-0.10984093695878983,-0.2382938116788864,-0.049721941351890564,0.24640391767024994,0.11807045340538025,0.055616218596696854,0.17800499498844147,0.24930186569690704,-0.27976158261299133,0.1435299515724182,-0.17469310760498047,0.071010522544384,0.1640760451555252,0.12450467050075531,0.04281331226229668,0.16874900460243225,0.052878350019454956,-0.11160960048437119,-0.04114895313978195,-0.06843452900648117,-0.19333378970623016,-0.009752304293215275,-0.136106938123703,0.11503218114376068,0.16311612725257874,-0.17910657823085785,-0.08450981974601746,0.038201797753572464,0.16990551352500916,0.1108502447605133,0.10792021453380585,-0.16114233434200287,0.09133395552635193,0.10412591695785522,-0.18812833726406097,0.05296054482460022,0.11757248640060425,0.16171178221702576,-0.12934690713882446,-0.09152047336101532,0.09215227514505386,0.031144078820943832,0.04386582970619202,-0.17068910598754883,0.20070482790470123,0.0705670416355133
0.1825009286403656,0.07208453118801117,0.06847527623176575,-0.004242090042680502,-0.07974254339933395,-0.014108715578913689,0.026915807276964188,-0.14935484528541565,0.07158888131380081,0.16097186505794525,0.12575514614582062,-0.20862248539924622,0.05297117307782173,0.1628819853067398,0.05386938154697418,0.11595579236745834,0.10690782219171524,-0.26816296577453613,0.09274062514305115,0.14331674575805664,0.22908562421798706,0.20227371156215668,0.09133602678775787,-0.07723496109247208,-0.049488093703985214,-0.24226754903793335,-0.05887982249259949,0.05900893732905388,-0.10488659888505936,-0.019249465316534042,0.17569144070148468,-0.10767655074596405,0.09564332664012909,0.09893292933702469,-0.051087964326143265,0.12108868360519409,0.040733687579631805,0.1753433346748352,-0.05677439644932747,-0.19886521995067596,0.16745811700820923,0.1716221570968628,-0.21574388444423676,-0.2561624348163605,-0.05071888118982315,0.07945748418569565,-0.022973759099841118,-0.08243732899427414,-0.1235753744840622,-0.07574133574962616
0.25226444005966187,-0.08492634445428848,0.14104130864143372,0.02451249770820141,0.16093777120113373,0.4287520945072174,0.10571717470884323,0.39561450481414795,0.042145077139139175,0.13404084742069244,0.2529781758785248,0.34032392501831055,0.1969364583492279,0.06066378578543663,-0.2930959165096283,-0.0039361827075481415,-0.06972507387399673,0.2831348478794098,-0.06221850961446762,-0.037824515253305435,0.09303589910268784,0.19328013062477112,0.018303416669368744,-0.10130118578672409,0.2266054004430771,0.05416903644800186,-0.0693957507610321,-0.09782303124666214,-0.1231464222073555,0.31669387221336365,-0.09265758842229843,0.2075275331735611,-0.014100955799221992,0.1877482533454895,0.08101921528577805,-0.14164504408836365,-0.10271087288856506,0.07641126960515976,0.03985755145549774,0.0050424570217728615,0.029113423079252243,0.18860821425914764,0.16606734693050385,-0.02269277349114418,0.20754720270633698,-0.026008285582065582,-0.08413401991128922,-0.08455520868301392,-0.12323634326457977,-0.09723372757434845
-0.06161021441221237,0.10235793888568878,0.1520022302865982,-0.052148543298244476,-0.2170429676771164,-0.12806853652000427,0.14285531640052795,0.038457293063402176,-0.10905605554580688,-0.04238634929060936,0.07066012173891068,0.08496769517660141,-0.17005567252635956,-0.09520045667886734,0.004725257400423288,-0.08386976271867752,-0.035268332809209824,-0.00811280868947506,0.1906372606754303,-0.0034907974768429995,0.028688998892903328,0.06970331817865372,0.08804107457399368,0.14672264456748962,-0.16614723205566406,0.05536352097988129,-0.06402091681957245,0.2537301778793335,-0.23966719210147858,-0.16806595027446747,0.01743306778371334,0.21747353672981262,-0.08090101182460785,-0.06677650660276413,0.20444367825984955,-0.09656230360269547,0.10252366214990616,-0.005621811840683222,-0.06001304090023041,-0.025539450347423553,0.254538357257843,0.036285027861595154,0.022267477586865425,-0.0574723556637764,0.13468210399150848,-0.03848498314619064,0.10074879974126816,0.2110975831747055,-0.0020510167814791203,-0.07740652561187744
-0.15266871452331543,0.09074840694665909,-0.031088978052139282,0.1982935070991516,0.24727407097816467,0.09399208426475525,-0.09097393602132797,0.062090929597616196,-0.08514399081468582,-0.07437465339899063,-0.2685315012931824,-0.028521163389086723,0.0185555387288332,0.11864505708217621,-0.12108124792575836,0.013715618290007114,0.13460931181907654,-0.14589941501617432,-0.13484126329421997,-0.09389779716730118,0.16146384179592133,-0.19708533585071564,0.0022071124985814095,-0.07655328512191772,0.033899422734975815,-0.3290979266166687,0.00535121513530612,-0.03801542893052101,-0.1941317617893219,0.07998733967542648,-0.0001721471780911088,-0.09282917529344559,0.10152032971382141,-0.024684341624379158,-0.16473467648029327,-0.09145151823759079,0.06756933778524399,-0.09639547020196915,-0.1720457673072815,0.011951807886362076,0.1602681577205658,0.1918041855096817,-0.056381434202194214,-0.16565047204494476,0.11116140335798264,0.018115799874067307,-0.23331987857818604,0.10848426818847656,0.16573919355869293,-0.2166115790605545
0.00968977902084589,0.2333441525697708,-0.14347119629383087,0.10927025228738785,0.1380338817834854,0.02010795846581459,0.005505282431840897,-0.005969534628093243,0.15403112769126892,-0.03876572102308273,-0.22764480113983154,0.162782683968544,-0.23513753712177277,0.1099991574883461,0.15395179390907288,0.02012704499065876,0.04288287088274956,3.062929681618698e-05,0.0725519210100174,0.03753834590315819,0.027575034648180008,-0.2514357268810272,0.10551764070987701,-0.0038154853973537683,-0.17667032778263092,-0.038426030427217484,-0.0007465609814971685,-0.2872447073459625,0.10279197990894318,0.12056251615285873,0.06998162716627121,-0.12319450825452805,-0.18356889486312866,-0.2055140733718872,0.14032062888145447,-0.060632966458797455,0.07701394706964493,-0.06833586096763611,-0.11116944998502731,0.12972606718540192,0.056005850434303284,0.23007899522781372,0.18491986393928528,0.03517979383468628,-0.007316056173294783,-0.10656629502773285,-0.048481810837984085,-0.19738072156906128,-0.1533169150352478,0.14799539744853973
0.2515970468521118,-0.1312529444694519,0.08062918484210968,0.16341790556907654,-0.14180117845535278,0.17322386801242828,0.042656224220991135,-0.04545486718416214,-0.09615560621023178,0.014080945402383804,0.057909317314624786,0.07365760952234268,0.24640029668807983,-0.15028740465641022,-0.17886754870414734,-0.2280256152153015,-0.177703395485878,0.14128965139389038,0.05549938976764679,-0.10710937529802322,-0.12822772562503815,-0.07094436138868332,-0.20992201566696167,-0.08945222944021225,0.16089989244937897,-0.0186921413987875,0.037122368812561035,-0.30127620697021484,-0.11792197078466415,-0.09264529496431351,0.02827460691332817,0.16479215025901794,-0.13620693981647491,-0.33185577392578125,-0.25714346766471863,0.015350104309618473,-0.15759502351284027,0.09883719682693481,0.34600377082824707,0.013859735801815987,-0.26670342683792114,-0.13292044401168823,0.04478571563959122,0.11116936802864075,-0.1706583946943283,0.14915446937084198,0.1992967277765274,-0.11220204830169678,0.15914125740528107,0.04300268366932869
0.07619776576757431,0.08222726732492447,-0.07535524666309357,0.008387249894440174,0.12928445637226105,0.22976510226726532,-0.24253076314926147,-0.12540897727012634,-0.1207159161567688,-0.08401501178741455,0.10268143564462662,0.300751268863678,-0.2342010736465454,-0.10522207617759705,0.11657071113586426,0.05787286534905434,0.1241154596209526,0.033857688307762146,0.21884509921073914,-0.09365900605916977,0.12820275127887726,0.13581803441047668,0.02842886559665203,0.012543769553303719,0.2093597799539566,0.10989627987146378,0.0700240433216095,0.14654070138931274,-0.12782759964466095,0.2014588564634323,0.017395606264472008,0.17769122123718262,-0.06650786101818085,0.2674076557159424,-0.17690986394882202,0.09449057281017303,0.01473158411681652,0.021198000758886337,-0.02401694282889366,0.11800316721200943,-0.07365842163562775,-0.11178860813379288,0.1513439416885376,-0.09534256160259247,0.05436404421925545,-0.03288375213742256,0.14486603438854218,0.16269245743751526,-0.06877277791500092,0.011497576721012592
-0.08419682830572128,0.02863188460469246,0.04022146016359329,0.31121253967285156,-0.01489204354584217,-0.1362265646457672,0.08740462362766266,-0.05071856454014778,0.11402115225791931,0.029650501906871796,0.04842804744839668,-0.0477781780064106,0.09985756129026413,-0.0275802630931139,0.2295359969139099,-0.10768666863441467,-0.013498034328222275,-0.0478118397295475,0.06705447286367416,0.21986234188079834,0.20193132758140564,-0.029551951214671135,0.04216834530234337,-0.23242871463298798,0.039383284747600555,0.08879847079515457,-0.009202436544001102,0.08700868487358093,0.03368799760937691,-0.0295094046741724,-0.14824803173542023,-0.058110032230615616,0.13003847002983093,-0.016221821308135986,0.010125508531928062,0.15678875148296356,0.12384366989135742,-0.21647368371486664,-0.2662968337535858,-0.07360991835594177,0.27968141436576843,0.1185908392071724,0.031142719089984894,0.11879639327526093,0.05314703285694122,0.02301470749080181,-0.11865552514791489,-0.07606910914182663,0.2211521714925766,-0.0582905188202858
0.11324793845415115,-0.30743011832237244,0.047530677169561386,-0.15497484803199768,0.015631506219506264,0.3372046649456024,-0.07111229747533798,0.10528640449047089,-0.15389803051948547,-0.06984671205282211,-0.003090448211878538,0.06484469771385193,-0.12227051705121994,-0.20576904714107513,-0.06068935617804527,0.14786632359027863,0.10900156944990158,0.014284149743616581,0.22324009239673615,-0.14992958307266235,0.21368002891540527,0.15789654850959778,-0.12631411850452423,-0.22923888266086578,0.06312652677297592,-0.27034685015678406,0.05483835190534592,0.017496386542916298,-0.03437931463122368,0.00021660391939803958,0.26685571670532227,0.08614908903837204,0.08302702754735947,0.08748383820056915,0.12308066338300705,-0.0853273794054985,0.018560010939836502,-0.02003457024693489,-0.011907544918358326,0.15546998381614685,0.13223378360271454,0.0016247951425611973,0.04201924428343773,-0.16440695524215698,-0.20544025301933289,0.037146277725696564,-0.07826069742441177,0.06512559950351715,0.044727224856615067,-0.14704778790473938
-0.06887754052877426,-0.07407029718160629,-0.1379346251487732,0.03010677546262741,-0.13030846416950226,-0.02529853768646717,-0.2294221669435501,-0.09465361386537552,-0.1763349026441574,0.09056224673986435,-0.12444881349802017,-0.2223544716835022,-0.10926713049411774,0.11424309760332108,-0.19473864138126373,-0.11554442346096039,-0.10955241322517395,0.13892187178134918,0.30489757657051086,-0.2976634204387665,-0.014277343638241291,-0.030173400416970253,-0.2794536054134369,0.29980185627937317,-0.10743650794029236,-0.10339043289422989,-0.1783393919467926,-0.25895822048187256,0.05509768798947334,-0.08158619701862335,-0.11409534513950348,0.32927098870277405,-0.1435864418745041,0.07933352887630463,-0.02150251716375351,-0.012597196735441685,-0.01845894753932953,-0.07140219211578369,0.10214025527238846,-0.03570684790611267,-0.10185102373361588,-0.0690252035856247,-0.12138666957616806,-0.09995190054178238,-0.10873875766992569,-0.11315189301967621,-0.072417713701725,0.0864323079586029,-0.011311533860862255,0.09300205111503601
0.1138576865196228,0.32959604263305664,0.40659406781196594,0.03113630972802639,0.21376602351665497,-0.026597388088703156,0.22863398492336273,0.03077385574579239,0.2573769986629486,0.03636319562792778,0.10725757479667664,0.01942536048591137,-0.22296270728111267,0.24094343185424805,-0.07240943610668182,-0.09630124270915985,0.025244466960430145,0.09584268182516098,-0.07832925766706467,-0.2853528559207916,0.23346075415611267,-0.05155501514673233,-0.10182903707027435,-0.17264419794082642,0.1323840171098709,-0.010760240256786346,0.12974978983402252,0.22352121770381927,-0.293144166469574,0.20979225635528564,0.29910871386528015,0.001850046101026237,0.20719946920871735,0.313482403755188,0.2134564369916916,-0.03463699668645859,-0.052013371139764786,-0.13347183167934418,0.10456037521362305,0.13351114094257355,0.27845442295074463,-0.07814177870750427,0.20260708034038544,-0.0031283271964639425,-0.07242003828287125,0.046793460845947266,-0.3615780472755432,0.05171802639961243,0.17353615164756775,-0.10394232720136642
-0.060771360993385315,-0.15749765932559967,0.17254652082920074,0.21741792559623718,0.25018078088760376,0.11841824650764465,0.18532510101795197,0.04298318549990654,0.15338343381881714,0.14337988197803497,0.1186654344201088,-0.078933946788311,-0.049276381731033325,0.017509423196315765,-0.18895980715751648,-0.21104499697685242,0.17859160900115967,-0.010631064884364605,0.0007495252066291869,-0.24694132804870605,0.13506034016609192,-0.16103558242321014,0.11293189227581024,-0.1125313937664032,-0.23074200749397278,0.28751009702682495,0.11327577382326126,-0.04751082882285118,-0.12354189902544022,-0.2515239715576172,0.04661818966269493,-0.1289348006248474,-0.25585123896598816,0.029832705855369568,-0.08935857564210892,0.14295467734336853,-0.22515977919101715,-0.06736790388822556,-0.01596193015575409,-0.07744435966014862,0.3598514795303345,0.13546694815158844,-0.16046376526355743,0.32909178733825684,-0.05840180441737175,0.09549178183078766,0.035916801542043686,0.18110160529613495,0.05995611846446991,0.04192594438791275
0.17794033885002136,0.10778433084487915,-0.06968694180250168,0.22767475247383118,-0.14996346831321716,0.1593645066022873,0.028583046048879623,0.0735662654042244,-0.10385368019342422,-0.016072731465101242,0.10670589655637741,-0.19212888181209564,-0.17640046775341034,-0.0556793250143528,0.07564625144004822,0.08062712103128433,0.042507611215114594,0.18905134499073029,-0.05335969105362892,0.13947246968746185,-0.030030306428670883,0.10008275508880615,0.3070738613605499,-0.0925992801785469,-0.20142105221748352,0.19581978023052216,0.04309602826833725,-0.0070393201895058155,0.08571752905845642,-0.2604241371154785,-0.15641093254089355,0.05697436258196831,0.21345646679401398,-0.1153089851140976,0.1635761857032776,-0.043800484389066696,-0.1080792099237442,-0.14114521443843842,0.022453628480434418,0.16387619078159332,-0.0876232460141182,-0.14225471019744873,-0.08359245955944061,0.09850238263607025,0.16263848543167114,-0.1435169130563736,-0.06460481882095337,0.08630199730396271,-0.06513606756925583,-0.1960337609052658
0.10796880722045898,0.2972647547721863,0.11482842266559601,0.15638768672943115,-0.1990763545036316,-0.22368527948856354,-0.10608091205358505,0.22260284423828125,-0.09210873395204544,0.19491302967071533,0.061731014400720596,-0.23931936919689178,0.07635218650102615,0.1060926616191864,-0.05488947778940201,0.165779709815979,0.08948425203561783,0.025175726041197777,0.087967649102211,-0.2774674594402313,-0.010541724972426891,0.05217079818248749,-0.04717414826154709,-0.01706845313310623,-0.03203007951378822,0.0765107274055481,-0.229389488697052,-0.016057055443525314,-0.046128056943416595,0.013208312913775444,0.017776092514395714,0.14037013053894043,0.09019722044467926,0.25648099184036255,-0.04689653590321541,-0.11184843629598618,-0.08187570422887802,-0.04784496873617172,-0.14078350365161896,0.03177519887685776,0.16765184700489044,-0.10951229184865952,-0.13921493291854858,-0.10576262325048447,-0.14766666293144226,0.14765213429927826,-0.06270863115787506,0.017321834340691566,0.02073746733367443,0.0023928675800561905
0.11924644559621811,-0.1690368354320526,0.054468248039484024,-0.11166474968194962,-0.07327545434236526,0.02358682081103325,0.1797633171081543,0.08255765587091446,-0.047124847769737244,-0.06571998447179794,0.009771410375833511,0.03874268755316734,-0.17672643065452576,-0.139853373169899,-0.1687559187412262,0.045139361172914505,0.0836196318268776,-0.16503658890724182,0.09513454139232635,-0.007313952781260014,-0.16017407178878784,0.10882974416017532,0.18507899343967438,-0.043215375393629074,0.05446905270218849,-0.22324781119823456,-0.0948990136384964,-0.07602404803037643,0.09576304256916046,-0.06572722643613815,0.013995658606290817,0.11588095873594284,0.1706286519765854,0.14953656494617462,0.17821575701236725,-0.0597851425409317,0.11397595703601837,0.10577335208654404,-0.22022214531898499,0.053834620863199234,-0.08539226651191711,0.08287497609853745,-0.22566309571266174,0.016917860135436058,-0.00173643184825778,-0.07253257930278778,-0.013834245502948761,0.24826602637767792,-0.04771946743130684,0.03672873228788376
-0.19839440286159515,-0.03026515804231167,0.034212272614240646,-0.09217210114002228,-0.07729508727788925,-0.18018262088298798,-0.1738068163394928,-0.06009122356772423,-0.026173630729317665,-0.13934138417243958,-0.23933638632297516,-0.22915738821029663,-0.04368661344051361,-0.08441212773323059,0.04212350770831108,0.14342834055423737,0.08552771806716919,0.038464486598968506,-0.03419405594468117,0.01503947377204895,-0.027500465512275696,0.3108829855918884,-0.08801291137933731,-0.11528225988149643,-0.06501329690217972,-0.3233781158924103,0.09660100936889648,0.2280578315258026,0.11278374493122101,-0.04494716227054596,-0.16848868131637573,0.0639333426952362,-0.12546426057815552,0.029079679399728775,0.1498713493347168,-0.08424759656190872,0.06808643788099289,-0.040815290063619614,0.13311104476451874,0.1106560230255127,-0.04404572769999504,-0.11294279247522354,-0.1897026002407074,0.1010139063000679,0.014682170934975147,-0.09089327603578568,-0.13570308685302734,0.176442489027977,-0.1318497359752655,-0.13266640901565552
-0.29881802201271057,-0.27061396837234497,0.06693611294031143,0.20712198317050934,0.20257294178009033,0.06964269280433655,-0.022931504994630814,-0.2516980469226837,-0.14676541090011597,-0.09884882718324661,0.05735239014029503,0.0473422147333622,0.03952665627002716,-0.0523030161857605,0.14559943974018097,-0.28205132484436035,-0.1705411672592163,-0.04467565566301346,0.09213657677173615,-0.29624131321907043,-0.06557591259479523,-0.0028366264887154102,0.12239092588424683,-0.1106455996632576,0.031927671283483505,0.2586745023727417,0.1291760504245758,-0.22663111984729767,-0.011241954751312733,0.04236381873488426,0.16980718076229095,0.20741352438926697,-0.07786516845226288,-0.23824721574783325,0.019245075061917305,0.007658299524337053,-0.09606891870498657,0.15942956507205963,0.029669245705008507,0.08849448710680008,-0.004806904587894678,-0.058803945779800415,-0.11334066092967987,0.004774552769958973,-0.05044359341263771,0.03662998601794243,-0.02822476252913475,0.21319372951984406,0.11691521853208542,0.04507220908999443
0.3088308870792389,0.07300370931625366,0.2272162139415741,-0.06635492295026779,0.2206043303012848,0.32415837049484253,0.11010043323040009,0.08418764919042587,-0.0867098867893219,-0.07680907100439072,0.11294972896575928,0.23188361525535583,0.033646490424871445,0.1378549188375473,-0.2210652381181717,0.2290031760931015,0.019652502611279488,0.0567401684820652,0.1953047811985016,0.05015435069799423,0.16361840069293976,0.007000386249274015,-0.17098574340343475,-0.18468071520328522,0.07237355411052704,-0.08418451249599457,-0.034315843135118484,0.2196853756904602,-0.010383824817836285,0.15700912475585938,0.1257622092962265,0.03744661808013916,0.2904280126094818,-0.10722801834344864,-0.07478908449411392,-0.16848431527614594,-0.07907931506633759,-0.1912158727645874,-0.2126436084508896,-0.06372863799333572,0.26211947202682495,-0.13199162483215332,-0.1835857778787613,-0.2751799523830414,7.699590059928596e-05,-0.11824586242437363,0.021637219935655594,-0.0655921995639801,-0.09594662487506866,-0.002638560952618718
-0.09778284281492233,0.06563351303339005,0.05826278030872345,0.18272389471530914,0.14353154599666595,-0.15670298039913177,0.03993436321616173,-0.03871362656354904,-0.08139690011739731,-0.08606717735528946,-0.07757223397493362,-0.030567962676286697,0.05457577481865883,0.09368874132633209,-0.02196286804974079,0.15676020085811615,-0.12526868283748627,0.18712349236011505,-0.08801843971014023,0.1667502075433731,-0.08968544751405716,0.13268795609474182,0.014006465673446655,0.120619036257267,-0.15086472034454346,0.31783702969551086,0.14794369041919708,0.267264723777771,-0.10487695783376694,-0.0582033209502697,-0.19238103926181793,-0.0068159569054841995,-0.02021327055990696,-0.13290856778621674,-0.010504684410989285,0.1926283836364746,0.008262771181762218,0.14127422869205475,0.16033358871936798,-0.18248973786830902,-0.36011266708374023,-0.06981030851602554,0.2632443606853485,0.016574786975979805,-0.09281974285840988,-0.370760440826416,-0.14426402747631073,0.16781394183635712,-0.4227413535118103,0.058042652904987335
0.17299090325832367,0.020373400300741196,0.056531790643930435,-0.12667393684387207,0.008425910025835037,0.11607055366039276,-0.22307278215885162,-0.15746939182281494,0.0757957324385643,0.13980481028556824,-0.013650912791490555,-0.020116789266467094,-0.2024805247783661,0.03347444534301758,0.15255232155323029,-0.08807098120450974,0.006155567243695259,0.11248543858528137,0.03563360497355461,0.2546288073062897,0.11050984263420105,-0.030408525839447975,-0.12841647863388062,-0.15005604922771454,-0.08656373620033264,0.20531345903873444,0.20682822167873383,0.028988763689994812,-0.04904134199023247,0.13072803616523743,-0.08954573422670364,-0.23351380228996277,0.15833599865436554,-0.1535813808441162,0.1456134170293808,-0.06693647801876068,0.1144639402627945,0.08383653312921524,-0.1302870213985443,0.06515597552061081,-0.2432032972574234,0.07244933396577835,-0.15098129212856293,-0.18369810283184052,0.020416222512722015,-0.2507235109806061,0.04971518740057945,-0.2626076340675354,-0.23986777663230896,0.11997463554143906
-0.23984295129776,-0.027822334319353104,0.12279647588729858,0.0005932229105383158,-0.2545972466468811,0.008999181911349297,-0.07685645669698715,-0.1236027255654335,0.09881429374217987,0.017666121944785118,-0.026029838249087334,-0.11153723299503326,-0.10380378365516663,0.12740716338157654,-0.021426627412438393,0.0904986634850502,0.1565755009651184,0.04031563550233841,-0.021798182278871536,0.23057681322097778,-0.04642842337489128,0.1947903335094452,0.040670737624168396,0.2644234001636505,-0.09602824598550797,-0.06837018579244614,-0.1017642617225647,0.055603042244911194,0.08060088008642197,0.05825425684452057,0.141500785946846,0.026249343529343605,0.08967124670743942,-0.0580686517059803,-0.032927196472883224,0.17643645405769348,0.18673349916934967,-0.20357252657413483,0.04436217248439789,0.1772066205739975,0.025157416239380836,0.1965421438217163,0.2793198525905609,0.0518631748855114,0.037211570888757706,-0.010822509415447712,0.09278765320777893,-0.19193121790885925,-0.2794610857963562,0.14164623618125916
-0.37388238310813904,-0.07367270439863205,0.28379026055336,0.3210722506046295,0.07164082676172256,0.16549766063690186,-0.12755517661571503,0.1350625902414322,0.2213614284992218,0.007279815152287483,0.15511128306388855,-0.16809426248073578,0.030125703662633896,-0.17119695246219635,0.10806620866060257,-0.18038688600063324,0.21784017980098724,0.09825650602579117,0.18953672051429749,0.09065066277980804,-0.057075630873441696,-0.1816176176071167,-0.07198996841907501,0.09877772629261017,0.09631361812353134,0.01372184231877327,0.061266303062438965,0.29882776737213135,0.031982146203517914,0.18274815380573273,-0.09955349564552307,0.012126937508583069,-0.08630610257387161,-0.1477309614419937,0.04336477443575859,0.24010281264781952,-0.08207499980926514,0.10699662566184998,-0.11330414563417435,-0.02598663419485092,-0.010593750514090061,0.1736195832490921,0.13557368516921997,-0.0032843174412846565,-0.018245412036776543,-0.04440220072865486,-0.053718339651823044,-0.03559453412890434,0.3165176808834076,-0.024400563910603523
0.30264267325401306,0.0511120967566967,-0.055239804089069366,-0.02946905419230461,-0.1174413338303566,-0.024318121373653412,0.01990048959851265,-0.18087060749530792,-0.07081247866153717,-0.08953139930963516,0.11189551651477814,0.040938299149274826,0.34103021025657654,0.09596381336450577,0.226248100399971,0.13358059525489807,0.08763080090284348,0.026801850646734238,-0.12963718175888062,0.22999103367328644,-0.10527364909648895,-0.04545670747756958,0.04736914858222008,-0.06234138458967209,0.040367405861616135,-0.05051925778388977,0.11230241507291794,-0.017289841547608376,-0.008736051619052887,-0.12410175800323486,-0.0356796570122242,-0.07921240478754044,0.24750861525535583,-0.3168933689594269,0.297895222902298,0.031486302614212036,0.038061391562223434,-0.04892007261514664,-0.08208838105201721,0.1857684999704361,-0.09633579105138779,0.326591819524765,-0.2881571352481842,0.15652348101139069,-0.1658659428358078,-0.2324691116809845,-0.001057755434885621,-0.09050226211547852,0.09098981320858002,-0.0645776316523552
-0.010112668387591839,0.04419801011681557,-0.20536431670188904,-0.26392754912376404,0.15264952182769775,0.12777705490589142,0.054394762963056564,-0.37342652678489685,-0.23117169737815857,-0.10968367010354996,0.14668340981006622,-0.08752602338790894,-0.056932613253593445,-0.028577018529176712,0.14381323754787445,0.006851907353848219,-0.09595377743244171,0.0020602482836693525,0.06428507715463638,-0.005536266136914492,-0.31641754508018494,0.007356118876487017,-0.20197410881519318,-0.10598915070295334,0.2053845077753067,0.12641887366771698,-0.12745651602745056,-0.0022764080204069614,-0.10585097223520279,0.015230589546263218,0.03702342137694359,0.15958653390407562,-0.09792140871286392,0.03270667418837547,0.048977918922901154,-0.018424468114972115,-0.03658028319478035,0.10396195948123932,-0.03431492671370506,-0.03484444320201874,0.12999191880226135,0.19631974399089813,0.10256120562553406,-0.1755576878786087,0.2566382884979248,0.07811350375413895,-0.11571387201547623,-0.17234157025814056,-0.07972098886966705,0.24521362781524658
-0.0404014065861702,-0.2011350691318512,-0.1868288516998291,0.044064126908779144,-0.32159051299095154,-0.023395469412207603,0.08671097457408905,-0.15511485934257507,0.03986239805817604,0.20212718844413757,0.25877276062965393,0.033242613077163696,-0.038746584206819534,0.08482366800308228,0.007182976696640253,-0.07343550026416779,0.13110294938087463,0.05589226260781288,-0.02073727548122406,0.09903546422719955,-0.0008389908471144736,-0.05240459367632866,0.0017658891156315804,-0.019084272906184196,0.03223784267902374,0.029533740133047104,-0.05481647700071335,-0.005691856611520052,0.10296737402677536,-0.1081182062625885,-0.07086056470870972,0.11054468899965286,-0.028738288208842278,-0.12832456827163696,0.23728959262371063,-0.17270463705062866,-0.03862128406763077,0.1636974811553955,-0.09412126988172531,0.10271569341421127,0.011072262190282345,0.1350002884864807,-0.08686275780200958,0.026733163744211197,-0.11177857220172882,0.19151808321475983,-0.07786185294389725,0.16923972964286804,-0.06307226419448853,0.05505284667015076
0.013319386169314384,0.2397303283214569,0.16684482991695404,-0.039684049785137177,0.009033305570483208,0.20922140777111053,-0.12194769084453583,-0.1262853890657425,-0.027153031900525093,-0.014445289969444275,-0.14869481325149536,0.31186988949775696,0.08018933981657028,0.11642560362815857,0.0954764261841774,0.11328545212745667,0.07763247936964035,0.05290267989039421,-0.04730678349733353,-0.1668701022863388,0.15093472599983215,0.12725132703781128,0.1710432469844818,-0.2539125680923462,-0.2629173994064331,-0.09964590519666672,-0.13748137652873993,-0.1461862176656723,-0.04381914064288139,-0.1267368495464325,-0.028771620243787766,-0.05902569368481636,0.27015429735183716,0.15267781913280487,-0.17778141796588898,-0.05757937952876091,-0.05190597474575043,0.18207679688930511,0.004376470576971769,0.15155082941055298,-0.24291080236434937,-0.1113797277212143,0.055389512330293655,-0.17163778841495514,-0.22295762598514557,0.09452786296606064,-0.15593305230140686,-0.11489608138799667,-0.13280101120471954,-0.2865428328514099
0.16978557407855988,-0.1642283946275711,-0.2194473147392273,0.0828581228852272,0.09778200834989548,-0.11828658729791641,-0.10600625723600388,0.13978159427642822,-0.2344178855419159,0.1455913633108139,-0.09085088223218918,0.03474751487374306,0.17869819700717926,-0.23265865445137024,-0.3130246102809906,0.05073415860533714,-0.16529586911201477,-0.2179502695798874,0.18845827877521515,0.037187494337558746,-0.11228078603744507,0.07442991435527802,-0.022783439606428146,0.063363216817379,-0.10867729038000107,0.07616910338401794,0.05088787153363228,0.11731557548046112,0.07138937711715698,-0.23968151211738586,0.05027095973491669,0.1148628443479538,-0.27068525552749634,-0.13244040310382843,-0.06396126002073288,-0.24002747237682343,-0.29903411865234375,0.08509529381990433,0.08705412596464157,-0.20047171413898468,-0.1423732042312622,-0.1255107969045639,-0.0345904640853405,0.16920959949493408,0.003641519695520401,-0.005134906619787216,0.15713196992874146,-0.061032719910144806,0.12342272698879242,0.10279069095849991
0.12015942484140396,-0.01857524923980236,0.03599594160914421,-0.16665157675743103,-0.04739077761769295,0.346001535654068,-0.06610409915447235,0.025937866419553757,-0.07536035776138306,-0.14849217236042023,-0.09674232453107834,-0.017925625666975975,0.14613793790340424,-0.2965799570083618,0.1709531843662262,-0.018137477338314056,-0.11292824894189835,0.02044641599059105,0.13202670216560364,-0.056769661605358124,0.18366698920726776,-0.24119484424591064,-0.27183955907821655,-0.02003004029393196,-0.24788983166217804,-0.09039775282144547,0.034388467669487,-0.12485283613204956,0.14457286894321442,-0.09773071855306625,0.16915325820446014,-0.023372361436486244,0.20934802293777466,0.16850441694259644,0.01926957257091999,-0.10880040377378464,0.11287852376699448,0.11739355325698853,-0.1717265248298645,-0.09713286906480789,0.0931282639503479,0.010692345909774303,-0.15798401832580566,0.06964226067066193,0.1131587028503418,0.14486747980117798,0.23746034502983093,0.07147116214036942,0.3076154589653015,-0.01022832840681076
-0.1413409560918808,0.04548489674925804,0.06443382054567337,-0.023775601759552956,-0.0022889378014951944,0.10710622370243073,-0.13601838052272797,-0.19515520334243774,-0.09081551432609558,-0.09655565023422241,0.0929294154047966,-0.06700053066015244,-0.055338453501462936,-0.14380815625190735,-0.07089219242334366,0.12911629676818848,0.004007980227470398,0.044763270765542984,0.04370241239666939,0.19381196796894073,-0.1593884527683258,-0.0667005181312561,-0.17778539657592773,0.013891025446355343,-0.055960893630981445,-0.12344232201576233,0.12101434171199799,-0.02420472353696823,-0.006693899631500244,-0.07655352354049683,-0.16533315181732178,-0.08317698538303375,0.25182467699050903,0.12053918838500977,0.14226362109184265,0.21800881624221802,0.14872805774211884,-0.10127964615821838,0.08259563893079758,-0.0016952042933553457,-0.13304375112056732,-0.07604460418224335,-0.09262105077505112,0.04287410154938698,0.22561068832874298,-0.05177859961986542,0.1948493868112564,-0.09530773758888245,-0.26866614818573,0.0038003388326615095
-0.04244253784418106,-0.055374130606651306,-0.12552832067012787,-0.083818718791008,-0.09666185081005096,0.029010456055402756,-0.17695318162441254,-0.10041169822216034,-0.1560562700033188,0.14962905645370483,0.3510522246360779,0.1257302612066269,0.16571637988090515,-0.30007249116897583,0.13735154271125793,-0.18644751608371735,0.04378348961472511,0.00025815918343141675,-0.10491824895143509,0.04327131062746048,0.056969184428453445,0.04387051239609718,0.03975013643503189,0.029270047321915627,0.18652744591236115,-0.11962173879146576,0.2978750765323639,0.11137335002422333,0.055209625512361526,-0.03317711502313614,0.048449765890836716,-0.154632568359375,0.029563598334789276,0.02806282415986061,-0.073602095246315,-0.10277610272169113,-0.11083968728780746,-0.08726397156715393,-0.22256331145763397,0.2211439609527588,0.005774172022938728,0.12051564455032349,0.18823273479938507,-0.22880342602729797,0.09378750622272491,0.18142957985401154,0.1493230015039444,-0.235129252076149,0.03714114800095558,-0.09045080840587616
-0.3751204013824463,0.14307570457458496,-0.027052922174334526,-0.07656960189342499,0.16621588170528412,-0.1200748160481453,0.2820374369621277,-0.22652363777160645,0.21387839317321777,-0.2553095817565918,0.050886400043964386,-0.13168422877788544,0.2131848782300949,0.06939209997653961,0.03131011128425598,0.06678836792707443,0.025732390582561493,-0.0256025493144989,0.01523656491190195,0.013369877822697163,0.016911549493670464,-0.19317205250263214,0.30830445885658264,-0.15128368139266968,0.164631187915802,0.3169368505477905,0.003928161691874266,-0.08767030388116837,-0.20493756234645844,0.09663637727499008,0.05019255727529526,0.24068208038806915,-0.27030524611473083,-0.05548163130879402,-0.2969980537891388,0.017222553491592407,-0.17153653502464294,0.06719321757555008,0.14979226887226105,-0.11668171733617783,0.031783152371644974,0.08583389967679977,0.3847649097442627,0.03817111626267433,0.1517208218574524,-0.12669558823108673,0.04595949500799179,-0.127121239900589,0.365520179271698,-0.18733900785446167
