-0.017909815534949303,0.00952683761715889,0.15064570307731628,-0.005124400835484266,-0.04422721639275551,-0.06502925604581833,0.1058119386434555,-0.0608770027756691,0.006747144274413586,0.09343141317367554,-0.11155091971158981,0.13350160419940948,-0.07815877348184586,0.20584425330162048,0.013376981019973755,-0.09658206254243851,0.008387262932956219,0.2814698815345764,-0.05845710635185242,-0.1344209760427475,0.18554745614528656,0.11985919624567032,-0.1660103052854538,0.16726620495319366,-0.03138336166739464,-0.09915737807750702,-0.037614453583955765,0.10798469930887222,-0.024331852793693542,0.08933376520872116,0.028765875846147537,-0.26822367310523987,-0.2063523679971695,-0.21586920320987701,-0.13394233584403992,0.010941199027001858,0.004600975196808577,-0.24186593294143677,0.15518295764923096,-0.2075617015361786,0.07744141668081284,0.2542496919631958,-0.10598894953727722,0.024293817579746246,0.3748314380645752,0.09339563548564911,0.0979074165225029,-0.04977552592754364,0.2767195403575897,-0.07294223457574844
0.20576854050159454,0.03002576343715191,-0.1956058144569397,-0.02648117206990719,0.19599923491477966,0.05797075107693672,-0.029918374493718147,-0.028694219887256622,-0.12738586962223053,0.05282266065478325,0.13688379526138306,-0.35635119676589966,0.0202307291328907,-0.07525505125522614,0.07315124571323395,0.10306861251592636,0.02378423884510994,-0.031223488971590996,0.011473234742879868,0.1338326334953308,0.17765821516513824,0.02398340031504631,-0.0793471410870552,-0.15286827087402344,-0.12285265326499939,-0.12970256805419922,-0.25805550813674927,0.200504332780838,-0.35746869444847107,-0.12747400999069214,0.002307326765730977,0.27365702390670776,0.18785138428211212,-0.0007733065285719931,0.14703452587127686,-0.22588542103767395,-0.12475030869245529,-0.048827435821294785,-0.12785589694976807,-0.05331940948963165,0.3192620575428009,-0.22115738689899445,0.0886196568608284,0.08670242130756378,-0.04012410715222359,0.01339879259467125,0.07930190116167068,0.06477566808462143,-0.009020374156534672,-0.12279610335826874
-0.1764412671327591,0.027177298441529274,0.32074132561683655,-0.1840735375881195,0.17765019834041595,0.05396414175629616,0.06155452877283096,-0.07961632311344147,0.05153006687760353,-0.17604899406433105,0.30160456895828247,0.1318993866443634,-0.14121171832084656,0.01850230060517788,-0.040050067007541656,0.09242773801088333,0.18481580913066864,0.06925822794437408,0.28048625588417053,-0.148430734872818,0.07265650480985641,-0.12179290503263474,-0.10993307083845139,-0.040610093623399734,-0.28414589166641235,-0.15581510961055756,0.17405731976032257,0.06635545939207077,0.14855307340621948,-0.034892477095127106,-0.1299046277999878,0.15244954824447632,0.14141277968883514,0.14441271126270294,0.18733596801757812,0.06983832269906998,-0.053262270987033844,0.11190668493509293,-0.20500357449054718,-0.0956663265824318,0.11474299430847168,-0.08389457315206528,-0.10363806784152985,-0.19824224710464478,-0.2591022253036499,0.25542834401130676,0.027663016691803932,-0.04630134254693985,-0.06675057858228683,-0.2557758688926697
-0.005459628067910671,0.029780084267258644,0.31243789196014404,-0.2823250889778137,0.004427026025950909,-0.03887312859296799,-0.18949779868125916,0.10334918648004532,-0.027246901765465736,-0.2516578435897827,0.02269289456307888,-0.04848958179354668,0.0336717888712883,-0.00782292615622282,-0.23537345230579376,-0.08840262144804001,-0.06932766735553741,0.12709321081638336,0.16703777015209198,-0.05596628412604332,0.005135911516845226,0.007596858777105808,0.28666990995407104,0.010747271589934826,0.18252387642860413,0.02076609432697296,-0.0910358801484108,0.05529894679784775,0.10133925825357437,0.05932953953742981,-0.043312858790159225,-0.2590562105178833,0.09624339640140533,-0.29602113366127014,-0.11009125411510468,0.3027278780937195,0.06337691843509674,0.17192812263965607,-0.04913872480392456,-0.2789836525917053,-0.1497371345758438,0.11063361912965775,-0.17432235181331635,-0.05059705674648285,0.15754596889019012,0.09986769407987595,-0.18062162399291992,0.05816293880343437,0.006300531793385744,0.16166765987873077
-0.24737660586833954,-0.10839248448610306,0.017694273963570595,0.02709822915494442,0.08353061228990555,0.05127302557229996,-0.09052520245313644,0.01785164698958397,0.12868458032608032,0.22905313968658447,-0.12063199281692505,0.12655393779277802,-0.07071878761053085,0.026095272973179817,0.06619624048471451,-0.015211722813546658,-0.025661973282694817,0.0754832997918129,-0.13521340489387512,-0.07868517190217972,0.010831810534000397,-0.014352620579302311,0.2142518013715744,-0.11414328962564468,-0.0545765645802021,0.1880027800798416,0.05123462900519371,0.09050042182207108,0.0626668706536293,0.032888926565647125,-0.26870959997177124,-0.05846358463168144,-0.1563113033771515,0.1788095235824585,-0.25967782735824585,-0.1387627124786377,-0.16997164487838745,0.08364870399236679,-0.052292659878730774,-0.2602466344833374,-0.10564524680376053,-0.12995964288711548,-0.10474362969398499,0.20615249872207642,0.1430952548980713,0.04587467387318611,0.01717434450984001,0.099075086414814,0.05316401273012161,0.09384498000144958
-0.08348369598388672,-0.006400763522833586,0.03472172096371651,-0.03838333487510681,0.16514572501182556,-0.019286107271909714,0.007898258976638317,-0.19546227157115936,-0.10951156914234161,-0.19506904482841492,0.025775626301765442,-0.11880391836166382,-0.11000830680131912,0.10186577588319778,-0.11683384329080582,-0.10842102766036987,0.1200953796505928,-0.07363810390233994,-0.04530855268239975,-0.11526910215616226,-0.19897772371768951,-0.29378482699394226,-0.08626139163970947,-0.12685628235340118,-0.20536266267299652,0.31260186433792114,0.2619778513908386,0.1228385642170906,0.1433524787425995,-0.217672199010849,-0.07811055332422256,-0.12406305223703384,0.012553420849144459,-0.03619814291596413,-0.03505351394414902,-0.09340296685695648,0.00790755171328783,-0.21253909170627594,0.30796197056770325,-0.10661216080188751,-0.09032965451478958,-0.11997784674167633,-0.07689235359430313,-0.0984966829419136,0.04341890290379524,-0.12930819392204285,0.1804925501346588,-0.06766479462385178,-0.3423954248428345,0.0838698074221611
-0.08150587975978851,-0.04868638142943382,0.2559334635734558,-0.24096649885177612,-0.3257890045642853,-0.10815946757793427,-0.025194087997078896,-0.1908712238073349,0.05256973206996918,0.06835851818323135,-0.17855097353458405,0.004265260882675648,-0.07458721101284027,0.006581747904419899,-0.11905413120985031,0.08477127552032471,-0.03224504739046097,-0.06903314590454102,-0.17180611193180084,-0.03011736273765564,0.09859984368085861,0.26791757345199585,0.08239276707172394,-0.30865544080734253,-0.014663714915513992,0.2341899275779724,0.30565017461776733,-0.23690250515937805,-0.13411228358745575,-0.08259791880846024,-0.08318325132131577,-0.0018340753158554435,-0.10865465551614761,-0.03218885138630867,-0.06404659897089005,-0.04014844819903374,-0.08986031264066696,0.2789425551891327,0.06076996773481369,0.09790316224098206,0.1905740350484848,0.09425774961709976,0.10271283239126205,-0.04096302390098572,0.008381389081478119,0.014893432147800922,-0.06467051804065704,-0.13447749614715576,0.1449662446975708,0.06086676940321922
0.21262484788894653,-0.19926193356513977,-0.010294676758348942,-0.23845677077770233,-0.049122121185064316,0.21564027667045593,0.04575943946838379,0.05274740979075432,-0.19727492332458496,-0.11104097962379456,-0.03147135674953461,0.1256834864616394,0.18270424008369446,0.29005515575408936,0.03968406468629837,-0.23051773011684418,-0.08584466576576233,-0.10895131528377533,-0.21093733608722687,0.08463910967111588,-0.1562759429216385,-0.03894104063510895,0.09705168753862381,-0.4271182417869568,0.3233385980129242,0.10018660873174667,0.09340459853410721,-0.07556900382041931,-0.32058900594711304,0.02085844613611698,-0.08044599741697311,0.13196584582328796,-0.17321327328681946,-0.20124003291130066,0.09746396541595459,-0.08621401339769363,-0.010530099272727966,0.007279488258063793,0.14047475159168243,-0.32498812675476074,-0.20570681989192963,-0.009904476813971996,-0.22744841873645782,-0.02934081107378006,0.16392230987548828,-0.06667882204055786,-0.11597948521375656,-0.13319484889507294,0.23255319893360138,-0.03748948499560356
-0.04039938002824783,0.18840175867080688,-0.10856109857559204,-0.053115230053663254,-0.11734206229448318,-0.05179671198129654,0.12513208389282227,-0.06476326286792755,0.1469382643699646,0.24756143987178802,-0.0010884545044973493,-0.05581260472536087,0.040409136563539505,0.05843444541096687,-0.043659571558237076,-0.0685444101691246,-0.04935835301876068,-0.024410588666796684,-0.16088496148586273,0.08656231313943863,0.011512618511915207,0.16230839490890503,0.21646225452423096,0.065741628408432,-0.1347632259130478,0.16703088581562042,0.2885189354419708,0.06261269003152847,0.21549956500530243,-0.043070632964372635,0.06392339617013931,0.22156774997711182,0.08712612092494965,0.1727420687675476,-0.06943105161190033,-0.005418702028691769,-0.3416529595851898,-0.02247789315879345,-0.08255940675735474,-0.08531852066516876,0.171444371342659,-0.06418651342391968,0.19569534063339233,-0.3084537982940674,-0.2189759612083435,0.04136844724416733,-0.09203606843948364,0.20593143999576569,0.011713283136487007,-0.25641703605651855
0.18557310104370117,-0.0051085143350064754,0.062304068356752396,0.3085976839065552,-0.03146067261695862,-0.14060133695602417,-0.2071756273508072,0.17793935537338257,0.23442664742469788,-0.1949896514415741,-0.1405990570783615,-0.2852858603000641,0.06832120567560196,0.06209630146622658,0.25817418098449707,0.006057796999812126,-0.05019452050328255,0.02193840779364109,0.20185233652591705,0.030514974147081375,0.06842564046382904,-0.2787966728210449,-0.073516845703125,0.030673684552311897,0.032027117908000946,-0.06940725445747375,0.058976929634809494,-0.13595271110534668,-0.18366993963718414,0.237300843000412,0.11607138812541962,0.21915407478809357,0.14498327672481537,-0.01941605471074581,0.022538702934980392,-0.1370372772216797,-0.05599519610404968,-0.07176004350185394,0.27549147605895996,0.2541612982749939,0.24549828469753265,0.13328929245471954,-0.13648881018161774,-0.10931818932294846,-0.052120815962553024,-0.17454113066196442,0.01945256069302559,0.002270110882818699,-0.2683989405632019,0.04353800043463707
0.09200877696275711,0.1407749503850937,-0.0772729367017746,-0.01220874022692442,-0.12005672603845596,-0.09201759099960327,-0.2807771563529968,0.06711407005786896,-0.3139229714870453,0.0588638111948967,-0.04869760945439339,0.0939425528049469,0.04080938920378685,0.09992201626300812,0.0373384952545166,-0.013142464682459831,-0.08113935589790344,0.31680744886398315,-0.06574281305074692,0.08072977513074875,0.16312608122825623,-0.06616704910993576,0.046496324241161346,0.15779146552085876,-0.19934029877185822,0.15589052438735962,0.0929708480834961,-0.21562491357326508,0.13922041654586792,0.10662117600440979,0.0019993591122329235,-0.11077067255973816,0.1105855405330658,-0.02372901700437069,0.029616666957736015,-0.07503727078437805,0.0965084359049797,0.10682384669780731,0.16164524853229523,-0.10617578029632568,0.0859718844294548,-0.11092451214790344,0.023519575595855713,0.22715726494789124,0.0010475284652784467,0.07667463272809982,0.11457974463701248,0.13097429275512695,-0.1447817087173462,0.17652778327465057
-0.03410902991890907,-0.090367391705513,-0.06530418992042542,-0.3535948097705841,0.11234775930643082,-0.2849315106868744,0.049245160073041916,0.08521050959825516,0.026940083131194115,-0.11436185240745544,-0.14374575018882751,-0.15219174325466156,0.06172351539134979,0.16370733082294464,0.09573301672935486,0.22753186523914337,0.1470714658498764,0.06836044043302536,0.21362577378749847,0.2056879699230194,-0.11943415552377701,0.20955084264278412,0.05251029133796692,-0.03445333614945412,0.04285608232021332,-0.05998973920941353,0.3562885522842407,-0.10409151017665863,0.21832871437072754,-0.026124054566025734,0.08671507984399796,0.11691635847091675,-0.08900708705186844,-0.3059593439102173,-0.004383067134767771,-0.19681072235107422,0.03153873234987259,0.02599191665649414,-0.02312835119664669,-0.21011020243167877,-0.10579157620668411,-0.12787611782550812,-0.03073440119624138,0.02227582037448883,0.06329676508903503,0.012577283196151257,0.18637524545192719,0.10500849038362503,0.009349845349788666,-0.047213293612003326
0.16287830471992493,-0.17697617411613464,0.2792603075504303,-0.01608586125075817,-0.050845738500356674,-0.23096489906311035,-0.15364143252372742,-0.0031995070166885853,0.02273024432361126,-0.006638399325311184,0.2207040637731552,-0.12788066267967224,0.1752137392759323,-0.10561622679233551,0.1758190244436264,-0.24249103665351868,-0.26177263259887695,-0.05211549997329712,0.3152518570423126,0.09861861169338226,0.2611965239048004,0.25538334250450134,0.09122581034898758,0.25861769914627075,-0.19341258704662323,0.2177138775587082,0.068122997879982,-0.20146718621253967,0.09062808752059937,0.057078294456005096,0.20006857812404633,0.04286932945251465,-0.08869555592536926,-0.009277411736547947,0.0021945787593722343,0.18122351169586182,0.1309427171945572,0.19496865570545197,0.0451052188873291,-0.02552291378378868,0.08703067153692245,0.15492859482765198,0.15033425390720367,-0.10608913004398346,-0.14356523752212524,0.272399365901947,0.25749608874320984,0.3388700485229492,-0.22418834269046783,0.11583513021469116
-0.1477498561143875,-0.06643486768007278,-0.04024823009967804,0.1157526895403862,0.1397010236978531,0.040486544370651245,-0.24516691267490387,0.1937708705663681,-0.2001446932554245,0.1057836189866066,-0.09098804742097855,0.13244423270225525,0.19160370528697968,0.22330112755298615,-0.054207801818847656,-0.07277795672416687,-0.11513400822877884,0.020852794870734215,-0.1827341616153717,0.1559559851884842,0.19626878201961517,-0.13417239487171173,0.2172885686159134,0.02963816560804844,0.23209728300571442,0.007232570555061102,-0.2344101518392563,-0.11016536504030228,0.05746462941169739,0.06231563538312912,-0.049193382263183594,0.04981449246406555,-0.165137380361557,-0.06748943030834198,-0.19333185255527496,-0.11233431100845337,-0.042058203369379044,0.0395330972969532,0.011804264038801193,0.035856105387210846,-0.023379167541861534,-0.006558965891599655,-0.08141101151704788,-0.12041425704956055,0.06034611910581589,0.05931413918733597,0.18349482119083405,0.10654851049184799,-0.08005253225564957,0.08378458023071289
-0.029055219143629074,0.11437443643808365,-0.208649143576622,0.11033365875482559,-0.0667884424328804,0.072445347905159,0.1151885837316513,-0.07742897421121597,0.03714878484606743,-0.011286629363894463,0.007165360264480114,0.19482208788394928,0.19015435874462128,-0.02350888028740883,0.19090723991394043,-0.011808863840997219,-0.1683722287416458,-0.08513796329498291,0.13065612316131592,-0.06668629497289658,0.340764582157135,-0.03174308314919472,0.1370152235031128,-0.01986175961792469,-0.10736679285764694,0.02618941105902195,-0.1805238574743271,0.24985872209072113,-0.08475131541490555,0.12718676030635834,-0.062260162085294724,0.007305735722184181,-0.14992624521255493,0.123384028673172,0.04402821883559227,0.008960024453699589,0.11822324991226196,0.0413186214864254,-0.12904855608940125,0.027758223935961723,-0.18143057823181152,-0.08524490892887115,-0.044343624264001846,0.13542041182518005,0.1716330647468567,0.16761231422424316,0.022666091099381447,0.3095017671585083,0.1955256164073944,0.039303701370954514
0.17055025696754456,-0.036645133048295975,-0.15775607526302338,0.057365112006664276,-0.3811267614364624,0.23036177456378937,-0.2600773274898529,-0.14306975901126862,-0.18545281887054443,0.0062932707369327545,0.06655216962099075,-0.09717072546482086,-0.09403859078884125,-0.036881376057863235,-0.2677052617073059,0.17898152768611908,-0.13490542769432068,-0.12467057257890701,-0.19580666720867157,0.1302652508020401,-0.15894314646720886,-0.039500754326581955,0.14144527912139893,-0.20298582315444946,0.10387103259563446,0.22010566294193268,-0.19540701806545258,-0.13108232617378235,-0.2485889345407486,0.12336035072803497,-0.1482156217098236,-0.003488318296149373,-0.005804875865578651,-0.06423637270927429,-0.010821531526744366,-0.007693448103964329,-0.2139858603477478,-0.00013920450874138623,0.09352944046258926,0.08122579753398895,-0.2553112208843231,0.07065844535827637,-0.0680924654006958,-0.048053890466690063,-0.16458068788051605,-0.01811162382364273,-0.1972525417804718,-0.30421391129493713,-0.027802780270576477,0.02387130632996559
-0.04491906240582466,0.24898740649223328,-0.13525347411632538,-0.0032241791486740112,-0.015538818202912807,-0.002757333917543292,-0.039688464254140854,-0.12974224984645844,0.20616401731967926,0.07689996063709259,0.10690771043300629,0.11988198757171631,-0.08208693563938141,0.12328770011663437,-0.17629344761371613,-0.05761582404375076,-0.16265356540679932,0.2403326779603958,-0.03213176503777504,-0.08193661272525787,-0.22406615316867828,0.05853139981627464,0.05370035022497177,-0.12694799900054932,-0.007976796478033066,0.18963511288166046,-0.20971091091632843,0.08226197957992554,0.08009271323680878,0.17738750576972961,-0.12222696840763092,-0.07827930897474289,0.10366892069578171,-0.16711771488189697,-0.019260983914136887,0.19723622500896454,-0.2027507722377777,0.06495507061481476,0.2648405134677887,-0.1837398260831833,0.020495973527431488,0.008835463784635067,-0.09544356167316437,-0.0689154639840126,-0.02064957283437252,0.10234784334897995,0.0729830339550972,0.1727636456489563,-0.1282305270433426,0.029813528060913086
-0.10029271990060806,0.10636270046234131,0.08080440759658813,0.1252640187740326,-0.10660766065120697,0.0045328643172979355,-0.08081243932247162,0.002000579610466957,-0.024261727929115295,0.09304407238960266,-0.030111733824014664,0.12925542891025543,-0.0014838115312159061,-0.19539710879325867,-0.23939058184623718,0.07276677340269089,-0.055147744715213776,-0.1850818246603012,0.17094023525714874,0.22151292860507965,-0.07100673764944077,0.03920576721429825,-0.1086660847067833,-0.19953010976314545,0.2845834791660309,0.2464030385017395,-0.06635775417089462,0.05067935958504677,0.17667478322982788,-0.2645626962184906,-0.08588819950819016,0.010690977796912193,-0.0647086650133133,0.1919899433851242,-0.0167812779545784,-0.17559675872325897,0.10887860506772995,-0.15171988308429718,-0.20801489055156708,0.04081084951758385,0.2228287011384964,0.052526261657476425,0.09705791622400284,-0.02370130643248558,-0.17691883444786072,0.10005611926317215,-0.07084936648607254,0.10610200464725494,-0.10256624221801758,0.22392863035202026
0.05228845402598381,0.0025008905213326216,-0.12911370396614075,-0.03415711596608162,-0.048802513629198074,-0.06081328168511391,0.14480149745941162,-0.15597277879714966,0.07491357624530792,0.11325134336948395,-0.23026297986507416,0.02621459774672985,-0.1472177505493164,0.07984045147895813,0.09537534415721893,-0.16784220933914185,-0.15734119713306427,0.002485285047441721,-0.16440331935882568,0.03900747373700142,-0.07262445986270905,-0.1011698842048645,0.06516065448522568,-0.021184101700782776,-0.055795758962631226,0.06880257278680801,-0.11216799169778824,-0.08224587887525558,-0.07023897022008896,0.2676548659801483,-0.28083303570747375,-0.12182867527008057,0.10510437935590744,-0.016468627378344536,0.08379518240690231,0.05537755414843559,0.19232560694217682,-0.09263624250888824,-0.18555377423763275,0.14986152946949005,-0.09488794952630997,-0.11733034253120422,-0.2137574702501297,-0.0846744030714035,-0.15781061351299286,0.00906428787857294,-0.2056935578584671,0.08262613415718079,-0.1117408350110054,-0.22753460705280304
-0.21610334515571594,0.07870367914438248,-0.15783031284809113,0.1600935459136963,-0.014536289498209953,-0.17125101387500763,-0.04426882788538933,-0.08189450204372406,-0.13665954768657684,0.009302811697125435,-0.19039355218410492,-0.08358050137758255,-0.021272169426083565,-0.05286577716469765,-0.033236369490623474,-0.23425260186195374,-0.03648809343576431,0.18793848156929016,0.013528560288250446,-0.1435949057340622,0.21346724033355713,-0.0028791604563593864,-0.07477644085884094,-0.05493795499205589,0.16679248213768005,0.001299748313613236,0.07132532447576523,-0.05644670128822327,-0.3027798533439636,-0.030751598998904228,-0.05142465606331825,0.004152445588260889,0.10141746699810028,-0.06772952526807785,0.16469813883304596,0.0986684113740921,-0.1194610521197319,0.05114639550447464,0.27953583002090454,0.03952169045805931,0.10627466440200806,-0.1134367287158966,-0.06871262937784195,-0.265442430973053,-0.05093642324209213,0.028929203748703003,-0.06715085357427597,0.3220248520374298,-0.28509244322776794,-0.004308562260121107
0.10305958986282349,0.261926531791687,0.10413312166929245,-0.21602629125118256,0.07428967207670212,-0.2161920964717865,-0.1098819151520729,0.10240679234266281,0.06912550330162048,-0.1710248738527298,-0.10995925962924957,0.08092869818210602,0.07091900706291199,0.28199124336242676,-0.12363598495721817,0.03847058117389679,0.10211046785116196,0.1219438835978508,-0.01865355297923088,0.06130257993936539,-0.1601426899433136,-0.08899176120758057,-0.1334734559059143,-0.05184493958950043,-0.10365456342697144,-0.20358307659626007,0.008533522486686707,0.18684951961040497,0.014194311574101448,-0.04506189376115799,0.06675649434328079,0.0796877071261406,0.008306005038321018,-0.27370333671569824,0.20380043983459473,-0.09227234870195389,0.144194096326828,-0.030283698812127113,-0.005913710221648216,0.1716257482767105,-0.07479233294725418,0.2447185516357422,-0.048215512186288834,-0.09812361001968384,0.1840096414089203,0.14474190771579742,-0.01760430447757244,0.2814856767654419,0.013611586764454842,-0.23637545108795166
-0.016326894983649254,0.1461574286222458,0.008814181201159954,-0.05616757646203041,0.025025757029652596,-0.017299916595220566,0.0073860641568899155,-0.13351359963417053,0.10751497000455856,-0.04795762524008751,0.07898420840501785,0.06658483296632767,0.06831660121679306,0.2173251360654831,-0.0075568584725260735,-0.017596717923879623,-0.20308716595172882,-0.08908800780773163,-0.04352213442325592,0.18120421469211578,0.11004683375358582,0.08371394872665405,-0.030750185251235962,-0.0406319759786129,0.01815076358616352,-0.1726495772600174,-0.28914308547973633,-0.2506139874458313,0.09226339310407639,0.03455258533358574,0.01969624124467373,-0.045514073222875595,-0.18497365713119507,0.003158170497044921,-0.03439360111951828,-0.17173558473587036,-0.0294276662170887,0.0676913782954216,-0.05731430649757385,0.11399037390947342,0.037744101136922836,-0.10849462449550629,0.09936171025037766,-0.09365550428628922,0.07049386948347092,-0.19278648495674133,0.06372848153114319,0.28934282064437866,0.18281289935112,-0.04916497692465782
-0.1384080946445465,-0.12252449244260788,0.3047961890697479,-0.2582496404647827,-0.25788140296936035,-0.05260930210351944,0.18886367976665497,-0.05967029929161072,0.09064126759767532,-0.14300838112831116,-0.12273936718702316,0.07465658336877823,0.21916058659553528,0.15983819961547852,-0.16280508041381836,-0.022595815360546112,0.015524163842201233,-0.17641256749629974,0.06875018030405045,-0.010287311859428883,-0.11620955914258957,0.20005209743976593,-0.03163010999560356,0.03338751196861267,0.19683144986629486,0.14571711421012878,-0.08249767869710922,0.07999967783689499,-0.09295662492513657,0.03895903006196022,-0.2191411256790161,0.06413913518190384,-0.030280396342277527,0.09798093140125275,0.03666545823216438,0.15691426396369934,-0.038023676723241806,-0.006635055877268314,0.027132445946335793,0.07792257517576218,-0.15570068359375,0.0117686428129673,-0.0698920264840126,-0.16277563571929932,-0.046300020068883896,0.2134023755788803,-0.05995519831776619,0.20264214277267456,0.015936417505145073,0.1898629516363144
0.12934145331382751,0.14945316314697266,-0.12338951230049133,-0.08139856904745102,0.052381888031959534,0.13132162392139435,-0.1908334344625473,-0.0543510839343071,-0.06821329891681671,-0.16356906294822693,0.027324317023158073,0.21976055204868317,-0.09280680119991302,-0.3069506883621216,-0.003089062636718154,-0.1296776533126831,-0.11874528974294662,-0.10998362302780151,-0.11456111073493958,0.12311722338199615,0.13640539348125458,-0.27639108896255493,0.05799458548426628,-0.27546989917755127,0.024150198325514793,-0.03579673916101456,-0.1580861210823059,0.05486111715435982,0.07482229173183441,-0.25279825925827026,0.05915583297610283,-0.08819859474897385,-0.01660574972629547,0.08171025663614273,-0.14357928931713104,0.038507647812366486,-0.08234476298093796,0.14380507171154022,0.07983127236366272,0.08165352046489716,-0.2628941833972931,0.0722205862402916,0.03281571716070175,0.20082712173461914,-0.08594478666782379,-0.053678613156080246,-0.17800560593605042,-0.32742801308631897,0.12464059889316559,0.010331511497497559
-0.08618512749671936,0.1766563504934311,-0.04680272936820984,0.0009387682657688856,-0.003427456133067608,0.03541150689125061,-0.12473202496767044,0.1127607673406601,0.1570444107055664,-0.08372098952531815,0.26506730914115906,-0.2914109528064728,-0.1487371176481247,0.10231362283229828,0.17552565038204193,-0.15977159142494202,0.006139758974313736,0.007234641350805759,0.11093174666166306,-0.1600867211818695,-0.059728655964136124,-0.09449370950460434,0.0565810464322567,-0.027365759015083313,0.030099431052803993,0.0333079993724823,0.05367142707109451,0.2475559264421463,0.15280978381633759,0.16703645884990692,0.07086765766143799,-0.16330641508102417,0.07339715212583542,-0.03699513152241707,-0.08207932114601135,0.07825543731451035,0.16494181752204895,-0.06486498564481735,-0.311649888753891,0.04876088723540306,0.046350181102752686,-0.08906753361225128,-0.05233696848154068,0.18640631437301636,0.21740157902240753,0.01584620773792267,0.13397148251533508,-0.0897049531340599,0.08676894009113312,-0.2006554752588272
0.18631835281848907,0.031639449298381805,0.1300148218870163,-0.02343273162841797,0.2781851887702942,0.03793866187334061,-0.09894940257072449,0.02869892492890358,0.0665624588727951,0.01775302179157734,0.14855483174324036,0.3036811649799347,0.11611789464950562,-0.013852981850504875,0.05218043923377991,-0.28666776418685913,0.07380329072475433,-0.08867526799440384,-0.04177548363804817,0.04115435853600502,-0.16868920624256134,0.1244320347905159,0.10671135038137436,-0.1850292682647705,-0.01897256448864937,-0.0898185670375824,0.24923738837242126,0.22645783424377441,0.11391516774892807,-0.03847110643982887,-0.060136713087558746,0.16827234625816345,0.11551234871149063,-0.2484339326620102,-0.21757632493972778,-0.0720670223236084,0.1842840611934662,0.1293295919895172,0.053580138832330704,-0.002785087563097477,0.17003591358661652,0.11191852390766144,0.03187872841954231,-0.12503883242607117,-0.1648235023021698,-0.03308863937854767,0.04611299932003021,-0.1351083517074585,0.2297961562871933,-0.019071659073233604
0.007909465581178665,0.005003704223781824,0.1224527582526207,-0.17237752676010132,-0.10957793146371841,-0.15386968851089478,-0.057355985045433044,0.044148512184619904,-0.12669028341770172,0.086472287774086,0.0447540320456028,-0.11889604479074478,-0.026891324669122696,-0.09901154786348343,-0.3596716523170471,-0.22299829125404358,0.1681545525789261,0.1129850372672081,-0.08406311273574829,0.09034185111522675,-0.007612698711454868,-0.2346004694700241,0.14726781845092773,0.1436111181974411,0.10667113214731216,-0.009213056415319443,-0.3536701798439026,0.048195596784353256,-0.06271067261695862,-0.08580397814512253,-0.06898966431617737,-0.12461385875940323,-0.32334601879119873,0.09794929623603821,0.20236782729625702,0.02512439712882042,-0.08920204639434814,0.14078979194164276,0.037709202617406845,-0.11220677196979523,0.00932226236909628,-0.1123238131403923,-0.1281268447637558,-0.11135891824960709,0.03900766000151634,-0.024364475160837173,-0.14266972243785858,0.111173115670681,-0.10568556934595108,0.23869071900844574
-0.015931328758597374,0.03822363168001175,0.22292128205299377,0.01605219580233097,0.07460673898458481,-0.13830257952213287,0.13643650710582733,-0.26445984840393066,0.17108017206192017,0.27623608708381653,0.18369027972221375,0.041874803602695465,-0.0954861044883728,0.15230035781860352,0.026177747175097466,0.10071461647748947,0.10015910863876343,0.1871453821659088,0.03544433414936066,0.047582872211933136,0.045093391090631485,0.3705858588218689,-0.09338942170143127,0.15649275481700897,0.06086214631795883,0.021884292364120483,-0.05196655914187431,0.16360396146774292,-0.12006941437721252,0.2504716217517853,-0.028649255633354187,0.04714864119887352,0.36834266781806946,-0.28719139099121094,0.08332514017820358,0.08528871089220047,0.012388642877340317,0.12137395143508911,-0.3221151828765869,0.12728926539421082,-0.024769281968474388,0.2286870777606964,0.028123952448368073,-0.2630205750465393,0.02625938504934311,0.2724186182022095,-0.012905091047286987,0.25734978914260864,0.3095780611038208,-0.21760141849517822
0.18726812303066254,-0.004963799845427275,-0.12642712891101837,0.2675634026527405,0.001577516901306808,-0.012923444621264935,0.0036430347245186567,0.15336987376213074,-0.12826330959796906,0.03273112699389458,-0.02565692365169525,-0.08783325552940369,-0.13045819103717804,-0.07546146959066391,-0.10059551894664764,0.23173432052135468,-0.06875090301036835,-0.06601378321647644,0.134275883436203,-0.23468269407749176,0.01881485804915428,0.08842124789953232,0.08031562715768814,0.31752723455429077,0.05030663311481476,0.060189567506313324,0.3720722794532776,-0.12401214241981506,-0.008774125017225742,-0.0055030896328389645,-0.09023409336805344,-0.11203089356422424,0.27124693989753723,0.22068090736865997,-0.055613648146390915,-0.008595898747444153,0.1289447695016861,0.09543830156326294,-0.3534182608127594,0.16768832504749298,0.03206172585487366,-0.17149056494235992,0.041942063719034195,-0.26424160599708557,-0.3934226334095001,0.12872053682804108,0.2875460386276245,0.2109134942293167,-0.08952794969081879,-0.02135879173874855
0.01751994527876377,0.13497860729694366,0.021324003115296364,-0.10067518055438995,-0.24549773335456848,-0.1298946738243103,0.06622079014778137,-0.11908186972141266,-0.21423222124576569,-0.2273789644241333,0.053714439272880554,-0.0795363262295723,0.016524415463209152,-0.32756683230400085,0.09319516271352768,-0.10177917778491974,-0.11318806558847427,-0.2378142923116684,-0.17308256030082703,0.2126002162694931,-0.05869019404053688,0.01190946251153946,0.19764761626720428,0.02041427232325077,0.2111508995294571,0.2230611890554428,-0.2838630974292755,-0.3199197053909302,-0.22013045847415924,-0.17866870760917664,-0.21720688045024872,0.20490477979183197,-0.010402519255876541,-0.17123568058013916,-0.01806487701833248,-0.16517606377601624,-0.057764481753110886,0.06852808594703674,0.11648067831993103,-0.23667937517166138,-0.12965735793113708,-0.1402863711118698,0.011706279590725899,0.011237125843763351,-0.022006122395396233,0.09831750392913818,-0.10578429698944092,0.17700162529945374,0.06711991876363754,0.22282613813877106
0.0779988169670105,-0.03727121651172638,-0.12293118983507156,-0.007484003435820341,0.19668136537075043,-0.032839301973581314,0.09736109524965286,0.12390079349279404,-0.14119045436382294,0.029099205508828163,-0.06136417016386986,-0.027681147679686546,0.15507765114307404,0.07742565870285034,0.10303723812103271,-0.05110529437661171,-0.08729613572359085,-0.12679387629032135,0.12159205228090286,-0.1138816773891449,0.017326511442661285,-0.07157072424888611,0.04759202152490616,0.14678660035133362,0.3178628087043762,0.11933613568544388,-0.1482381969690323,0.15412575006484985,-0.019593508914113045,0.003337966511026025,-0.2346283495426178,-0.015069403685629368,-0.02754872478544712,-0.030963927507400513,0.03406031057238579,0.2765273153781891,-0.02292110025882721,0.12153809517621994,0.05002699792385101,0.16452200710773468,-0.016887249425053596,-0.24885223805904388,0.065055713057518,0.0628158301115036,0.13353973627090454,-0.10897836834192276,-0.20265699923038483,-0.07939723134040833,0.22500646114349365,-0.1452282965183258
-0.043754201382398605,0.11970461159944534,0.0816199779510498,0.03967808932065964,-0.20221123099327087,0.2163456231355667,-0.019689837470650673,0.05838492885231972,0.006021447945386171,0.04170888662338257,0.08404573798179626,-0.0038434271700680256,-0.02980482392013073,-0.029366998001933098,-0.29989662766456604,0.06745508313179016,-0.029736097902059555,0.06533557921648026,0.13057349622249603,0.09823577851057053,-0.01629582606256008,-0.17957721650600433,-0.31537064909935,-0.11860577762126923,0.19261404871940613,-0.08071169257164001,0.10000529140233994,-0.13863886892795563,-0.03896709159016609,0.04860216751694679,0.1174333468079567,-0.021499427035450935,0.029155312106013298,-0.028865063562989235,-0.02518216148018837,-0.22314703464508057,0.12806467711925507,0.06972827762365341,0.09688391536474228,-0.03492726758122444,-0.04301273822784424,0.0723663792014122,-0.18615441024303436,0.11063540726900101,0.03602699562907219,0.11401443928480148,-0.023073744028806686,-0.059774767607450485,0.17452283203601837,-0.159621924161911
-0.11145945638418198,-0.10613027960062027,-0.05030005797743797,0.09680023789405823,-0.09314963221549988,-0.16250400245189667,0.17810887098312378,0.06532526761293411,-0.16761338710784912,0.3308175206184387,-0.023172490298748016,-0.1255130022764206,0.11227314919233322,-0.015379303134977818,0.18876011669635773,-0.07251115888357162,-0.06506654620170593,-0.22203749418258667,0.008233648724853992,0.17212983965873718,0.10739775002002716,0.07574943453073502,-0.030937638133764267,-0.03730054572224617,0.07996169477701187,-0.21182219684123993,0.03472847118973732,-0.17898644506931305,0.03483935445547104,-0.11937108635902405,-0.12336983531713486,-0.1262809783220291,0.08084840327501297,-0.12520816922187805,0.10906634479761124,-0.042607251554727554,-0.15569356083869934,0.11770163476467133,0.007126033306121826,0.06319904327392578,0.14313006401062012,-0.10693342983722687,0.07715242356061935,-0.03767693042755127,-0.17523129284381866,0.06872724741697311,0.23859085142612457,0.060632359236478806,0.03692439943552017,-0.1831318438053131
0.28433388471603394,0.13274498283863068,-0.1285201460123062,-0.16675853729248047,-0.17910447716712952,-0.18950338661670685,-0.03340233489871025,0.04700595512986183,-0.04953697323799133,0.10956614464521408,-0.0003166469978168607,0.13152140378952026,-0.04449450969696045,-0.19465281069278717,0.07746336609125137,-0.24245761334896088,-0.2060302495956421,-0.10971412062644958,0.04239433631300926,-0.12376078963279724,-0.0987781509757042,-0.06108101084828377,0.17161402106285095,-0.05200596898794174,-0.19539177417755127,0.09635048359632492,0.1124553307890892,-0.11463844776153564,-0.0284107755869627,0.02019839733839035,-0.12046223133802414,-0.08168242126703262,0.20045128464698792,0.041978973895311356,0.1989082396030426,-0.04965070262551308,-0.0711943507194519,-0.1472567915916443,-0.12490447610616684,0.03905944898724556,-0.1769869178533554,-0.07645975798368454,0.0501900315284729,-0.17298443615436554,0.006819525267928839,0.06362113356590271,0.14004944264888763,0.1376880705356598,0.10086119174957275,-0.1719769686460495
0.08911091089248657,0.1752246767282486,0.19297432899475098,-0.15633632242679596,0.08802423626184464,-0.0019346982007846236,0.13809531927108765,-0.14713165163993835,0.17443732917308807,0.14455299079418182,-0.13164830207824707,0.10107346624135971,0.04634946212172508,0.02663181535899639,-0.025187194347381592,0.17841090261936188,-0.05435320362448692,-0.07648198306560516,0.09512195736169815,0.17010244727134705,-0.11386609822511673,0.12867608666419983,-0.043394796550273895,0.2291579693555832,-0.05775473639369011,-0.08592019975185394,0.23152391612529755,-0.06581839919090271,-0.06811752915382385,0.10205312818288803,0.26360538601875305,0.044245798140764236,0.1327843815088272,0.07022667676210403,-0.0661255344748497,-0.05312974750995636,-0.10551713407039642,0.0846404880285263,0.09300524741411209,0.30831778049468994,-0.0009228532435372472,-0.025799626484513283,0.13388139009475708,-0.31089717149734497,-0.09292614459991455,-0.05708010867238045,0.05797963589429855,-0.14891965687274933,-8.756073657423258e-05,-0.06379384547472
0.058682914823293686,0.05282201990485191,0.1370255947113037,0.1393231898546219,0.2829325199127197,-0.09403188526630402,-0.25378453731536865,0.2286689579486847,-0.1527835726737976,0.12134630978107452,-0.006607422139495611,0.12922987341880798,0.30597567558288574,0.05152851715683937,0.14272437989711761,-0.17332275211811066,0.24316175282001495,-0.0444522425532341,-0.07362789660692215,0.2385580837726593,0.21898242831230164,-0.043243296444416046,0.18308699131011963,0.19216516613960266,0.15286338329315186,-0.14908196032047272,0.16501715779304504,-0.09476130455732346,0.09760018438100815,-0.1983300745487213,-0.056665074080228806,0.10013766586780548,-0.038747575134038925,-0.13565897941589355,-0.02000453695654869,-0.048315081745386124,-0.23365680873394012,-0.02951391413807869,-0.33968716859817505,0.01639217510819435,-0.08382729440927505,0.07464331388473511,-0.14905443787574768,0.3249850571155548,-0.007000511046499014,-0.06817792356014252,0.048343006521463394,0.006429826840758324,0.03570827469229698,0.1991528570652008
-0.028972908854484558,0.005789021961390972,0.028606990352272987,0.11676641553640366,-0.08017794042825699,-0.03150932863354683,-0.12064444273710251,0.03571672737598419,0.0926394984126091,0.1310657411813736,-0.22879184782505035,0.27231207489967346,-0.037397678941488266,0.03980907425284386,-0.044978462159633636,0.09089331328868866,-0.3039935529232025,-0.22558188438415527,-0.10842915624380112,-0.1211349368095398,-0.2478104531764984,0.08387041091918945,0.032090235501527786,0.16198520362377167,-0.2524363398551941,0.1391727179288864,0.10253574699163437,0.05692456662654877,0.02389468066394329,0.27779078483581543,-0.07107962667942047,-0.14980244636535645,0.03169699385762215,-0.23445461690425873,0.13047540187835693,0.09802984446287155,-0.06041776016354561,0.15653179585933685,0.16350586712360382,0.07790430635213852,-0.03504016995429993,-0.008233296684920788,-0.018822651356458664,-0.0559183768928051,-0.05420314148068428,-0.10287458449602127,-0.023254651576280594,0.2630596160888672,0.3750118017196655,-0.13408532738685608
0.0015320731326937675,-0.265513151884079,0.00028753781225532293,0.10722897201776505,0.008191519416868687,-0.024244964122772217,-0.18670998513698578,-0.22403305768966675,-0.09784243255853653,-0.2765393555164337,0.1529470682144165,0.06255433708429337,0.011335364542901516,-0.03557664155960083,-0.02113337628543377,-0.10711430758237839,0.2397356480360031,-0.14915038645267487,0.2188599407672882,-0.11294036358594894,0.003339560003951192,-0.1858271062374115,-0.0160514023154974,-0.15669703483581543,-0.17078346014022827,0.14948371052742004,0.2397662252187729,-0.13168363273143768,-0.09346163272857666,-0.1465337574481964,0.2412855476140976,0.07323180884122849,0.09204866737127304,0.02465798519551754,0.05698828399181366,-0.3324262201786041,0.13650880753993988,0.03873689845204353,0.26106318831443787,-0.25274041295051575,0.05790196731686592,-0.14305870234966278,0.042938556522130966,-0.01634206622838974,-0.011827591806650162,-0.0942387804389,-0.1697305142879486,0.0042827618308365345,-0.22601880133152008,-0.022038200870156288
-0.09590049833059311,-0.17715498805046082,-0.21771059930324554,-0.2389041632413864,0.10983040183782578,0.19426186382770538,-0.3176499009132385,-0.07134435325860977,-0.077833391726017,-0.23180794715881348,-0.04530005902051926,0.11475976556539536,-0.15396903455257416,0.034358132630586624,0.11820483207702637,0.05431094020605087,-0.0589580237865448,-0.07495736330747604,-0.07005526125431061,0.09931798279285431,-0.177228182554245,-0.2990076541900635,-0.022507568821310997,0.12246224284172058,0.15902341902256012,0.29915833473205566,-0.014357311651110649,-0.14923930168151855,0.0949859470129013,0.0790782943367958,0.06528586149215698,-0.08721084892749786,-0.059529971331357956,0.1829826980829239,0.06740302592515945,-0.27246639132499695,-0.10720286518335342,0.07741786539554596,0.1429252326488495,0.03865421563386917,-0.08334082365036011,0.17274980247020721,-0.27205485105514526,-0.17351676523685455,0.1229182705283165,0.09696970880031586,0.1157437264919281,0.059235382825136185,-0.22599166631698608,0.058855168521404266
-0.15027910470962524,-0.2920317053794861,0.2019905000925064,-0.28865036368370056,-0.1386706680059433,0.07688378542661667,-0.0639028400182724,0.025537120178341866,-0.1580100953578949,-0.18351556360721588,0.06165290251374245,0.065732941031456,0.03460131213068962,-0.12940038740634918,-0.1080007553100586,0.2028363198041916,-0.11024489998817444,0.16770046949386597,0.3232265114784241,0.07472504675388336,-0.18355251848697662,-0.1883513629436493,0.040202297270298004,0.09023252129554749,-0.028999920934438705,0.16773754358291626,0.00856794323772192,-0.1309194266796112,-0.0747661292552948,-0.050857070833444595,0.049244947731494904,0.2652733325958252,0.1522473841905594,0.05127950385212898,-0.30105313658714294,0.10445237159729004,-0.1474442481994629,0.13610313832759857,0.023484615609049797,0.2122577726840973,0.20306795835494995,0.0867704525589943,-0.03862335905432701,-0.06743714213371277,-0.1465112864971161,-0.19555284082889557,0.036555297672748566,0.10068296641111374,0.043244585394859314,0.15195022523403168
-0.21552231907844543,0.09020619094371796,0.3227667212486267,-0.19472536444664001,-0.018012208864092827,-0.09166588634252548,-0.2505926191806793,0.15061724185943604,-0.13240878283977509,-0.06251849234104156,-0.0544416569173336,0.23019473254680634,0.046276744455099106,0.06759628653526306,-0.2164345383644104,-0.005926765967160463,0.003759305691346526,-0.07789874076843262,-0.07050949335098267,0.28553077578544617,0.24905239045619965,0.16709411144256592,0.12729127705097198,0.17011193931102753,0.2561122477054596,-0.11010561883449554,0.036670930683612823,0.1018964871764183,0.13183638453483582,0.10011784732341766,-0.11141489446163177,-0.202882781624794,0.008061972446739674,-0.05492399260401726,0.11167511343955994,-0.010609458200633526,-0.021473122760653496,0.1922043114900589,0.06767252832651138,-0.1904635727405548,0.19491660594940186,-0.2551787197589874,0.19767709076404572,0.1092800423502922,0.07265063375234604,-0.07643555849790573,0.09395565837621689,0.21878182888031006,-0.00686186458915472,0.178303524851799
-0.12347976118326187,-0.06697758287191391,0.09145160764455795,0.012431193143129349,-0.04930327832698822,0.04913301393389702,-0.22639675438404083,-0.19755063951015472,-0.17187830805778503,0.24136029183864594,0.002969247056171298,0.025006664916872978,-0.05060172826051712,0.09256640076637268,0.11823459714651108,-0.14410750567913055,-0.2043539583683014,0.0010267696343362331,-0.2962143123149872,-0.3029264807701111,0.03150232881307602,-0.11291088163852692,-0.24392607808113098,0.153811976313591,-0.05216146260499954,-0.1876670867204666,0.03709898516535759,-0.253976047039032,-0.10107071697711945,0.06897055357694626,0.19563432037830353,0.057174768298864365,0.1101391613483429,0.13612407445907593,-0.14534935355186462,0.17725630104541779,-0.0007087775738909841,-0.15331393480300903,0.21667075157165527,-0.1327696591615677,-0.262330561876297,0.09319812804460526,0.18108493089675903,-0.025147121399641037,0.23219533264636993,0.01793408952653408,0.05160108208656311,0.03154948726296425,-0.09288286417722702,0.07841292768716812
0.03427371010184288,0.1349853128194809,-0.10988134890794754,-0.21613530814647675,0.13493894040584564,-0.16062383353710175,-0.12166152149438858,-0.12043933570384979,-0.135243222117424,0.09116707742214203,-0.001986245857551694,-0.0634404867887497,0.18376944959163666,-0.00026115073706023395,0.11625093966722488,0.022007115185260773,-0.07560841739177704,0.07536191493272781,0.10139140486717224,0.12308165431022644,-0.04798134043812752,0.08077177405357361,-0.002470953157171607,0.1584242433309555,-0.11096081137657166,0.12771540880203247,0.11280743032693863,0.10403750091791153,0.04283137992024422,0.0711134746670723,-0.029931392520666122,-0.24329368770122528,-0.09932318329811096,-0.06852152943611145,-0.24720804393291473,0.012561391107738018,-0.03414302319288254,-0.2845078408718109,0.06057768687605858,-0.20670519769191742,-0.05561993271112442,0.08314850926399231,0.0541197769343853,0.20636647939682007,-0.1467968225479126,-0.2402726411819458,0.1653292179107666,0.0007860066252760589,0.00294696306809783,0.1509854942560196
-0.3853014409542084,0.043521493673324585,-0.11643418669700623,-0.053003985434770584,0.056326527148485184,0.0664980486035347,0.14355584979057312,-0.029113296419382095,-0.005725902505218983,-0.0636882558465004,-0.17667566239833832,-0.2862904965877533,-0.01951274648308754,-0.08589192479848862,0.1791423112154007,-0.05804548040032387,0.04202912375330925,0.24587780237197876,-0.13477373123168945,-0.04599678888916969,0.01596657559275627,0.03731058910489082,-0.08138106763362885,0.15227575600147247,-0.057117681950330734,-0.06840313971042633,0.05140940472483635,0.1193532794713974,-0.13512004911899567,-0.0015487957280129194,-0.1252371221780777,-0.09318570047616959,0.06868128478527069,0.16920723021030426,0.1587783545255661,0.06193672865629196,-0.08390989899635315,0.0013865111395716667,0.03514998033642769,0.035633619874715805,-0.10511035472154617,0.039357706904411316,0.04190416634082794,-0.1666802018880844,0.06733021885156631,-0.2425566166639328,-0.008119333535432816,-0.055862072855234146,-0.03113873302936554,-0.11774291098117828
0.2641068994998932,-0.12517905235290527,0.042936667799949646,0.14954964816570282,-0.23236259818077087,0.04029145464301109,0.20135994255542755,0.03970640152692795,0.19234338402748108,-0.22987157106399536,-0.025833258405327797,0.04028013348579407,0.08262573182582855,-0.03295517712831497,-0.11498568952083588,-0.1812562793493271,-0.05578521639108658,0.087345190346241,-0.16329440474510193,0.153960719704628,-0.06181291863322258,-0.11631608009338379,-0.020805511623620987,-0.058713678270578384,0.19620192050933838,0.048643648624420166,-0.23626303672790527,0.03252113237977028,-0.2541320323944092,0.0938425213098526,0.23998573422431946,0.31044793128967285,0.054915715008974075,-0.11056534200906754,-0.07859331369400024,-0.2588200867176056,0.027793068438768387,0.1547507494688034,0.13352857530117035,0.06472707539796829,-0.06150473654270172,0.19231177866458893,-0.3379676043987274,0.19693104922771454,-0.14020133018493652,0.04373970627784729,-0.13793396949768066,-0.14858782291412354,0.18889690935611725,-0.02893357165157795
-0.2262076884508133,-0.07256696373224258,-0.05584769695997238,0.009471955709159374,0.14050981402397156,-0.21435919404029846,0.08963571488857269,0.23545154929161072,0.1275411993265152,0.013723326846957207,0.20023280382156372,-0.1840013712644577,-0.1435418576002121,0.05012402683496475,-0.032419927418231964,0.006922503467649221,-0.10350064933300018,0.010363858193159103,0.09281191974878311,0.11704206466674805,0.3615204691886902,0.1024286225438118,-0.18105736374855042,0.26038262248039246,-0.322873592376709,-0.2357054203748703,-0.055299390107393265,0.11696940660476685,-0.13286885619163513,0.0792669728398323,-0.08196999877691269,0.09654560685157776,0.20799709856510162,0.009256090968847275,-0.18701791763305664,0.20454901456832886,-0.09797971695661545,0.0802082046866417,-0.06824856996536255,0.09988802671432495,-0.007072587497532368,0.12337911128997803,-0.1642375886440277,0.06415373831987381,-0.05197172611951828,0.12555775046348572,0.016939017921686172,-0.12194287776947021,-0.0784028023481369,-0.10482332110404968
0.21891547739505768,0.13492310047149658,-0.2021484524011612,0.08639173209667206,0.1644725203514099,0.04448217898607254,0.1719762533903122,0.018750891089439392,-0.007600795011967421,0.1527206152677536,0.013069930486381054,0.049614470452070236,0.011054825969040394,0.049390681087970734,-0.10440380126237869,-0.06677724421024323,-0.09638786315917969,-0.1486014425754547,-0.05218873918056488,-0.09475335478782654,0.16832008957862854,0.0008536167442798615,0.19724500179290771,-0.028737345710396767,-0.10260677337646484,-0.11504054069519043,-0.2187233716249466,0.03174429386854172,-0.15600720047950745,0.04244352504611015,-0.05815340578556061,0.1759166568517685,0.2781182825565338,0.2287065088748932,-0.09446986764669418,0.07189341634511948,0.07715403288602829,0.0030294626485556364,0.09370885044336319,0.12845486402511597,-0.12062250077724457,0.13902044296264648,0.1251521110534668,-0.08145398646593094,0.2045375108718872,0.10933033376932144,0.03912113979458809,0.35502752661705017,0.2001584768295288,-0.009296226315200329
-0.025908716022968292,-0.1682097315788269,0.11773982644081116,-0.013081705197691917,-0.16028301417827606,0.15484072268009186,0.0544733963906765,-0.08276589959859848,-0.07411877810955048,-0.1160687655210495,0.0232839398086071,-0.09515192359685898,-0.13542473316192627,0.01521955244243145,0.05769282579421997,0.14838647842407227,-0.29755228757858276,0.2239615023136139,0.09947620332241058,0.09481807798147202,-0.1434449702501297,-0.183786541223526,-0.14492425322532654,-0.20857617259025574,0.059384651482105255,0.14141511917114258,0.22906766831874847,-0.18110236525535583,0.18536150455474854,-0.06302108615636826,0.06708293408155441,-0.1821710169315338,-0.0279172845184803,-0.04257259890437126,-0.01103381160646677,0.09630066156387329,-0.1474500298500061,0.13417653739452362,-0.01893184520304203,0.09847480803728104,-0.1577022820711136,-0.08246637880802155,0.1694185584783554,-0.17573100328445435,0.016842469573020935,-0.005362632218748331,0.020732635632157326,0.10573782026767731,-0.16816885769367218,0.027653343975543976
-0.028906917199492455,-0.0898624062538147,0.023852791637182236,-0.09612968564033508,-0.06321519613265991,-0.3068457841873169,0.1284271478652954,-0.1253419816493988,-0.1320921629667282,0.1267867088317871,0.2648982107639313,0.02738099731504917,-0.11202305555343628,-0.021309832111001015,-0.20106279850006104,-0.16085009276866913,-0.168919637799263,0.04206365719437599,0.1646331399679184,-0.259642094373703,-0.07534085214138031,0.11005160957574844,0.12298483401536942,-0.011923907324671745,-0.016708029434084892,-0.10650579631328583,0.05126079171895981,0.1803903728723526,0.2853330671787262,0.13467541337013245,-0.19978998601436615,-0.10636166483163834,0.002737118862569332,-0.03396002575755119,-0.12600119411945343,-0.13138961791992188,-0.037082426249980927,0.11757029592990875,0.029924483969807625,-0.2516297698020935,-0.1642545908689499,0.30661457777023315,0.03160283342003822,0.23872391879558563,0.15638607740402222,0.14926894009113312,-0.13035441935062408,-0.061919618397951126,-0.08638932555913925,0.18180440366268158
-0.005283154547214508,0.06923678517341614,0.12269870191812515,-0.15705454349517822,0.3630729019641876,-0.1828538179397583,0.12414979934692383,0.30289575457572937,-0.30080580711364746,-0.3779871463775635,0.1661721169948578,-0.03678401559591293,0.02240636758506298,-0.026656171306967735,-0.026625391095876694,0.21151232719421387,0.3661288321018219,-0.02341107465326786,0.18650607764720917,0.2021709829568863,-0.15617969632148743,-0.16791024804115295,0.13796700537204742,-0.24861964583396912,0.27393168210983276,-0.03284849971532822,-0.09090907126665115,0.19248253107070923,0.03137868270277977,-0.30099818110466003,-0.10875081270933151,-0.06907481700181961,-0.03251287341117859,0.05636781081557274,-0.1960991770029068,0.12993371486663818,0.2798592746257782,-0.02468661405146122,-0.05240137130022049,-0.32369300723075867,-0.07418601214885712,0.09174785017967224,0.1262967735528946,0.036575715988874435,-0.03950880095362663,-0.1885940134525299,-0.15638305246829987,-0.30851277709007263,0.04940318688750267,0.06796035915613174
