-0.03987516835331917,-0.2668929994106293,-0.14501364529132843,-0.08103261888027191,0.09783799946308136,-0.2119709849357605,0.05749796703457832,-0.16584128141403198,-0.21156565845012665,0.09299211949110031,-0.15183691680431366,-0.19695889949798584,0.010110937058925629,-0.14576049149036407,0.12773625552654266,-0.042993683367967606,-0.10685472190380096,-0.348519504070282,-0.036492664366960526,-0.34306570887565613,0.03818086162209511,0.05319393426179886,0.0563553050160408,0.04457322508096695,0.02304939739406109,0.05127118527889252,-0.18304964900016785,-0.020263997837901115,0.0433814711868763,0.1921437382698059,0.12279508262872696,0.09753905236721039,-0.13098151981830597,0.1248011514544487,0.3125239908695221,-0.0789007917046547,0.19220583140850067,0.1714409440755844,0.02576497755944729,0.3625231981277466,-0.08661659806966782,-0.1479930728673935,0.031325846910476685,-0.010776074603199959,-0.031083321198821068,0.050049327313899994,0.08747954666614532,-0.06889385730028152,-0.023178162053227425,0.26335370540618896
-0.05860977992415428,0.24304015934467316,0.0015834247460588813,-0.021741226315498352,-0.21870848536491394,0.19327856600284576,0.05834894999861717,0.15201924741268158,0.16363899409770966,-0.18083634972572327,0.19040527939796448,0.0409788116812706,0.03367649018764496,-0.27156978845596313,0.019391532987356186,-0.12195894122123718,0.18928292393684387,0.21426214277744293,0.26380082964897156,0.08095643669366837,0.20237575471401215,-0.03332981467247009,-0.04999411106109619,0.05412554368376732,0.18176394701004028,-0.13553296029567719,-0.08303330838680267,0.16125230491161346,-0.2508293688297272,0.15607501566410065,-0.05237111076712608,-0.12215100973844528,-0.15360260009765625,0.1696927696466446,-0.09032442420721054,0.031038183718919754,0.2044212967157364,0.06754488497972488,-0.0884280651807785,-0.23623503744602203,0.0908517837524414,-0.11326855421066284,0.03661114349961281,-0.27345460653305054,0.10311414301395416,0.016595445573329926,0.0133088119328022,0.03538482263684273,0.14755384624004364,0.07731916755437851
-0.000919741578400135,-0.03578490391373634,0.188798189163208,0.21025016903877258,-0.2283068746328354,0.08847672492265701,0.057057350873947144,-0.05677871033549309,-0.053450729697942734,0.07594560831785202,-0.30049651861190796,-0.18334941565990448,-0.10458364337682724,-0.028815602883696556,-0.1518285572528839,-0.012757372111082077,0.09287093579769135,-0.19684799015522003,-0.05100701376795769,-0.01698065735399723,-0.06855492293834686,-0.116489939391613,0.23740848898887634,-0.15263471007347107,0.1525251269340515,-0.1114383339881897,0.17278698086738586,-0.10349617153406143,-0.1291237622499466,-0.19324128329753876,0.15284094214439392,0.05356338620185852,-0.013558758422732353,0.05532010272145271,-0.04725705832242966,-0.031045733019709587,-0.1417519897222519,0.17312084138393402,-0.14392437040805817,-0.1535763442516327,0.015790041536092758,-0.06916411221027374,-0.12907300889492035,0.04989321157336235,0.2017941027879715,0.26014912128448486,0.04654281213879585,0.03641027584671974,-0.32307493686676025,0.0251937173306942
0.09331712871789932,-0.11597953736782074,-0.16807574033737183,-0.15720035135746002,-0.020389510318636894,-0.004826981574296951,-0.29995372891426086,-0.040265582501888275,0.005502780899405479,0.10376574844121933,-0.04481208324432373,0.059471894055604935,-0.05783723667263985,0.07577238231897354,0.04409955441951752,0.2322915941476822,0.16180382668972015,0.026877662166953087,-0.3659202754497528,-0.13010236620903015,-0.09303931146860123,0.13535870611667633,0.0368170365691185,-0.16043725609779358,-0.24869181215763092,-0.030704868957400322,0.03965391218662262,0.15903843939304352,0.2946092486381531,0.1623319685459137,0.1943710595369339,-0.015952834859490395,-0.0392199382185936,-0.28526008129119873,0.0369248166680336,-0.10130301862955093,0.02278466708958149,0.22065342962741852,0.034633178263902664,0.12853263318538666,-0.0673585757613182,-0.0881742462515831,-0.013392460532486439,-0.05212496966123581,0.027973776683211327,0.30515122413635254,-0.33494997024536133,0.12078224867582321,0.04363828897476196,0.05896054953336716
-0.12160409986972809,-0.0405854806303978,0.06036315858364105,-0.03404325619339943,-0.11596032232046127,0.12879323959350586,-0.18504230678081512,-0.14027781784534454,-0.17302168905735016,0.04861423745751381,-0.16092067956924438,-0.07119225710630417,0.123650923371315,-0.04871977120637894,-0.055301107466220856,0.09888376295566559,-0.017177412286400795,0.03081321157515049,-0.0844460129737854,-0.09668327867984772,-0.19699016213417053,0.07135728001594543,0.22941769659519196,0.23299024999141693,0.03725041076540947,0.16428104043006897,0.023969734087586403,0.12693054974079132,-0.07437640428543091,0.1165892481803894,0.04023776575922966,-0.06492508947849274,0.05598809942603111,0.029974428936839104,0.1858271062374115,0.17872408032417297,0.13616876304149628,-0.07669685781002045,0.07561475783586502,0.0903865173459053,0.02921164408326149,0.27158889174461365,0.16084876656532288,-0.07506142556667328,-0.06627092510461807,-0.0787254124879837,-0.16644519567489624,-0.12496363371610641,0.04261289909482002,0.22052733600139618
-0.3158409297466278,0.00794027466326952,0.3437928557395935,0.05609719455242157,-0.12312835454940796,0.20052345097064972,-0.11699796468019485,0.20039138197898865,0.058968592435121536,-0.23953001201152802,0.1599874049425125,0.11863372474908829,0.172630175948143,-0.028078585863113403,0.04226226359605789,0.12035506963729858,-0.08682515472173691,-0.085776187479496,0.1585524082183838,-0.05711987987160683,0.01089372020214796,0.05153123661875725,0.15440258383750916,0.026001550257205963,0.05039781704545021,-0.10744825750589371,0.062329817563295364,-0.05699784308671951,0.02668677270412445,-0.052190836519002914,-0.05775275453925133,0.2811131179332733,-0.055238910019397736,-0.24675366282463074,0.38117653131484985,-0.007380437571555376,-0.016990846022963524,-0.12641414999961853,0.13768821954727173,0.1191939115524292,0.06757736951112747,0.09701976925134659,-0.26232340931892395,0.1434078812599182,-0.14592795073986053,0.2659050524234772,-0.061205048114061356,0.1411113739013672,-0.216621533036232,-0.1765318363904953
-0.12418562173843384,0.1849566102027893,-0.21244844794273376,0.24275439977645874,-0.07834500819444656,0.2443431317806244,-0.021594049409031868,-0.11866914480924606,0.09362112730741501,-0.05644096061587334,0.015126476995646954,0.21178686618804932,0.19955489039421082,0.19096241891384125,0.11819013208150864,-0.12365645915269852,0.006386488676071167,0.34939780831336975,-0.2560788691043854,-0.18136447668075562,0.014958886429667473,-0.04736656695604324,0.013779012486338615,-0.006390043999999762,0.07365595549345016,0.22625035047531128,-0.000906306435354054,0.04449985548853874,-0.03132782131433487,-0.014252522960305214,-0.000253662234172225,0.21815547347068787,0.07661771774291992,-0.24814856052398682,0.07943027466535568,-0.021232225000858307,-0.18336476385593414,0.2055535912513733,0.03774460032582283,0.1637602597475052,0.06331607699394226,-0.07649059593677521,-0.29371291399002075,0.18617460131645203,0.1402103453874588,-0.007727730553597212,-0.0796026960015297,0.051697347313165665,-0.02117988094687462,0.042108163237571716
0.22159431874752045,0.023836443200707436,-0.24825648963451385,0.22686436772346497,0.3239781856536865,0.059962186962366104,-0.005447708535939455,-0.3500353991985321,-0.01676240935921669,0.024357806891202927,-0.029910489916801453,-0.10609924048185349,-0.1674812138080597,-0.0006170146516524255,-0.09486430883407593,0.029963256791234016,0.2774593234062195,-0.03935043513774872,-0.06954053044319153,-0.34330517053604126,-0.005950756836682558,-0.03576871007680893,0.24293513596057892,-0.0022510578855872154,-0.19882409274578094,-0.06924386322498322,0.17283862829208374,-0.12758775055408478,0.15209023654460907,0.03117254190146923,0.044712916016578674,0.02630557119846344,-0.06924033164978027,-0.030812181532382965,0.2106606513261795,-0.0635777935385704,-0.09497429430484772,-0.04467175528407097,-0.19235722720623016,0.25550195574760437,0.18783864378929138,0.02973567135632038,-0.17810998857021332,-0.0243743397295475,0.007728039287030697,-0.14829610288143158,-0.09839887917041779,-0.35237106680870056,-0.009095701389014721,0.00685702683404088
-0.1132361888885498,0.18556971848011017,-0.15499615669250488,-0.031859029084444046,-0.005452094133943319,0.020504456013441086,0.3408951759338379,0.20850051939487457,-0.20058122277259827,-0.057580843567848206,0.19006963074207306,-0.0127716064453125,0.09017722308635712,0.27500805258750916,0.08790820837020874,0.012247874401509762,-0.25309211015701294,0.2045750617980957,-0.17013825476169586,0.039877451956272125,-0.32311075925827026,0.2532757818698883,0.1690078228712082,0.1115109920501709,0.12280280143022537,-0.02500486560165882,-0.0719117820262909,0.06777365505695343,-0.19744671881198883,0.019605854526162148,0.08492090553045273,0.09427229315042496,-0.1266874223947525,0.006958921905606985,0.1234133318066597,-0.2871774733066559,-0.007813849486410618,0.21009381115436554,-0.007051147520542145,0.11840921640396118,0.06708335131406784,0.027179311960935593,-0.10313582420349121,-0.04398461431264877,0.18501980602741241,-0.033909350633621216,0.015262068249285221,0.11229895800352097,-0.11871475726366043,-0.11711236089468002
0.08971209824085236,0.08441902697086334,-0.019843151792883873,-0.043670520186424255,-0.04127577319741249,0.21407394111156464,0.09238138794898987,-0.010898549109697342,-0.026807542890310287,-0.11818066984415054,-0.2343776673078537,-0.040498845279216766,0.07682078331708908,0.23122715950012207,-0.12641246616840363,0.09238632768392563,0.10815578699111938,0.031542640179395676,0.3019184172153473,-0.1752508133649826,-0.14239327609539032,0.05221681669354439,0.09401113539934158,-0.0924547091126442,0.271345853805542,0.07057495415210724,0.1258537769317627,0.019823886454105377,-0.3015173375606537,0.12842997908592224,-0.00822786707431078,-0.21743007004261017,0.042098719626665115,0.014298969879746437,-0.014491435140371323,0.12547338008880615,0.026902956888079643,0.09256958961486816,0.046319615095853806,0.045010700821876526,0.18589407205581665,-0.20251159369945526,0.06405095756053925,-0.17175723612308502,-0.09334555268287659,0.07709354907274246,0.26788148283958435,-0.14247222244739532,-0.004183710552752018,0.06813380867242813
0.08572694659233093,0.016104502603411674,0.07335512340068817,-0.007341049611568451,-0.027044501155614853,0.09677845984697342,-0.1432783454656601,-0.0006808931357227266,-0.12257242947816849,0.11587262898683548,0.16692405939102173,0.08732761442661285,0.05992409959435463,0.13528820872306824,0.14376574754714966,0.1836625188589096,-0.15406465530395508,0.19137823581695557,-0.021099122241139412,0.22961340844631195,-0.15220539271831512,-0.21051856875419617,0.08439761400222778,0.14348940551280975,-0.20089353621006012,0.056829407811164856,0.01487484760582447,0.00374264526180923,-0.03109266236424446,0.1165299117565155,0.10226572304964066,0.20993274450302124,-0.17596501111984253,-0.11001604050397873,0.1181204691529274,0.046709369868040085,-0.1256195455789566,0.127284973859787,0.045768171548843384,0.18826204538345337,-0.06578465551137924,0.0024734369944781065,0.1284584254026413,-0.18380315601825714,-0.184809148311615,0.1747964471578598,0.1366039514541626,-0.09343372285366058,-0.017261357977986336,0.0009904620237648487
0.0485212542116642,-0.181533545255661,0.02294979803264141,-0.1295861452817917,-0.16345547139644623,0.11730863153934479,-0.09088500589132309,-0.204703226685524,0.08208367973566055,-0.043097253888845444,-0.08797501027584076,0.07692942768335342,-0.019400805234909058,0.13271832466125488,0.029731201007962227,0.06144443154335022,-0.21719801425933838,-0.09989889711141586,-0.2039102464914322,0.14403867721557617,-0.03434998542070389,-0.03518328443169594,0.10594996809959412,0.10749967396259308,-0.24662701785564423,0.012652826495468616,-0.10997581481933594,0.03693310543894768,0.07378444820642471,-0.16368727385997772,0.04382689297199249,0.03270658478140831,0.030565818771719933,-0.0021350979804992676,0.07644227892160416,-0.13345806300640106,-0.1686684787273407,0.26071834564208984,-0.35004639625549316,-0.17404049634933472,0.04868870973587036,-0.04129059240221977,-0.160957932472229,0.13937431573867798,-0.07273171842098236,0.23158909380435944,0.0951436311006546,-0.0007366799982264638,0.2154197245836258,-0.12055569887161255
-0.07749853283166885,0.1312461644411087,0.1681373566389084,-0.040538039058446884,-0.19969134032726288,-0.03342992812395096,0.28828027844429016,0.1649196743965149,-0.18454521894454956,0.21885904669761658,-0.03396470099687576,-0.13353651762008667,0.023204537108540535,0.07418075948953629,-0.1402992159128189,-0.1364123374223709,0.035075604915618896,-0.04471427947282791,-0.26535728573799133,-0.06326045095920563,-0.0780181884765625,-0.17451652884483337,0.07034428417682648,-0.014702263288199902,-0.15127281844615936,-0.0122916791588068,0.27670368552207947,-0.1214151382446289,0.10140120983123779,-0.06217864155769348,-0.27516138553619385,0.09265812486410141,0.03242514654994011,-0.1472887545824051,-0.10348429530858994,-0.03843339532613754,0.09600438922643661,0.2719321846961975,-0.16158464550971985,0.021604331210255623,0.10366412252187729,0.08305863291025162,-0.15501701831817627,-0.11291872709989548,-0.13280345499515533,0.04258798807859421,-0.010062765330076218,0.20480361580848694,-0.09421145915985107,0.08153834939002991
0.13071803748607635,0.08184180408716202,0.07235918939113617,-0.08624453842639923,-0.058965206146240234,-0.029621737077832222,-0.2791885435581207,0.048419978469610214,-0.19409491121768951,0.06922388076782227,-0.17310447990894318,0.027544528245925903,0.1897858828306198,-0.1635429412126541,-0.09570086002349854,-0.1327243149280548,0.019483236595988274,-0.01782205142080784,-0.10003690421581268,0.23305292427539825,0.19745276868343353,-0.1919117271900177,-0.12002944201231003,0.053807273507118225,-0.08149037510156631,0.04934120550751686,-0.17450284957885742,-0.18055051565170288,-0.017344333231449127,0.2002507895231247,0.046455759555101395,0.06349869817495346,-0.15436701476573944,0.016317227855324745,0.24779324233531952,-0.1071636900305748,-0.011828717775642872,-0.15789416432380676,0.20372678339481354,-0.07779666781425476,0.017987815663218498,0.20353537797927856,0.126856729388237,0.06576530635356903,-0.21289671957492828,-0.11910519748926163,-0.10004818439483643,0.08849545568227768,-0.015747640281915665,-0.012058927677571774
-0.050449032336473465,0.09186426550149918,-0.02304067835211754,-0.17731429636478424,0.1941940039396286,-0.030428148806095123,0.15357482433319092,-0.1992364376783371,-0.21659085154533386,0.159217968583107,0.17754527926445007,0.03430214524269104,-0.14492686092853546,-0.13373273611068726,0.12369675189256668,0.12945203483104706,-0.031523048877716064,-0.03741401433944702,0.03657842427492142,0.17664363980293274,0.1616867482662201,0.1879410743713379,-0.0434662364423275,0.168795645236969,-0.17539270222187042,-0.1523224264383316,0.055086322128772736,0.10453645139932632,0.09664054214954376,-0.12162057310342789,-0.08129686862230301,-0.07148895412683487,-0.19020073115825653,0.13572551310062408,-0.05931355431675911,-0.07059206813573837,-0.0717758908867836,0.054366376250982285,-0.04127177223563194,-0.015737561509013176,-0.13835518062114716,0.10840468853712082,0.09333347529172897,-0.08196013420820236,0.16262668371200562,0.0008624106412753463,0.09936618059873581,0.05055057629942894,0.24132922291755676,0.14788909256458282
-0.016185803338885307,0.0849955603480339,-0.014223298989236355,0.05699988454580307,0.09118538349866867,-0.17922274768352509,0.02566317655146122,0.27399417757987976,-0.0026831666473299265,-0.15430866181850433,0.03263629600405693,0.014490192756056786,0.23115958273410797,-0.03709838539361954,0.09012875705957413,-0.060067709535360336,0.24685323238372803,0.1927644908428192,0.20173731446266174,-0.039162226021289825,0.034226685762405396,-0.153652623295784,0.016200706362724304,0.17829091846942902,-0.11193318665027618,-0.16551624238491058,-0.023424677550792694,0.09178642928600311,0.04523807018995285,-0.24444907903671265,0.1531572937965393,-0.13807429373264313,0.033599305897951126,-0.022489069029688835,-0.19357742369174957,0.010164200328290462,0.15425188839435577,-0.2282693237066269,0.12515483796596527,0.1502646952867508,0.02683408372104168,-0.010466414503753185,-0.21312135457992554,0.03138895332813263,-0.025726983323693275,-0.12307092547416687,0.049155235290527344,0.10214757174253464,-0.27637991309165955,-0.05347830057144165
-0.13672101497650146,-0.2500166893005371,-0.11131691932678223,-0.08447548002004623,-0.17858818173408508,-0.27099812030792236,-0.26192983984947205,-0.049384377896785736,-0.12956510484218597,0.12099238485097885,0.21247968077659607,0.012573787942528725,0.13837629556655884,-0.1976509839296341,-0.2157568633556366,0.1090567409992218,0.09628289192914963,0.0006579686305485666,-0.08673354238271713,-0.22661197185516357,0.001955237938091159,-0.2499278485774994,-0.07616155594587326,0.1594117432832718,0.06206091120839119,0.13848534226417542,0.14982303977012634,-0.013605701737105846,-0.0605204813182354,0.0033054491505026817,0.2653971016407013,-0.07076437026262283,-0.040962301194667816,-0.10869491100311279,-0.037108227610588074,0.0582398995757103,0.0581359788775444,0.09773845225572586,0.22142799198627472,0.2864575684070587,-0.014511697925627232,0.030322346836328506,-0.14890480041503906,0.2596685588359833,0.1891065239906311,-0.055917222052812576,0.0789494514465332,-0.015326222404837608,0.0017498212400823832,0.04955678433179855
-0.013682951219379902,0.003321048803627491,-0.04232973977923393,0.015005514957010746,-0.0467415526509285,0.15201108157634735,0.12279549241065979,-0.07904601097106934,0.1636027842760086,-0.08063778281211853,-0.27844953536987305,-0.03786471113562584,-0.060485076159238815,0.08707926422357559,0.30168789625167847,0.04731932282447815,0.10012415051460266,0.09105850011110306,-0.020110031589865685,0.010192012414336205,0.1514272391796112,-0.08525531738996506,0.035190146416425705,-0.1576482057571411,0.1257738322019577,0.1389601081609726,0.18910560011863708,-0.17220722138881683,-0.15263491868972778,0.11449306458234787,-0.2415897697210312,0.2280912548303604,-0.06028841808438301,-0.35797086358070374,-0.12123026698827744,0.15068605542182922,-0.09598439931869507,-0.10382282733917236,-0.07228250801563263,-0.009046735242009163,-0.1310197412967682,-0.02645261026918888,-0.13736608624458313,-0.08148038387298584,0.037746962159872055,-0.027302583679556847,-0.25519147515296936,0.14223209023475647,0.06328334659337997,0.04548192769289017
0.20155069231987,-0.09097856283187866,-0.17199209332466125,0.026065565645694733,-0.03788670897483826,0.02973143570125103,-0.014385434798896313,-0.17803286015987396,-0.07712502032518387,0.10755705088376999,-0.06970982998609543,0.2267560511827469,-0.03556908294558525,-0.1867215484380722,0.041175831109285355,-0.23537389934062958,-0.034627515822649,0.17763687670230865,-0.1132759377360344,0.1087145283818245,0.19759392738342285,0.15320909023284912,-0.060443777590990067,0.003732051234692335,-0.1361098289489746,-0.23684082925319672,-0.05603106692433357,-0.11906296759843826,-0.14348916709423065,-0.12699942290782928,-0.08053924143314362,-0.2803693413734436,0.001924831885844469,0.022991666570305824,0.11685560643672943,0.09703624248504639,0.1621759533882141,-0.13370196521282196,0.11680468916893005,0.334515243768692,-0.12002141773700714,0.08095727115869522,0.24823032319545746,0.06126019358634949,0.10760977864265442,-0.23577934503555298,0.16715525090694427,-0.1359432339668274,-0.10517607629299164,-0.07112322002649307
-0.2152748852968216,0.03765569254755974,-0.19507989287376404,-0.18434756994247437,-0.0054894788190722466,0.15495821833610535,0.04410126805305481,0.1337568759918213,-0.23351190984249115,0.12454516440629959,0.028470952063798904,-0.06024352088570595,0.17216818034648895,0.1459113508462906,0.10573498159646988,-0.06177252158522606,0.019418668001890182,0.24120251834392548,-0.06144358590245247,-0.11540018767118454,0.13131855428218842,0.038555435836315155,0.05872863903641701,-0.00974259153008461,0.06944137066602707,-0.10499114543199539,0.14873959124088287,-0.12661495804786682,0.10567924380302429,0.1748218685388565,-0.11308205872774124,0.22675207257270813,0.0879136249423027,-0.030194835737347603,-0.055347755551338196,-0.1064266562461853,0.13916833698749542,-0.16025392711162567,0.20928753912448883,0.07016603648662567,0.05782541260123253,0.18843777477741241,0.29472780227661133,-0.20232485234737396,0.25177478790283203,-0.05748967081308365,0.31210803985595703,0.13113288581371307,0.012336984276771545,-0.04992915317416191
0.06567918509244919,-0.09775114059448242,0.0007307966006919742,0.1021052673459053,0.11404763907194138,-0.09842952340841293,0.07810257375240326,-0.33659088611602783,0.06083307042717934,0.28915080428123474,0.08361852914094925,-0.12301500886678696,-0.11142779141664505,-0.2840745449066162,-0.11104128509759903,-0.06446829438209534,0.010743108578026295,-0.20557022094726562,0.06251771003007889,-0.010294920764863491,-0.18753215670585632,-0.13327988982200623,0.07775387167930603,-0.1030639037489891,0.10354448109865189,-0.04688720032572746,0.08560726791620255,-0.04423113912343979,-0.06054363027215004,-0.02180594578385353,0.3180587589740753,0.08850520104169846,0.23564186692237854,0.056076690554618835,-0.048279549926519394,-0.12336551398038864,-0.12257430702447891,0.017650211229920387,-0.11132995039224625,0.351619690656662,-0.19898375868797302,-0.1391310840845108,-0.10654626041650772,-0.03382096067070961,-0.13918247818946838,0.03925102949142456,-0.0032985389698296785,-0.13884520530700684,0.0011391739826649427,0.09506168961524963
-0.03544222190976143,-0.048414841294288635,0.09414777159690857,-0.10002502053976059,0.019526001065969467,-0.17246147990226746,0.21135437488555908,-0.08003803342580795,0.05169772729277611,-0.06446971744298935,-0.10164585709571838,-0.08524556457996368,-0.10292787849903107,-0.1148473471403122,0.03582807630300522,-0.12496093660593033,-0.03573574870824814,0.2603321373462677,-0.11083194613456726,0.084166519343853,0.006528080441057682,0.02861608751118183,-0.03743841126561165,0.1948365420103073,-0.06194652244448662,0.02064688876271248,0.24112661182880402,-0.058168694376945496,-0.022629857063293457,0.2338973730802536,-0.019817499443888664,0.11766070127487183,-0.104520283639431,0.12567323446273804,-0.11181560903787613,-0.020204808562994003,0.08414530009031296,-0.06744475662708282,-0.08102615922689438,-0.12565429508686066,-0.09173864126205444,-0.06746505945920944,0.12360434979200363,-0.05256422609090805,0.06479670852422714,-0.10596266388893127,-0.006733229849487543,-0.1839858740568161,0.03963393345475197,0.12703919410705566
0.14436329901218414,-0.014887813478708267,-0.001019922667182982,0.07978267222642899,0.07399450242519379,0.16296511888504028,-0.057778604328632355,-0.22870413959026337,0.1099797859787941,0.20035968720912933,-0.05357777699828148,0.036570288240909576,0.015205761417746544,0.11537742614746094,-0.016622859984636307,-0.2044968456029892,0.019160715863108635,-0.07780471444129944,-0.1595975011587143,-0.15674608945846558,0.2266685515642166,0.012283745221793652,-0.15564540028572083,0.26931193470954895,-0.03674690052866936,0.059848852455616,0.13989301025867462,0.0786663070321083,0.27140864729881287,0.16643166542053223,0.33589306473731995,-0.02168344333767891,0.09856592863798141,0.00454945070669055,-0.1198050007224083,-0.1670624166727066,0.004952013026922941,-0.06419149786233902,0.11403601616621017,-0.12245790660381317,-0.16724129021167755,-0.10085497051477432,-0.27822181582450867,-0.03344001621007919,-0.04884747788310051,0.12172498553991318,0.0571829229593277,0.09462957084178925,0.0622384212911129,0.04699249565601349
0.08471256494522095,-0.1281120628118515,0.061910901218652725,0.1759844422340393,0.2298206239938736,0.18679840862751007,-0.19859114289283752,-0.0084546422585845,-0.0437733456492424,0.027292804792523384,-0.21329337358474731,0.03702056035399437,-0.10621583461761475,-0.07333099842071533,0.18164417147636414,-0.19746598601341248,-0.06629173457622528,-0.22211618721485138,-0.06976870447397232,0.07831961661577225,-0.11129073053598404,-0.17896978557109833,-0.09522414207458496,0.24354535341262817,0.008486252278089523,-0.06557749211788177,-0.11706061661243439,-0.15607944130897522,0.041588135063648224,0.038328010588884354,0.03142537921667099,-0.13650064170360565,-0.11279168725013733,-0.20024637877941132,-0.1631249487400055,0.2286228984594345,0.017327187582850456,-0.08307662606239319,0.07268503308296204,-0.06250245124101639,0.11468113213777542,0.22573338449001312,-0.22521699965000153,0.15783125162124634,-0.05256815254688263,-0.06837545335292816,0.029375946149230003,-0.019070543348789215,-0.25325971841812134,0.13977749645709991
0.101317398250103,0.052109356969594955,0.08893638104200363,-0.025098204612731934,0.014121608808636665,0.15242035686969757,-0.24975226819515228,-0.07186441868543625,0.15972954034805298,0.05782778188586235,0.008566665463149548,0.052170611917972565,-0.09562832862138748,-0.33086881041526794,-0.16499587893486023,0.20806360244750977,-0.2341756820678711,-0.14774832129478455,0.01871991902589798,-0.1620282381772995,0.01650877110660076,0.15069730579853058,0.14062215387821198,-0.09191735833883286,-0.08255097270011902,-0.01780061051249504,-0.2504951059818268,0.14168773591518402,-0.14604885876178741,0.004816330503672361,0.05366750434041023,0.08998094499111176,-0.23483164608478546,0.06591329723596573,-0.14443844556808472,0.14316654205322266,0.14623723924160004,0.13233573734760284,-0.17362762987613678,-0.055968593806028366,0.16369789838790894,-0.09180545061826706,-0.004738637246191502,-0.062177035957574844,0.0759335309267044,0.096906378865242,0.11320612579584122,0.06211669743061066,0.12952935695648193,-0.012183698825538158
-0.25379857420921326,0.027346178889274597,-0.1513388603925705,0.28066736459732056,0.28209859132766724,0.10575204342603683,-0.17277103662490845,-0.12544958293437958,0.27333730459213257,0.24843764305114746,-0.07923112064599991,-0.093880295753479,-0.21945971250534058,0.07254800200462341,-0.13303422927856445,-0.032527267932891846,0.12033405900001526,-0.22481544315814972,-0.1653037965297699,-0.144675612449646,-0.26084885001182556,0.054733335971832275,0.07542680203914642,0.05469244718551636,0.2165537327528,-0.0073782713152468204,0.1112171858549118,0.1011677160859108,-0.11714823544025421,-0.1289827972650528,-0.07992676645517349,-0.012594092637300491,-0.03600887209177017,0.13224543631076813,-0.06185995042324066,-0.05736631155014038,-0.03730839490890503,-0.09056888520717621,-0.3957902193069458,0.20699341595172882,0.10194378346204758,0.17910319566726685,-0.08009225130081177,0.12907706201076508,-0.046324484050273895,0.18330444395542145,0.0044997334480285645,-0.06056242808699608,0.055495887994766235,0.13167624175548553
0.04063444957137108,0.012317435815930367,0.017146466299891472,-0.35398298501968384,0.0658733993768692,-0.06716804951429367,-0.2510811388492584,-0.23137466609477997,-0.010375670157372952,-0.09478515386581421,0.10173725336790085,0.016675522550940514,0.22865203022956848,0.03952744975686073,-0.02490471489727497,-0.06210092827677727,0.13784173130989075,0.22964853048324585,0.051740314811468124,-0.10193364322185516,0.35834598541259766,-0.04635956138372421,-0.013045222498476505,0.005120361223816872,-0.1861744374036789,0.11819424480199814,-0.05794283747673035,0.01815733313560486,-0.11358922719955444,0.12440933287143707,-0.09802652150392532,0.25101104378700256,-0.13172288239002228,-0.1666814088821411,-0.085272878408432,-0.21058538556098938,0.11937310546636581,-0.18635131418704987,0.08399634063243866,0.09466033428907394,0.012466966174542904,-0.07904040068387985,-0.032461196184158325,0.05798286572098732,-0.08098673075437546,-0.07674985378980637,-0.2665487825870514,0.37517327070236206,0.03120720013976097,-0.03033304028213024
0.11053341627120972,-0.14725670218467712,0.09218581020832062,0.10619990527629852,0.041698794811964035,0.06107949838042259,0.21362462639808655,-0.16255037486553192,0.11472669988870621,0.22237159311771393,0.192130446434021,-0.2538047432899475,-0.20146751403808594,0.025618519634008408,-0.15401412546634674,0.0466591902077198,0.10818490386009216,0.05418854206800461,-0.1686314046382904,-0.3113071620464325,-0.028393475338816643,0.2455335259437561,0.25901132822036743,0.014114377088844776,-0.03270363807678223,0.2527838945388794,-0.05508340150117874,0.12383314222097397,-0.023631680756807327,-0.10428916662931442,0.038180187344551086,-0.008888168260455132,0.1584780216217041,0.31206002831459045,-0.07978590577840805,0.0833066925406456,0.08100900799036026,-0.08989114314317703,-0.0471467450261116,0.1548195481300354,0.1185695081949234,0.1045219674706459,0.095755934715271,0.04275662451982498,0.1750500500202179,0.05440624803304672,-0.06070464104413986,0.1023707240819931,0.14094141125679016,0.08289960026741028
-0.14392197132110596,0.020556509494781494,0.07000798732042313,0.11563462018966675,-0.2717683017253876,0.23017829656600952,-0.07621098309755325,0.1665879637002945,0.11144425719976425,0.2161875218153,-0.06779082119464874,-0.09545207768678665,0.043737445026636124,0.2415260225534439,-0.2087744176387787,-0.3074592351913452,-0.02610059641301632,0.12418564409017563,0.2359490990638733,-0.04877230525016785,-0.24015088379383087,0.2442469447851181,-0.21694156527519226,0.060273170471191406,-0.027453938499093056,-0.162494957447052,0.06433144956827164,-0.002920693252235651,-0.17941658198833466,-0.037636395543813705,-0.2783360779285431,0.021600084379315376,0.06239478662610054,0.16870568692684174,-0.14769205451011658,0.107914038002491,0.08759203553199768,-0.0568113811314106,-0.10529708862304688,-0.3502499759197235,-0.08738350123167038,-0.2667378783226013,0.16996286809444427,-0.16405421495437622,0.261063814163208,-0.13876302540302277,0.06169884651899338,0.21664534509181976,0.13681338727474213,0.1601106971502304
0.06980375200510025,0.19739621877670288,-0.17596879601478577,-0.018826209008693695,0.12011682242155075,-0.2076926976442337,0.06652958691120148,0.09312304854393005,0.12940829992294312,-0.16019809246063232,-0.26775461435317993,0.19383443892002106,-0.029205307364463806,0.11883997172117233,-0.03208187222480774,-0.09995309263467789,0.3501155972480774,0.23689912259578705,-0.14386974275112152,-0.09337173402309418,-0.06459168344736099,0.035695210099220276,0.07765805721282959,-0.06599225103855133,-0.004197970498353243,-0.12902413308620453,0.26975327730178833,-0.01215437613427639,0.1495523750782013,-0.19521619379520416,0.028787652030587196,0.043407339602708817,-0.17795215547084808,-0.022774333134293556,0.11499124765396118,0.17306844890117645,-0.17096468806266785,-0.08233314752578735,-0.0010070009157061577,0.038413334637880325,-0.3010302782058716,-0.0055814580991864204,-0.29930350184440613,-0.13706861436367035,-0.020751958712935448,-0.25859594345092773,0.1210591197013855,0.1300075799226761,0.14564327895641327,-0.21904322504997253
0.2100214809179306,0.0694911777973175,-0.07895036786794662,0.14140528440475464,0.14080554246902466,-0.011857346631586552,0.0668044313788414,-0.15909968316555023,-0.1365383416414261,0.06314188241958618,0.16547797620296478,0.09617621451616287,0.010571439750492573,-0.27431994676589966,0.16407239437103271,-0.1845170259475708,0.1510934680700302,-0.11684346944093704,0.2313825637102127,0.010639950633049011,0.24082861840724945,-0.022279314696788788,-0.2631963789463043,-0.147997185587883,0.1110721006989479,-0.017449451610445976,-0.06136828660964966,0.1837017983198166,0.0023139191325753927,-0.00609810883179307,-0.10840806365013123,0.036426715552806854,-0.12141405045986176,-0.18756698071956635,-0.19150957465171814,0.14081226289272308,-0.008863421157002449,-0.1329142302274704,0.029173895716667175,-0.025459522381424904,-0.17513662576675415,0.11176914721727371,0.22009576857089996,-0.34000134468078613,-0.32123249769210815,-0.21563206613063812,0.003890769090503454,0.003865496488288045,0.09592578560113907,0.17377819120883942
-0.14721588790416718,-0.07943055778741837,0.21430543065071106,0.23626556992530823,0.004839625675231218,0.07760823518037796,-0.062038302421569824,0.011379034258425236,-0.08452615141868591,-0.18151584267616272,-0.09108491241931915,0.1505437046289444,0.06281732022762299,-0.1011609211564064,0.12829606235027313,0.0255060326308012,0.2503002882003784,-0.07623068988323212,-0.044114526361227036,-0.17093443870544434,0.13664688169956207,0.16710437834262848,0.09756959229707718,0.15031661093235016,-0.10205115377902985,-0.05475896969437599,0.06470895558595657,0.06688954681158066,-0.07262793183326721,-0.06999976187944412,0.029979391023516655,-0.03402097150683403,0.12097064405679703,0.1596149057149887,0.03741195797920227,-0.002745671197772026,-0.037609606981277466,0.24252456426620483,0.04220227897167206,0.00409324187785387,0.17212887108325958,0.13880398869514465,-0.21064068377017975,0.10765630751848221,0.015903642401099205,0.005581061355769634,-0.066514752805233,-0.27474677562713623,0.1165575310587883,-0.11525502055883408
0.12003958225250244,0.28637927770614624,-0.12073274701833725,-0.13960744440555573,-0.11546529084444046,0.12200478464365005,0.027882248163223267,0.05164175480604172,-0.1373637169599533,-0.018225081264972687,-0.12953771650791168,-0.14969471096992493,-0.11606315523386002,0.24199450016021729,0.15459950268268585,-0.07198669761419296,-0.040094200521707535,0.04297613352537155,-0.05398280546069145,0.1267639696598053,0.0234847329556942,0.053507257252931595,0.02030406892299652,-0.01681917905807495,0.23915354907512665,-0.2543940246105194,0.3089602291584015,0.029829539358615875,-0.251476913690567,0.15465085208415985,-0.025368697941303253,0.14685647189617157,-0.059757862240076065,0.013177772052586079,0.057612910866737366,-0.003122745780274272,0.07058552652597427,-0.045332275331020355,0.24999521672725677,-0.2294391244649887,0.06916704773902893,0.06955766677856445,0.047834210097789764,-0.07501498609781265,0.05301675200462341,-0.19467824697494507,-0.0793958455324173,-0.06549584865570068,0.17398002743721008,0.07453911751508713
-0.1858513504266739,0.2529853582382202,-0.023414665833115578,-0.13533230125904083,0.07092411071062088,0.010765907354652882,-0.12934453785419464,0.11667781323194504,-0.17594999074935913,0.27441248297691345,-0.060674406588077545,0.09155673533678055,0.1315329521894455,-0.14629971981048584,0.0949043557047844,-0.12367623299360275,0.03695201501250267,0.16240447759628296,-0.03200279176235199,-0.12105721980333328,-0.01522429846227169,-0.07933596521615982,0.32578516006469727,-0.020235035568475723,0.11835512518882751,-0.09611297398805618,0.1387755274772644,-0.08804638683795929,-0.016730593517422676,0.19760802388191223,-0.0432739220559597,-0.2156805694103241,0.15360523760318756,0.20200204849243164,-0.03039337880909443,-0.09319256246089935,-0.033250339329242706,-0.04929395765066147,0.03082212060689926,-0.05668720602989197,-0.07858314365148544,-0.030430415645241737,-0.09440761059522629,-0.005479888990521431,0.0724133551120758,-0.19558797776699066,-0.08453531563282013,-0.0206118393689394,-0.22766461968421936,0.0033024773001670837
-0.07446136325597763,-0.10050120204687119,-0.05858860909938812,0.3202662765979767,-0.10167137533426285,0.07087957113981247,0.171248659491539,0.00019187448197044432,-0.06722734123468399,0.23106041550636292,0.14468736946582794,-0.03402792662382126,-0.10537225753068924,0.17401763796806335,0.0283278189599514,0.03103729896247387,0.20586812496185303,0.14264608919620514,0.1769455224275589,0.06117304414510727,-0.0025534515734761953,0.04682716354727745,-0.04770155996084213,0.17560066282749176,0.0401054285466671,0.039192717522382736,-0.017825724557042122,-0.07864078134298325,-0.00900366622954607,0.05299943685531616,0.008271240629255772,0.07523760199546814,-0.11863896250724792,-0.15190187096595764,0.11699165403842926,-0.08158557116985321,0.139047771692276,-0.0031760185956954956,-0.07548805326223373,-0.1619822084903717,0.26656296849250793,0.10860047489404678,0.016561686992645264,0.05274391919374466,0.0543009378015995,0.1191239133477211,0.2941213548183441,0.08223741501569748,0.12517628073692322,-0.04901886358857155
-0.040215279906988144,0.07015712559223175,0.08138971775770187,-0.25814419984817505,-0.0540003664791584,-0.0289215836673975,-0.13840678334236145,-0.099638432264328,0.1645849049091339,0.14020119607448578,0.07833892107009888,-0.14974389970302582,0.15408985316753387,-0.054678935557603836,0.09164460003376007,-0.19623790681362152,0.13146480917930603,-0.11889207363128662,0.0775216668844223,0.25355106592178345,-0.0500791072845459,0.05512094497680664,0.1201130747795105,-0.2566683292388916,-0.1266942024230957,0.12592940032482147,0.1395479142665863,0.15371155738830566,0.14401200413703918,0.09432818740606308,0.14062342047691345,0.30085843801498413,-0.041971009224653244,-0.05133640021085739,-0.10716032981872559,-0.11969725787639618,-0.05937976762652397,-0.020561236888170242,-0.26695573329925537,-0.02334996871650219,-0.08821787685155869,-0.10690013319253922,0.2808242440223694,0.11354383826255798,-0.06785789877176285,-0.0971803143620491,-0.014383702538907528,-0.1252126395702362,0.02849721908569336,0.08664575219154358
0.1351686418056488,-0.030294237658381462,-0.06976326555013657,-0.13443322479724884,0.13660255074501038,0.1103811040520668,0.36407333612442017,0.03238299489021301,-0.08520432561635971,0.3623766005039215,0.15637370944023132,0.10562808811664581,-0.13726186752319336,-0.006527346093207598,-0.1985694319009781,0.15863853693008423,0.21684572100639343,0.04657978564500809,-0.01927189528942108,-0.059355203062295914,-0.17798252403736115,-0.09899163246154785,0.2163393795490265,-0.12035800516605377,-0.03741871193051338,-0.08095560222864151,-0.11258097738027573,0.20796291530132294,0.016194935888051987,0.09539248049259186,-0.07566952705383301,-0.06193096935749054,0.02774469181895256,0.0857478529214859,-0.12987253069877625,0.0388876311480999,-0.11717387288808823,0.009492810815572739,0.15756355226039886,0.23153045773506165,0.023193374276161194,0.25545018911361694,-0.06736911833286285,-0.11209394037723541,0.04392700269818306,0.0876542255282402,0.200853630900383,0.13498075306415558,-0.12371490150690079,-0.016896791756153107
-0.16439273953437805,0.10845310986042023,0.023974347859621048,0.03359753638505936,-0.2920682430267334,0.25003471970558167,0.02402018941938877,0.17553068697452545,0.2048654556274414,-0.05028204247355461,-0.12602438032627106,-0.10489048808813095,0.06878861039876938,0.3251393735408783,-0.029866261407732964,0.03925333544611931,-0.276714026927948,0.06407567858695984,0.14761292934417725,-0.01659548282623291,-0.07927682250738144,-0.08021826297044754,0.14439262449741364,-0.06766752153635025,-0.03246784582734108,-0.0976938009262085,-0.027780283242464066,-0.035980187356472015,0.20726299285888672,-0.31830981373786926,0.12496448308229446,0.1589336395263672,0.12211719900369644,-0.18483701348304749,0.1333594173192978,0.29275447130203247,-0.03210257366299629,0.118928462266922,-0.26034384965896606,0.022113990038633347,0.1532483845949173,0.05797579139471054,-0.21820273995399475,-0.05564607307314873,-0.22223158180713654,0.037327855825424194,0.21299180388450623,-0.25898680090904236,-0.023355258628726006,-0.135008305311203
-0.07248752564191818,-0.05994498357176781,0.2606048285961151,-0.08868594467639923,0.07844629138708115,-0.030367586761713028,0.0772605910897255,-0.016368858516216278,-0.03785620629787445,-0.1171380802989006,0.09184953570365906,0.0018140897154808044,0.17691241204738617,0.09806770831346512,0.044907934963703156,-0.0973469689488411,0.176821768283844,0.126261368393898,0.05205521360039711,-0.1252189725637436,-0.1421562135219574,-0.16260699927806854,-0.15121746063232422,-0.007247772999107838,0.1031942218542099,-0.0014534610090777278,-0.05200004205107689,0.08987921476364136,0.2763122022151947,0.10297871381044388,0.04575779661536217,-0.10936903953552246,0.0434187687933445,-0.08960296213626862,0.18946047127246857,0.09996524453163147,0.16496102511882782,-0.028877584263682365,-0.17016728222370148,0.35978227853775024,0.2578936517238617,-0.06108132749795914,0.01580701395869255,-0.03168092295527458,-0.03245259448885918,0.17083758115768433,-0.056400105357170105,-0.1554879993200302,-0.16083085536956787,-0.03066188283264637
-0.20817860960960388,-0.16446377336978912,0.14250662922859192,-0.0155229726806283,-0.28774696588516235,0.16562117636203766,0.01281235832720995,-0.018603209406137466,0.1459357887506485,-0.0432828813791275,-0.11681603640317917,0.06871067732572556,0.04689823091030121,0.3403026759624481,0.1275869607925415,0.17217227816581726,-0.03417728841304779,0.14553110301494598,-0.11457589268684387,-0.00882903765887022,0.18431496620178223,0.06702005863189697,-0.10940953344106674,-0.021626066416502,0.08230695873498917,0.10613811016082764,0.20885580778121948,-0.18046531081199646,0.0024986332282423973,0.09452826529741287,-0.11959834396839142,0.05085228383541107,-0.13009439408779144,0.10447739064693451,0.26054731011390686,-0.09491249918937683,0.19691532850265503,-0.15615154802799225,-0.037199296057224274,0.11107463389635086,0.0097694406285882,0.05207217112183571,-0.20804093778133392,-0.2538379430770874,-0.10135402530431747,-0.009659940376877785,0.004608184099197388,0.0984429270029068,-0.19987238943576813,0.02082441933453083
-0.07276491075754166,0.21595849096775055,0.007577921729534864,-0.0032334800343960524,-0.05634084716439247,-0.1333492249250412,-0.17673319578170776,-0.18503575026988983,-0.012749074026942253,0.11276025325059891,0.07307405024766922,-0.22250597178936005,0.13212589919567108,-0.002733610337600112,0.006927890237420797,0.06432013213634491,0.09748797118663788,-0.05422791838645935,-0.41170617938041687,-0.14494989812374115,0.0979694128036499,0.0036768391728401184,-0.07393080741167068,-0.07453808933496475,-0.23374587297439575,-0.11888547986745834,0.29773005843162537,-0.0134158656001091,-0.048245906829833984,-0.05703026056289673,-0.06886357814073563,0.22543790936470032,0.00020802332437597215,-0.03979207202792168,0.11304005235433578,-0.08256810903549194,-0.020578976720571518,-0.1300455778837204,0.0048734708689153194,0.01784377731382847,-0.33774110674858093,0.11503741145133972,0.20002706348896027,-0.09127620607614517,-0.37155696749687195,0.04847108572721481,-0.07421725988388062,0.028399355709552765,0.22866147756576538,0.12795786559581757
-0.05202523246407509,-0.1636444628238678,0.1195012778043747,-0.21906764805316925,-0.14031116664409637,-0.031890034675598145,0.008219907991588116,0.058370932936668396,0.13496682047843933,-0.12708310782909393,-0.03586013987660408,-0.13268578052520752,0.0776786357164383,-0.1592714488506317,0.02772405371069908,0.06630199402570724,-0.208693265914917,-0.09675740450620651,0.13924434781074524,0.01772688701748848,-0.03870370611548424,-0.3266235589981079,0.18880969285964966,0.13965055346488953,-0.0509205125272274,-0.07356437295675278,-0.04214373603463173,-0.010511615313589573,0.008341215550899506,0.13122552633285522,-0.04139534756541252,-0.08836141228675842,-0.01960144191980362,0.20994295179843903,0.056458670645952225,-0.17550821602344513,-0.08520440012216568,0.1550668627023697,0.16388431191444397,-0.007809019181877375,-0.018618883565068245,0.21023212373256683,0.04504955932497978,-0.14693216979503632,0.21032068133354187,0.09303615987300873,0.2106209546327591,0.08402806520462036,0.14881564676761627,-0.17213861644268036
-0.047020453959703445,-0.06781796365976334,0.10474669188261032,-0.15131253004074097,0.08324921131134033,0.018752701580524445,-0.1431814730167389,-0.14777065813541412,0.1201232373714447,0.0672261044383049,-0.07074388861656189,-0.0915009155869484,0.10405326634645462,-0.15055261552333832,-0.08346178382635117,-0.0020760665647685528,-0.2802513539791107,-0.18756672739982605,0.12184248119592667,0.21787862479686737,0.005693093407899141,-0.1186838373541832,-0.15814007818698883,0.24030576646327972,-0.10325988382101059,-0.1448245644569397,0.2308228462934494,-0.0789780244231224,-0.17702284455299377,0.15128740668296814,-0.20136310160160065,0.04086659476161003,-0.011844616383314133,0.06652893126010895,0.1634598970413208,0.07551148533821106,0.2339741587638855,0.2265305072069168,0.08443474024534225,0.0900583267211914,0.003126012161374092,0.10528834909200668,0.04254404827952385,-0.010931679978966713,-0.10793828219175339,0.01121794804930687,-0.23120523989200592,0.11952140927314758,-0.11584528535604477,-0.21049395203590393
0.19128164649009705,-0.17483821511268616,0.0365704782307148,-0.10911303013563156,-0.1461220383644104,-0.04996452108025551,-0.11475607752799988,-0.14474137127399445,-0.13107353448867798,0.14331139624118805,0.21422506868839264,-0.09457655996084213,0.13157285749912262,-0.06495311856269836,0.0890946015715599,0.04410258308053017,-0.21088513731956482,-0.15234355628490448,0.04035991430282593,0.11876622587442398,-0.12795968353748322,0.10162398219108582,-0.20000699162483215,-0.15066462755203247,-0.09271594136953354,-0.2812912166118622,0.03932950645685196,0.15288220345973969,-0.2974469065666199,0.25680720806121826,-0.1433798223733902,-0.18397463858127594,-0.09358963370323181,-0.019094102084636688,0.16757938265800476,-0.014533310197293758,-0.07091633975505829,-0.22075626254081726,0.005587700754404068,-0.03929787874221802,0.017075831070542336,0.05915983021259308,0.0460580550134182,-0.10769112408161163,0.14480355381965637,-0.04299279302358627,0.08006494492292404,0.2575429379940033,-0.03825594112277031,-0.08834097534418106
0.13150477409362793,-0.18625740706920624,0.10262617468833923,0.11793195456266403,0.2533712685108185,0.0508180595934391,0.06434822082519531,-0.16314099729061127,0.0047044772654771805,-0.04697602614760399,0.099521704018116,-0.05726517364382744,-0.36413753032684326,-0.07656924426555634,-0.1256214827299118,0.18644173443317413,0.255781352519989,-0.003048132173717022,0.11929196864366531,-0.17984576523303986,0.1389705091714859,-0.09147515892982483,-0.05089658498764038,-0.2858142852783203,0.2848280668258667,0.10367833077907562,0.03924308717250824,-0.2294505089521408,-0.05531494691967964,-0.16616694629192352,0.007259311154484749,-0.3658488094806671,0.0870807021856308,0.025644810870289803,-0.038357555866241455,0.12513509392738342,0.003400894347578287,0.14850348234176636,-0.22789715230464935,0.07406189292669296,-0.037821393460035324,0.07029417157173157,-0.2233329713344574,0.10652592033147812,0.06592423468828201,0.2032584846019745,0.10812406986951828,-0.31555673480033875,-0.17318174242973328,-0.07659395039081573
-0.12328382581472397,-0.050602640956640244,-0.005428668111562729,0.035446204245090485,-0.027149910107254982,-0.019404225051403046,0.11521273106336594,-0.1349867433309555,0.11477135121822357,0.07565085589885712,0.05111870542168617,-0.1773405820131302,0.10588022321462631,-0.054886627942323685,-0.1261586993932724,-0.06056327745318413,-0.2757202684879303,-0.2449352890253067,-0.040266480296850204,-0.07370907068252563,-0.1506848782300949,-0.01879333145916462,-0.011682989075779915,-0.0034971062559634447,0.08362648636102676,0.022812146693468094,-0.31049877405166626,0.2092113494873047,-0.05222997069358826,0.125016987323761,-0.14457960426807404,0.01997106894850731,0.018950672820210457,0.02956591360270977,-0.13114257156848907,0.15876726806163788,0.15420964360237122,-0.20524819195270538,0.1412440687417984,-0.04632093757390976,-0.11395393311977386,-0.31137338280677795,0.08347788453102112,-0.06689895689487457,0.009138834662735462,-0.04429074376821518,0.10078517347574234,-0.09821172803640366,0.10446633398532867,0.17400743067264557
-0.02637665346264839,0.05398387834429741,-0.03900310769677162,-0.0949711874127388,0.16691714525222778,-0.19022279977798462,-0.0007083101663738489,0.025888675823807716,-0.05243464559316635,-0.04084308445453644,0.1911083310842514,-0.16140346229076385,0.008641166612505913,-0.10886581242084503,0.15226784348487854,-0.06594040244817734,-0.1450372189283371,-0.05671149492263794,0.00033566163619980216,-0.004719739779829979,0.17467883229255676,0.19439071416854858,0.07891784608364105,-0.16969828307628632,-0.13020466268062592,0.08306590467691422,-0.030263395980000496,0.31791678071022034,-0.2117808312177658,-0.059354037046432495,-0.007663675583899021,-0.3086138069629669,0.013025487773120403,0.016249792650341988,-0.1811985820531845,-0.1319122165441513,0.030863111838698387,0.132892906665802,0.17168481647968292,0.24595963954925537,0.14628538489341736,-0.004711808171123266,-0.08324294537305832,-0.1648915708065033,0.031111668795347214,-0.23177273571491241,-0.06140894070267677,0.23863014578819275,0.25288519263267517,0.0922432392835617
-0.2947494387626648,-0.08266131579875946,0.21121445298194885,0.11786135286092758,-0.13895465433597565,-0.15902462601661682,0.016811350360512733,-0.0989493876695633,-0.016185425221920013,-0.1833188533782959,0.01867651380598545,0.10309099406003952,0.17068146169185638,0.11690753698348999,-0.19969791173934937,-0.06144461780786514,-0.011163526214659214,-0.042278390377759933,0.19536973536014557,0.1510467678308487,-0.15136459469795227,-0.02885948307812214,0.18507395684719086,-0.006087744142860174,0.11357426643371582,-0.10244883596897125,0.2005264014005661,-0.010744343511760235,-0.07400228083133698,0.055263176560401917,0.12935300171375275,0.23239973187446594,0.08025702834129333,-0.029061174020171165,-0.03797006607055664,0.10019020736217499,0.0802895575761795,0.16398343443870544,-0.058313872665166855,0.17171040177345276,-0.19621120393276215,-0.024153077974915504,0.0379333421587944,-0.22580073773860931,0.03638068959116936,-0.1832086145877838,0.08047366142272949,-0.1336226612329483,-0.14563335478305817,0.014838079921901226
-0.16943830251693726,-0.13752993941307068,0.08486047387123108,-0.23968008160591125,0.12507112324237823,0.025111567229032516,-0.0341230109333992,0.06353958696126938,-0.222394198179245,0.1246480718255043,-0.004935696255415678,0.06697620451450348,0.04235551878809929,-0.2013600617647171,0.08918650448322296,-0.05157571658492088,0.009445376694202423,-0.3403533101081848,0.03008619323372841,-0.022614194080233574,-0.19446079432964325,0.03622019663453102,0.24838222563266754,-0.1644151657819748,-0.26446107029914856,-0.12427659332752228,-0.20773956179618835,0.009146247990429401,-0.024747468531131744,-0.03972286358475685,0.26680678129196167,0.040556468069553375,0.16257768869400024,-0.1787022054195404,0.35566505789756775,0.05126570165157318,0.1405983865261078,0.03178897500038147,-0.05009813606739044,0.13840898871421814,0.11213544011116028,-0.11180760711431503,-0.10629011690616608,-0.06801304221153259,0.04528588801622391,0.05350414663553238,-0.16136105358600616,-0.001560728414915502,0.23978446424007416,0.2557358741760254
-0.2064875066280365,0.12881146371364594,-0.04365833103656769,-0.0979352593421936,-0.08013667911291122,-0.07751725614070892,-0.19018849730491638,0.10871654003858566,0.07582888752222061,-0.1373964101076126,-0.10606066137552261,-0.13058163225650787,-0.1079992726445198,0.13813841342926025,0.29668787121772766,-0.004446652252227068,0.22423380613327026,-0.40795543789863586,0.04908319190144539,0.017758503556251526,0.22204966843128204,0.027027079835534096,-0.10939875990152359,-0.14433161914348602,-0.020878015086054802,-0.08533947169780731,-0.004632927943021059,-0.12994615733623505,0.23293079435825348,0.08635244518518448,0.1287621110677719,0.18073755502700806,-0.0374915637075901,-0.16850844025611877,-0.20015422999858856,0.26124608516693115,0.06100805103778839,0.10929466038942337,-0.3721691370010376,0.0066231959499418736,-0.06131464242935181,-0.22706802189350128,0.09021537005901337,-0.12113196402788162,-0.26241669058799744,0.07424446195363998,-0.2262490838766098,-0.05072646588087082,0.33158165216445923,-0.08412431925535202
