0.35055461525917053,0.2433241605758667,0.06962241977453232,-0.03503914922475815,-0.12556035816669464,-0.1665973961353302,-0.030440354719758034,0.10912685096263885,0.15192148089408875,0.0855974480509758,-0.012375093065202236,0.1677291840314865,0.012816626578569412,0.07863672822713852,-0.013647711835801601,-0.19106261432170868,0.0015231654979288578,0.10205090045928955,0.08598070591688156,0.2533907890319824,0.0905732735991478,-0.037467777729034424,0.04236549511551857,0.03214915096759796,-0.022635065019130707,-0.010470394976437092,-0.11826096475124359,-0.06395667046308517,-0.06658633053302765,0.12657658755779266,0.03821595758199692,0.13593587279319763,-0.0403934009373188,-0.12220503389835358,-0.1887499988079071,-0.0996132493019104,-0.24006371200084686,0.16954179108142853,-0.029214119538664818,0.06287874281406403,0.05445408448576927,-0.17821286618709564,0.24072766304016113,0.04256587103009224,0.02548881433904171,-0.0524197593331337,0.24050292372703552,0.05908878147602081,0.112787164747715,-0.18756580352783203
-0.19211439788341522,-0.10299810767173767,-0.01254582591354847,-0.06599602848291397,-0.03598645702004433,0.009195801801979542,0.03348658233880997,0.06869275867938995,0.009697658009827137,0.13919733464717865,0.029632583260536194,-0.07806884497404099,-0.17075563967227936,0.09706687182188034,0.05976707115769386,0.04962902143597603,0.3411841094493866,-0.24890248477458954,-0.0006228692946024239,-0.025240618735551834,-0.02850455418229103,-0.16183549165725708,0.11759908497333527,-0.3698035776615143,-0.04218963906168938,0.11276393383741379,-0.030952662229537964,0.040959715843200684,0.04509377107024193,-0.042338378727436066,0.00187576562166214,0.09732091426849365,-0.004653537645936012,-0.11987518519163132,-0.18565180897712708,-0.05823606252670288,0.07034856826066971,0.023238975554704666,0.009060874581336975,0.03569386899471283,0.027789060026407242,-0.011725085787475109,-0.12385483086109161,-0.27371931076049805,0.03792670741677284,0.04815966263413429,0.09865494817495346,0.11147961765527725,0.19712695479393005,-0.07670050859451294
-0.09616438299417496,0.09183461964130402,-0.08362024277448654,0.060501743108034134,-0.06330805271863937,-0.24969527125358582,0.006745422258973122,0.1744290143251419,-0.06876442581415176,-0.0539538711309433,0.23007845878601074,-0.07948429137468338,0.09171684086322784,0.13655763864517212,0.2440250962972641,0.03534719720482826,-0.06099364906549454,0.10459554940462112,0.07245859503746033,-0.013008174486458302,0.027759213000535965,-0.043935470283031464,0.21129857003688812,0.04981771111488342,0.22507736086845398,0.058174800127744675,-0.24628987908363342,-0.148365780711174,0.06068152189254761,-0.26565128564834595,0.142907977104187,-0.07712016254663467,-0.22686415910720825,0.12765370309352875,0.3149176239967346,-0.06386502832174301,-0.08919260650873184,-0.0574922151863575,0.23398782312870026,0.27207228541374207,-0.09409433603286743,-0.0027863390278071165,0.24995696544647217,0.22033703327178955,0.21609821915626526,0.19657212495803833,-0.30291280150413513,-0.09362591058015823,0.03532335162162781,0.265578031539917
-0.06588631868362427,0.02127801813185215,0.0630086287856102,-0.17822064459323883,0.16290244460105896,0.27041345834732056,-0.23868337273597717,-0.06740932166576385,0.08315429836511612,0.11937109380960464,-0.15226688981056213,0.014820348471403122,0.2592029571533203,0.11883846670389175,0.027829328551888466,-0.0955919474363327,0.010927312076091766,-0.03279699757695198,0.06824906915426254,0.22842329740524292,-0.015511596575379372,-0.05856284871697426,0.05782458558678627,0.07010570168495178,0.19328314065933228,0.0969940647482872,-0.0991978645324707,-0.11341530084609985,-0.18188631534576416,-0.053066033869981766,-0.08735081553459167,-0.2915397882461548,-0.2809208929538727,0.005150225013494492,0.057755354791879654,-0.20550605654716492,-0.0282713882625103,0.06812528520822525,-0.2192920446395874,-0.005343200173228979,-0.03554471954703331,-0.031095584854483604,-0.046789634972810745,-0.13156694173812866,0.058221861720085144,0.025273630395531654,0.006750914268195629,0.10943638533353806,-0.009248407557606697,-0.0036052714567631483
0.009282075800001621,0.1717129647731781,0.003268500789999962,-0.29319480061531067,-0.101676806807518,0.07746391743421555,-0.1399814635515213,0.18770964443683624,-0.27963924407958984,0.07369422912597656,-0.14904803037643433,-0.013560252264142036,0.029728367924690247,0.1679195761680603,0.24067942798137665,-0.1313837468624115,0.07777449488639832,0.07261743396520615,-0.1617499142885208,0.10002181679010391,-0.01481685321778059,0.21811342239379883,-0.02921796590089798,-0.013859725557267666,0.057512570172548294,-0.13863250613212585,-0.12183203548192978,-0.0981372743844986,0.01899627037346363,-0.10926727205514908,-0.0008923652931116521,0.09917387366294861,0.04066158086061478,-0.21644191443920135,-0.20762278139591217,0.08735913783311844,0.2529427111148834,-0.11749463528394699,0.15745149552822113,-0.05098076909780502,-0.17508737742900848,0.07825354486703873,-0.4020417034626007,0.023431360721588135,-0.1785811483860016,0.15923410654067993,-0.100988008081913,0.134043350815773,0.15465077757835388,-0.07669677585363388
0.0534980483353138,-0.11367353796958923,-0.30925416946411133,-0.10013356059789658,0.10304892063140869,-0.38208460807800293,-0.15540750324726105,0.06591547280550003,-0.06269537657499313,0.2329370528459549,0.1364053189754486,-0.1294526904821396,0.17415478825569153,-0.10243675112724304,0.008663441054522991,-0.14315451681613922,-0.155426025390625,-0.1451999992132187,0.3061825633049011,-0.01142191793769598,0.06992240995168686,-0.030027953907847404,0.23786769807338715,-0.1307206004858017,-0.02811436541378498,-0.045470744371414185,-0.0524439811706543,-0.07671491801738739,-0.17767317593097687,-0.0987255871295929,0.1269470602273941,-0.053275566548109055,0.3664577007293701,-0.04825562983751297,-0.2586810886859894,-0.10525404661893845,-0.13145452737808228,-0.042926937341690063,0.17537501454353333,-0.09009695798158646,0.26730549335479736,0.00822383537888527,0.09219811856746674,0.25355198979377747,0.2633298635482788,-0.0581858828663826,0.051852401345968246,0.03811892122030258,0.181537926197052,0.10608059912919998
-0.37677881121635437,-0.05223364755511284,0.013277442194521427,0.02620781399309635,-0.004883824847638607,0.04530929774045944,-0.14188221096992493,-0.12486071139574051,-0.005079000722616911,-0.17734579741954803,-0.15396763384342194,-0.11433381587266922,0.09539945423603058,0.22435764968395233,0.2751808762550354,0.09621211886405945,0.037308305501937866,0.05732031539082527,-0.0034282426349818707,0.0497371107339859,0.02017606981098652,-0.1333048939704895,0.1857060343027115,0.1666986048221588,0.29080116748809814,-0.031864866614341736,0.09908939152956009,-0.19048954546451569,0.24751926958560944,-0.022150278091430664,-0.2153991162776947,-0.06719890981912613,-0.12765377759933472,0.22530998289585114,0.03876801207661629,0.16025540232658386,0.05226844549179077,-0.025575604289770126,0.029410528019070625,0.1288605034351349,0.22184325754642487,0.009609031490981579,0.0417049303650856,0.2988729178905487,-0.09088819473981857,-0.01989317499101162,-0.26279282569885254,0.17331703007221222,-0.21128708124160767,0.07859176397323608
0.33089324831962585,0.04219045862555504,-0.15016469359397888,-0.03898005932569504,0.02286078780889511,-0.22514358162879944,0.006438625510782003,-0.22933273017406464,0.059010136872529984,0.22324563562870026,-0.03464261442422867,0.10943110287189484,-0.14238087832927704,0.18183304369449615,-0.18630450963974,-0.07836464792490005,0.03818134218454361,0.17455770075321198,0.14396366477012634,0.1533667892217636,0.05217292904853821,-0.1501554548740387,0.15093913674354553,0.2852288484573364,-0.0917874127626419,0.06403812766075134,0.12402129173278809,0.050846848636865616,0.08140455186367035,0.22027574479579926,-0.03527519106864929,-0.03153575584292412,0.07293626666069031,-0.29886186122894287,0.17428511381149292,-0.08787263184785843,-0.03795924782752991,-0.07811763137578964,-0.35131701827049255,-0.041873808950185776,0.040537573397159576,-0.10635515302419662,0.004772266373038292,0.023458048701286316,0.2313022017478943,0.07870503515005112,0.07426134496927261,-0.250201940536499,-0.2520650327205658,-0.21293091773986816
0.08561200648546219,0.02471037767827511,0.07268780469894409,-0.11637875437736511,-0.013221596367657185,-0.13160057365894318,0.10872684419155121,-0.18465760350227356,-0.10358785092830658,0.09620840102434158,0.11350791156291962,0.24451223015785217,0.19306407868862152,-0.04189806059002876,-0.0669364184141159,0.08269065618515015,-0.08416207134723663,0.0740116611123085,-0.19275280833244324,0.10701055079698563,0.16931727528572083,0.09257151931524277,0.15674814581871033,0.037605371326208115,0.0403456948697567,0.05679149553179741,0.17173956334590912,0.16471372544765472,-0.022792011499404907,0.11040259897708893,0.10797307640314102,-0.06346744298934937,0.17179661989212036,-0.020295757800340652,-0.1426965594291687,-0.21470564603805542,-0.09357251226902008,0.0701868012547493,-0.02133886143565178,-0.30944955348968506,0.17650699615478516,-0.02811625227332115,0.170394629240036,0.236113503575325,0.14526304602622986,-0.09414001554250717,0.09260999411344528,0.045837581157684326,0.04634960740804672,0.058038726449012756
0.0715024322271347,0.1780565083026886,-0.05873996019363403,0.06035871431231499,-0.15126541256904602,0.06455451995134354,-0.006708937231451273,-0.1560388207435608,-0.03526295721530914,0.15300557017326355,-0.15720948576927185,0.004567116964608431,-0.0681118592619896,-0.0007700684363953769,0.09829702228307724,-0.17879727482795715,0.04861311614513397,-0.15384294092655182,-0.22726008296012878,-0.042768463492393494,0.034030139446258545,0.29719918966293335,-0.24229173362255096,0.27680280804634094,-0.12436584383249283,-0.22162701189517975,0.047413427382707596,0.13258060812950134,-0.04600951820611954,0.22820179164409637,0.024505414068698883,0.137865349650383,-0.013745039701461792,-0.03046817146241665,-0.1453332155942917,-0.036077797412872314,-0.023114079609513283,0.0924956351518631,0.0783466026186943,-0.18281592428684235,-0.11781724542379379,-0.04005368798971176,-0.18232357501983643,0.12797047197818756,0.29931145906448364,0.14668622612953186,0.033653222024440765,-0.05706224963068962,-0.19152918457984924,0.0018842825666069984
-0.05037307366728783,-0.015258279629051685,-0.17194567620754242,-0.05704260244965553,-0.13722257316112518,0.08467629551887512,0.2168227732181549,0.24512217938899994,0.10949660837650299,-0.34930649399757385,0.10275337845087051,-0.10730103403329849,0.02502322383224964,0.07133298367261887,0.07243768125772476,0.08579777181148529,-0.02849932387471199,-0.040152229368686676,-0.09557491540908813,0.13522028923034668,-0.13632991909980774,0.13406136631965637,0.18694676458835602,-0.17935898900032043,0.03191050514578819,-0.1420401930809021,0.104730986058712,0.03922214359045029,0.09019967913627625,0.1709461212158203,0.15923833847045898,0.005672873929142952,0.031091593205928802,0.172537699341774,-0.0998009592294693,-0.09480338543653488,-0.16770242154598236,0.02599390223622322,-0.08459659665822983,0.09107356518507004,0.23932696878910065,0.1332114189863205,0.2406718134880066,0.16731536388397217,0.18280594050884247,0.17315225303173065,0.036801211535930634,-0.05671181157231331,0.02680504135787487,0.13206234574317932
0.19231848418712616,0.13357464969158173,-0.021042240783572197,0.14910373091697693,0.1130957305431366,-0.12154538184404373,-0.12846599519252777,0.02267022617161274,-0.11865536123514175,0.1225527673959732,0.15640221536159515,0.120233453810215,0.07857891917228699,-0.09823447465896606,-0.0856245830655098,0.06101252883672714,0.21415874361991882,0.12851449847221375,0.2303246259689331,0.06687722355127335,0.0374271385371685,-0.08387666940689087,0.037492990493774414,0.2898070812225342,0.07228662073612213,-0.018809350207448006,-0.05828302726149559,-0.00991149339824915,-0.01634867861866951,-0.08792936056852341,-0.0013683571014553308,0.25421053171157837,0.29260462522506714,0.04845857247710228,-0.1399424970149994,-0.1043437197804451,0.09861152619123459,-0.16029667854309082,-0.34488338232040405,0.03646783530712128,-0.24891962110996246,-0.18156036734580994,0.21197468042373657,-0.09434063732624054,0.06146274134516716,-0.12929832935333252,0.19467662274837494,-0.04806894436478615,-0.001097008353099227,-0.011455449275672436
0.05912313237786293,0.05125018209218979,-0.3583400547504425,-0.05227338522672653,-0.02996474876999855,0.18643134832382202,0.20553450286388397,0.16256745159626007,-0.06691233068704605,0.12489662319421768,-0.040635671466588974,-0.3221293091773987,0.25379085540771484,-0.20651651918888092,-0.009416528046131134,0.2292473465204239,-0.07136904448270798,0.16932819783687592,-0.03496355563402176,-0.19300112128257751,0.10374166071414948,0.0982389897108078,-0.005086519755423069,-0.16818495094776154,-0.059055522084236145,-0.025317763909697533,-0.3629035949707031,0.09427588433027267,-0.012680288404226303,0.06558555364608765,0.05183350294828415,-0.28634846210479736,0.08695480227470398,0.0102377999573946,-0.2570587396621704,-0.11528854072093964,0.08262480795383453,0.1517353355884552,0.0934227779507637,0.15821093320846558,-0.04284065589308739,-0.030506731942296028,-0.2990005612373352,0.1932838261127472,-0.11909082531929016,0.03322293236851692,-0.1470707803964615,0.06248664855957031,0.21199792623519897,0.07732022553682327
0.25500133633613586,-0.060386404395103455,-0.0976041927933693,-0.07715032994747162,0.1051599308848381,0.19402246177196503,-0.03630528226494789,-0.28574463725090027,0.2151876986026764,-0.03462637588381767,0.09657692164182663,0.05700228363275528,-0.2519531846046448,0.20031900703907013,-0.21165770292282104,-0.010067584924399853,-0.1860901117324829,-0.14051426947116852,-0.18091663718223572,-0.1462116688489914,-0.25656941533088684,0.040183644741773605,-0.03261926770210266,0.18746598064899445,0.15877825021743774,0.02048114873468876,-0.07012300938367844,0.10450591146945953,-0.23647035658359528,-0.06827246397733688,0.12378453463315964,-0.18661722540855408,-0.1526167392730713,0.05071291700005531,0.06934717297554016,-0.10677538812160492,-0.08088564872741699,-0.08810923248529434,-0.08860842138528824,-0.10362347960472107,-0.1610802710056305,0.10327273607254028,-0.3284955322742462,-0.24886319041252136,-0.1906723529100418,-0.01077300775796175,0.2853834629058838,-0.06305713951587677,0.07284761965274811,-0.018912771716713905
0.02970326505601406,0.18093188107013702,0.3095039129257202,0.16611604392528534,0.042125508189201355,0.02521066926419735,0.03364216536283493,-0.033921536058187485,0.2143377959728241,0.0384114570915699,-0.019750962033867836,0.03012297861278057,-0.0875139981508255,0.281667560338974,-0.00926345307379961,0.15314394235610962,0.12050890177488327,0.23105975985527039,-0.029879029840230942,0.004786359611898661,0.17052531242370605,-0.3079991936683655,0.18217405676841736,0.040709760040044785,-0.2228071689605713,0.10617546737194061,0.10990241914987564,0.009477655403316021,0.03757687658071518,0.24424543976783752,-0.38341715931892395,-0.00652754632756114,0.22005772590637207,-0.24402782320976257,0.2665160298347473,0.05169132724404335,-0.2339094877243042,-0.10587290674448013,-0.06149481236934662,0.021360114216804504,0.016356106847524643,0.180965393781662,0.1721225529909134,-0.2823820412158966,-0.3182706832885742,-0.06133789196610451,-0.10026739537715912,0.04775190353393555,-0.06059277430176735,-0.08424510061740875
-0.09011669456958771,0.012252440676093102,-0.040276072919368744,0.011804943904280663,0.1460706740617752,-0.003864784026518464,0.18820640444755554,0.30921849608421326,-0.01927199959754944,-0.09022283554077148,-0.19578751921653748,-0.14358922839164734,-0.07951011508703232,0.028591742739081383,-0.1925327628850937,0.16544269025325775,-0.12892697751522064,-0.2364797294139862,-0.07369711995124817,0.0015414687804877758,-0.1079736277461052,0.09997647255659103,0.3167825937271118,0.29868361353874207,0.04240548610687256,0.021074609830975533,-0.14237143099308014,0.027060512453317642,0.13522060215473175,0.11475229263305664,0.007043327204883099,0.1760024130344391,0.02662651054561138,-0.15537481009960175,-0.03551461920142174,-0.2204352617263794,0.12081798166036606,0.014654340222477913,-0.17099417746067047,0.09015113860368729,0.16249728202819824,-0.023952709510922432,-0.01895844377577305,-0.16278883814811707,0.01605367101728916,-0.06300218403339386,-0.1853523999452591,0.014326759614050388,-0.046678680926561356,0.09216956794261932
-0.0416254997253418,-0.0406140573322773,0.06867474317550659,0.11301534622907639,-0.08405070751905441,-0.1310127228498459,-0.0008210387313738465,-0.17798049747943878,-0.13461634516716003,0.07700581103563309,0.2853451371192932,0.20062899589538574,0.1722611039876938,0.008265060372650623,0.1104949563741684,0.12156673520803452,0.026331795379519463,0.11695246398448944,0.16583113372325897,0.11192329227924347,-0.1802930384874344,0.10623043030500412,0.08221325278282166,0.07091397047042847,0.18415062129497528,-0.09366586059331894,-0.1104811355471611,0.10006202757358551,0.19296623766422272,-0.024308515712618828,-0.06256736814975739,-0.005331180989742279,-0.20402365922927856,-0.1335192620754242,0.18959440290927887,0.19566015899181366,0.05572931468486786,0.12263434380292892,-0.021842528134584427,0.0005027506849728525,-0.07259580492973328,-0.0655549094080925,-0.1140042170882225,0.1726338416337967,0.10370128601789474,0.11340590566396713,0.08611413836479187,0.1798638552427292,0.10836603492498398,0.08010225743055344
-0.1393151581287384,-0.09476713091135025,-0.18955844640731812,0.1821376085281372,-0.19564415514469147,0.23957191407680511,0.05370575934648514,-0.007224007975310087,0.0006558204768225551,0.16245296597480774,0.022637899965047836,0.053565673530101776,0.12382959574460983,-0.21142993867397308,0.04232153296470642,0.070884570479393,0.328636109828949,0.13416287302970886,0.13039347529411316,-0.18765009939670563,0.037568800151348114,-0.1738046109676361,-0.17491567134857178,0.06000369042158127,0.13276802003383636,-0.18033339083194733,-0.09423015266656876,0.08898317068815231,-0.20173534750938416,0.06089087203145027,-0.1108008548617363,0.11562152206897736,0.09094958007335663,0.20857788622379303,0.05618613585829735,-0.258407324552536,0.07042988389730453,-0.04632191359996796,-0.08634589612483978,0.15699419379234314,-0.14722797274589539,-0.016973871737718582,-0.1438366174697876,-0.2274414747953415,-0.08243431150913239,-0.22950062155723572,-0.01623704843223095,0.12242982536554337,0.02022848092019558,0.039040397852659225
-0.03393371403217316,-0.1095617488026619,-0.12687291204929352,0.1545013040304184,-0.015841152518987656,-0.0616045743227005,0.08270430564880371,-0.11045540869235992,0.13884538412094116,-0.2589215040206909,0.14186528325080872,-0.197337344288826,0.1750430017709732,0.05438954010605812,-0.020981287583708763,0.04770548269152641,-0.25983959436416626,0.04964342713356018,-0.2371530383825302,-0.1652318388223648,0.03022676333785057,0.08196024596691132,-0.08592843264341354,-0.2717970609664917,0.18001577258110046,-0.08321833610534668,-0.1879630982875824,0.14805640280246735,0.1455182284116745,0.004563827067613602,0.06891532987356186,0.1338290423154831,-0.14004942774772644,0.1156887337565422,-0.021052081137895584,0.08846714347600937,0.09880556166172028,0.09440243989229202,0.10527492314577103,0.1435595154762268,-0.027368701994419098,-0.03894275799393654,-0.017089353874325752,-0.04153402894735336,0.24347320199012756,-0.10287926346063614,-0.035478416830301285,0.05833874270319939,-0.22192434966564178,-0.09148725122213364
0.04356756806373596,-0.15587164461612701,-0.24500714242458344,-0.12833373248577118,-0.07351700961589813,-0.007399756461381912,0.10382672399282455,-0.09067048132419586,-0.06382927298545837,-0.12616832554340363,-0.12805882096290588,-0.008341456763446331,-0.01030905731022358,-0.12534081935882568,-0.008668577298521996,0.0058342027477920055,0.1155623346567154,0.05374985933303833,0.08422821760177612,-0.12145040929317474,0.02996727265417576,-0.12084918469190598,-0.14785905182361603,0.11253528296947479,-0.20651765167713165,0.027773041278123856,0.18905380368232727,0.08291579782962799,-0.005568552762269974,-0.11360142379999161,-0.11940135061740875,-0.04991183802485466,0.180799201130867,-0.02917402796447277,0.1221422553062439,-0.02665812335908413,-0.20522691309452057,-0.07365206629037857,-0.10781333595514297,0.04404928907752037,-0.03037973865866661,-0.04850262403488159,0.12818948924541473,-0.058348219841718674,0.2316577136516571,0.13625039160251617,0.2564641237258911,-0.10039219260215759,-0.24659597873687744,-0.09471400082111359
0.1436884105205536,-0.19312673807144165,-0.12278676778078079,-0.14364004135131836,0.0824500247836113,0.12847787141799927,0.041946813464164734,0.2537548542022705,0.06917796283960342,-0.25086310505867004,-0.09457043558359146,-0.260070264339447,0.08193658292293549,0.00010425056098029017,0.1841970980167389,0.2045474350452423,-0.0324113704264164,-0.19552849233150482,-0.07093856483697891,-0.12854228913784027,0.15202835202217102,0.09565100073814392,0.1677705943584442,0.05682757869362831,0.24339058995246887,-0.05674462392926216,0.07546496391296387,-0.2085442841053009,-0.006817674729973078,-0.15097813308238983,-0.1314709633588791,0.20490828156471252,0.1309501826763153,-0.07914654165506363,0.05548606812953949,0.12645180523395538,0.09377916157245636,0.0791279599070549,0.3473733067512512,0.12124599516391754,0.06415560096502304,-0.19753442704677582,0.02971147932112217,0.3657646179199219,0.051975201815366745,0.006785946432501078,-0.0630803182721138,0.07983120530843735,-0.09909927099943161,0.04417731612920761
-0.14135204255580902,0.200179323554039,0.21612977981567383,-0.1529359221458435,-0.10719871520996094,0.10098540782928467,0.023963429033756256,-0.011747301556169987,-0.24494391679763794,-0.059524569660425186,0.13320937752723694,-0.01792365498840809,-0.10714050382375717,-0.052791714668273926,-0.12496357411146164,-0.030532322824001312,0.17365297675132751,0.06292713433504105,0.13508345186710358,-0.19501042366027832,-0.04391096159815788,-0.025354595854878426,0.07634181529283524,0.1551271229982376,0.14273205399513245,0.08069220930337906,0.14681993424892426,-0.0649496465921402,-0.11802376806735992,-0.019827453419566154,-0.13031688332557678,0.026606913655996323,-0.0068548619747161865,-0.03490227833390236,-0.17877377569675446,0.05762112885713577,0.08741387724876404,-0.024855149909853935,-0.07985936105251312,-0.000430455373134464,0.08606131374835968,0.33428511023521423,-0.051452722400426865,0.023540297523140907,-0.0404791384935379,0.019572576507925987,0.0804479643702507,0.12115529179573059,0.04162440448999405,-0.15588438510894775
0.03353584557771683,0.17668481171131134,-0.01685955561697483,0.06334981322288513,0.001055526314303279,-0.10675675421953201,0.09942850470542908,0.11366689950227737,-0.043494727462530136,-0.3144629895687103,-0.04572388902306557,0.2626904547214508,-0.3958641588687897,0.11071962118148804,0.01922483555972576,0.07330357283353806,0.052143365144729614,-0.051698192954063416,-0.0032969678286463022,-0.014386641792953014,-0.12207275629043579,-0.2546100318431854,0.021250935271382332,0.09102217853069305,0.10413835942745209,0.08563249558210373,0.058452408760786057,-0.03358646482229233,-0.24109482765197754,0.06805486232042313,-0.062411729246377945,-0.00691676652058959,-0.12911370396614075,-0.014779058285057545,-0.23094244301319122,-0.14819377660751343,-0.011137415654957294,0.1334104835987091,-0.1936613917350769,-0.2993551790714264,0.0691562071442604,-0.10049259662628174,-0.23003974556922913,-0.013706284575164318,-0.1230328232049942,0.16349811851978302,-0.14400023221969604,0.00999777764081955,0.07488185167312622,0.27122992277145386
0.07451760023832321,0.11003505438566208,-0.18194986879825592,-0.026461808010935783,-0.07408084720373154,-0.17594482004642487,-0.06905211508274078,0.15353211760520935,0.037679366767406464,0.12026354670524597,0.05170223116874695,-0.1330958753824234,0.11375202238559723,0.015163787640631199,-0.0028509446419775486,0.03348831832408905,0.06238088011741638,-0.2508104145526886,-0.01929134503006935,0.07572830468416214,-0.0889168232679367,0.19362695515155792,0.12310559302568436,-0.18892526626586914,-0.04249221831560135,-0.06095550209283829,0.029343249276280403,-0.016771722584962845,0.04566376656293869,0.08988495916128159,-0.08000580221414566,-0.17999021708965302,0.03617307171225548,-0.03829073905944824,0.20770381391048431,-0.061362650245428085,0.23538734018802643,-0.03786948695778847,-0.042487192898988724,0.12510687112808228,0.11968695372343063,-0.10702534765005112,-0.005783307831734419,-0.1522764414548874,0.13312330842018127,0.0068998197093605995,-0.14932644367218018,0.23115704953670502,-0.2257726937532425,-0.09553360939025879
-0.05608118325471878,-0.12514178454875946,0.19668494164943695,0.2078811526298523,0.10333371162414551,-0.03519860655069351,0.04582599177956581,-0.11872364580631256,0.1839716136455536,0.030448228120803833,-0.02325795404613018,0.05189457908272743,-0.3183872699737549,0.16293467581272125,-0.19146142899990082,0.13504789769649506,-0.0076782358810305595,-0.027889851480722427,0.018727034330368042,0.12568789720535278,-0.10861684381961823,0.009517191909253597,-0.07186058163642883,0.028069570660591125,0.07566118240356445,0.04993460699915886,0.03911139443516731,-0.01308352593332529,0.048554521054029465,0.15549921989440918,-0.07021449506282806,0.1783330738544464,0.04518956318497658,-0.06266570091247559,-0.15553216636180878,0.07406904548406601,0.02010142244398594,0.23682120442390442,-0.06661532819271088,-0.028845246881246567,0.11827801167964935,0.2237510085105896,0.02901655249297619,-0.16813594102859497,-0.23927778005599976,0.027631012722849846,-0.08139467984437943,0.021680820733308792,-0.16008926928043365,-0.03434931859374046
0.11785884201526642,-0.13343985378742218,0.2601519227027893,0.0038038266357034445,-0.008677687495946884,-0.05236047878861427,-0.24219156801700592,-0.14433152973651886,-0.2213752418756485,-0.07346950471401215,0.11156577616930008,0.1360507607460022,0.15878650546073914,-0.06165618076920509,0.04466695338487625,0.06429935991764069,0.08126313239336014,-0.20588509738445282,0.003711692290380597,0.2634068727493286,-0.16324633359909058,-0.133356973528862,-0.08837012201547623,-0.011630057357251644,-0.12154215574264526,0.07356727868318558,0.24716977775096893,-0.04011460766196251,0.042612459510564804,0.30716273188591003,0.07334315031766891,0.11340142041444778,-0.057569343596696854,0.22923234105110168,0.019842838868498802,-0.18405000865459442,0.02904301881790161,0.11980976909399033,0.13616836071014404,0.2016768753528595,-0.0005733376601710916,0.0477496013045311,0.20151172578334808,-0.004495428409427404,0.09648537635803223,0.21590656042099,0.001371236052364111,0.10343876481056213,-0.29475003480911255,0.14471162855625153
-0.10894640535116196,0.11165501177310944,0.06017347425222397,0.05814255401492119,0.10777489840984344,0.025648826733231544,0.09380859136581421,-0.005855401512235403,0.03501790761947632,-0.26406750082969666,-0.24042494595050812,-0.1415645182132721,0.06543856859207153,0.03454721346497536,-0.08817671984434128,0.096375472843647,-0.15714921057224274,-0.10527588427066803,0.19244122505187988,0.15052558481693268,-0.05937208607792854,-0.0729856938123703,-0.101419597864151,0.09037905931472778,-0.10963695496320724,-0.056836772710084915,0.13831989467144012,0.05698079243302345,-0.19387459754943848,0.1048426702618599,-0.016147175803780556,0.07073450833559036,0.0017738337628543377,0.10378213226795197,-0.1768878549337387,-0.031897466629743576,-0.00990454014390707,0.1916382908821106,0.1607508659362793,0.09850718826055527,0.08171670138835907,0.16008694469928741,-0.029090559110045433,-0.15017075836658478,0.2836161255836487,0.020122602581977844,0.004040451720356941,0.11183468997478485,0.20522010326385498,-0.021823124960064888
0.04441630840301514,0.08758699893951416,-0.021400704979896545,0.06439636647701263,-0.11506533622741699,0.048007503151893616,-0.13329549133777618,-0.04524403065443039,0.03012324497103691,0.015082435682415962,0.06387567520141602,-0.22019268572330475,0.1656491607427597,0.014945057220757008,-0.11232257634401321,0.03754773363471031,-0.06183266267180443,0.025672102347016335,0.06281755864620209,0.03005855344235897,-0.11319530755281448,-0.05803331360220909,0.06476031988859177,-0.2352702021598816,-0.085981585085392,-0.11762779206037521,0.11135092377662659,-0.21660517156124115,0.058399878442287445,0.16152581572532654,0.011296705342829227,0.080994613468647,0.07297424972057343,-0.013983861543238163,-0.05320248752832413,0.09246482700109482,0.26845231652259827,0.05757678300142288,-0.04553744196891785,-0.11048312485218048,-0.208164244890213,0.1409231573343277,0.005020728334784508,-0.027283091098070145,0.07628808170557022,0.09383488446474075,-0.02869376167654991,0.07653292268514633,-0.12930698692798615,-0.07090561091899872
0.03527101129293442,-0.1371811330318451,0.1970469355583191,0.036640916019678116,0.05381309613585472,-0.21838468313217163,-0.2267722636461258,0.07336542010307312,0.008999810554087162,-0.15296652913093567,-0.03716330975294113,0.09720881283283234,-0.08879859745502472,-0.15486615896224976,-0.04386337101459503,-0.16145825386047363,-0.21276497840881348,-0.03011012077331543,-0.011705044656991959,0.2546742856502533,-0.035664040595293045,-0.13293899595737457,0.08924008160829544,0.03279784321784973,-0.21158377826213837,0.36033201217651367,-0.11857517063617706,0.14895471930503845,0.014416626654565334,-0.15327124297618866,-0.07078120112419128,-0.1581772267818451,-0.019955595955252647,-0.09370654076337814,0.053528882563114166,-0.20384903252124786,-0.25814396142959595,0.061640121042728424,-0.0948762595653534,-0.04693758115172386,-0.09879869967699051,-0.03129025176167488,0.2190263420343399,0.09416142851114273,-0.07810904085636139,0.08417897671461105,0.16085512936115265,0.02920273318886757,-0.08284483104944229,-0.031397778540849686
0.06777331233024597,0.1379086673259735,0.13312463462352753,-0.17606717348098755,-0.01840285398066044,0.24628102779388428,-0.0047245207242667675,0.09276586771011353,-0.16923204064369202,-0.20286798477172852,-0.32583996653556824,-0.08177482336759567,-0.25451770424842834,-0.1031770184636116,-0.08582142740488052,-0.061790723353624344,-0.07037362456321716,-0.0875963419675827,0.22318091988563538,0.18925784528255463,-0.34699979424476624,-0.2113671749830246,-0.04378855228424072,-0.24081486463546753,0.09148945659399033,0.08048754185438156,0.08534859120845795,0.18957746028900146,-0.07668137550354004,-0.034256067126989365,-0.15361405909061432,0.12406916916370392,-0.2519797086715698,0.29669487476348877,0.057344745844602585,-0.10929074138402939,0.14717097580432892,0.2512653172016144,-0.10862996429204941,0.16880300641059875,0.09555239975452423,0.05382993444800377,0.022871432825922966,0.10814037173986435,-0.006573016755282879,-0.05305248126387596,-0.1731322705745697,-0.05643463507294655,-0.059185273945331573,0.15233589708805084
0.14606909453868866,-0.19282010197639465,-0.1809331327676773,-0.11672130972146988,-0.14144577085971832,-0.03768150135874748,0.23976707458496094,-0.02674047276377678,0.14215190708637238,-0.03762955963611603,0.0074020191095769405,-0.08847778290510178,0.15715338289737701,0.14425666630268097,-0.04161466658115387,0.08183672279119492,0.019082708284258842,-0.03553667291998863,-0.0538334846496582,-0.15782354772090912,0.06587629020214081,-0.1080348938703537,0.033881206065416336,0.015301361680030823,0.1363324224948883,0.045031700283288956,-0.038722097873687744,0.17017319798469543,-0.0017029654700309038,0.1676289588212967,0.18318147957324982,0.2338683307170868,0.09241051971912384,0.13688130676746368,-0.2991974353790283,-6.10258721280843e-05,0.1416415572166443,0.013549929484724998,0.14712010324001312,-0.32581421732902527,0.015616988763213158,0.016937045380473137,-0.13950738310813904,-0.013801723718643188,-0.3424466848373413,0.007918807677924633,-0.04554159194231033,0.025026021525263786,-0.06743278354406357,0.0011934242211282253
0.020672155544161797,-0.1016228199005127,-0.07279618829488754,-0.05169505253434181,-0.1002676784992218,0.1813669055700302,0.11892629414796829,0.17071396112442017,0.1966174989938736,-0.052369240671396255,-0.009256608784198761,-0.06388678401708603,-0.21629735827445984,-0.051679518073797226,0.031965430825948715,-0.1338728964328766,-0.07378692179918289,0.32000747323036194,-0.2415064573287964,-0.019241346046328545,0.13419730961322784,0.08248135447502136,-0.2580024302005768,0.019642159342765808,0.311016321182251,-0.03300292044878006,-0.04143601283431053,-0.1892450749874115,0.20131774246692657,-0.07180509716272354,-0.023034444078803062,0.2050797939300537,-0.25681546330451965,0.02138499915599823,-0.22971448302268982,-0.08737442642450333,0.012207050807774067,0.041808199137449265,0.2850796580314636,0.082571841776371,0.09147636592388153,0.04144196957349777,-0.05985870957374573,0.1475282460451126,0.017344409599900246,-0.07088771462440491,0.15141750872135162,-0.008934492245316505,0.1254136711359024,-0.18701909482479095
0.20087747275829315,0.23175601661205292,0.2578998804092407,-0.08588938415050507,-0.07763653993606567,0.2935357093811035,-0.15637435019016266,0.13602428138256073,0.14343641698360443,0.3332144021987915,-0.0307269636541605,-0.12168966233730316,0.007443966343998909,-0.010454533621668816,0.11236151307821274,-0.12241585552692413,-0.11123476922512054,-0.05567530170083046,0.045157987624406815,-0.05113963410258293,0.17652256786823273,-0.2591141164302826,-0.0001868775434559211,0.09950986504554749,-0.19304898381233215,-0.12419510632753372,-0.07804024964570999,0.01715264469385147,0.07270372658967972,-0.128464475274086,0.05544973537325859,0.004289184231311083,0.10407799482345581,-0.0958826020359993,-0.09473657608032227,0.019536057487130165,0.03784408047795296,0.09688260406255722,-0.10846633464097977,-0.11590707302093506,-0.12241293489933014,0.18861661851406097,-0.2216741144657135,-0.19788944721221924,-0.1385941505432129,-0.0484997034072876,-0.04915481060743332,0.04365457594394684,0.09151766449213028,-0.08564959466457367
0.11448273807764053,-0.12266296148300171,0.11758158355951309,-0.010013197548687458,0.06667972356081009,-0.16923896968364716,0.05917104706168175,-0.09228916466236115,-0.3231165409088135,-0.136206716299057,0.21745319664478302,-0.10438589751720428,-0.07685433328151703,0.11362992227077484,-0.003154793521389365,0.07082764059305191,0.06515366584062576,-0.0036054966039955616,0.29940876364707947,0.19872160255908966,0.007067553233355284,-0.17796190083026886,0.1072513610124588,-0.32802286744117737,0.005466070957481861,-0.019224151968955994,-0.02351074293255806,-0.04412292316555977,-0.1881418228149414,0.1841057687997818,-0.36250609159469604,0.003880246076732874,-0.03962890803813934,0.24894046783447266,0.025189979001879692,-0.052507396787405014,-0.18712294101715088,0.0364338681101799,-0.1471642255783081,-0.05912676453590393,-0.15687139332294464,-0.024676458910107613,-0.12734006345272064,0.02291383594274521,-0.04388631507754326,0.12451264262199402,-0.08668596297502518,-0.022896617650985718,-0.09756829589605331,-0.23234543204307556
0.013179849833250046,0.1915917843580246,0.1434098184108734,0.056062065064907074,-0.17533503472805023,0.2040509432554245,-0.060855962336063385,0.08908823132514954,-0.13627636432647705,0.134982630610466,0.10971531271934509,-0.2260594218969345,0.2823895215988159,-0.01396665908396244,-0.09218023717403412,-0.07312431186437607,-0.06054755672812462,-0.0038969176821410656,0.10603784024715424,-0.1156211644411087,-0.23322109878063202,-0.04461678862571716,-0.0201225858181715,-0.04131314903497696,-0.12180358171463013,-0.1430969089269638,-0.06385347247123718,0.01927035115659237,0.06379037350416183,0.033285681158304214,-0.22316588461399078,0.05257504805922508,-0.04423271864652634,0.14092275500297546,-0.049976058304309845,-0.08748815208673477,0.0006893387762829661,0.049627091735601425,-0.1396922916173935,-0.12884382903575897,0.09871287643909454,0.17605572938919067,0.030713120475411415,-0.23390740156173706,0.31927281618118286,0.19714738428592682,0.06374884396791458,-0.06913182139396667,0.13545337319374084,0.16584943234920502
0.1295270472764969,-0.1719551533460617,0.010090830735862255,0.1518286019563675,-0.16387294232845306,-0.14999821782112122,0.1696675717830658,0.11371158063411713,0.11717920750379562,0.018917236477136612,-0.04676390066742897,0.3607485890388489,-0.2236548662185669,0.21298761665821075,-0.11398128420114517,0.42960628867149353,-0.11150956153869629,-0.0011410086881369352,-0.05797385424375534,0.15718109905719757,0.13028304278850555,-0.14069312810897827,0.18470554053783417,0.14843356609344482,-0.14906351268291473,-0.03133063390851021,0.2627653181552887,-0.10184179991483688,0.20784349739551544,0.14507655799388885,-0.1553555428981781,0.2082396149635315,0.11610595136880875,-0.15469644963741302,-0.13472434878349304,0.02266998030245304,-0.3039569556713104,-0.00998468603938818,-0.2907215356826782,-0.1911182850599289,-0.15694953501224518,-0.2627865672111511,0.06554452329874039,0.05552848055958748,0.06167043745517731,0.03375006839632988,-0.04191093146800995,-0.27949830889701843,-0.06395812332630157,-0.2609587609767914
0.0072983745485544205,0.36905333399772644,-0.15771131217479706,-0.10479467362165451,0.060772210359573364,0.14032092690467834,-0.16280622780323029,0.10780630260705948,0.269566148519516,0.08098534494638443,0.18111880123615265,-0.08866056799888611,0.15149427950382233,-0.15988236665725708,0.014528065919876099,0.20371881127357483,-0.11277561634778976,0.07986759394407272,-0.04937942698597908,0.21485115587711334,-0.07917040586471558,-0.16025328636169434,-0.022363996133208275,-0.15754038095474243,0.009222409687936306,0.15809090435504913,-0.14228901267051697,-0.0689607486128807,-0.1400466114282608,-0.027566689997911453,0.07539167255163193,0.05057114362716675,0.018378153443336487,-0.25976425409317017,0.00798396859318018,0.13540305197238922,0.006496274843811989,0.10730764269828796,0.042042605578899384,-0.056219663470983505,-0.10948354005813599,0.08038590848445892,0.06446462869644165,0.09542104601860046,-0.024860739707946777,-0.04249195009469986,0.048463042825460434,0.008611255325376987,-0.15365666151046753,0.23180675506591797
-0.01740485243499279,-0.08534818887710571,0.013229813426733017,0.10714268684387207,0.3339501917362213,0.06369480490684509,-0.2727872133255005,0.12322806566953659,-0.06810824573040009,0.09532518684864044,0.09420689940452576,-0.18181733787059784,0.08699997514486313,0.01941351406276226,-0.03053121827542782,0.05879494175314903,0.2073628455400467,0.11373992264270782,0.3430040180683136,0.24309027194976807,0.0289425328373909,0.00528749031946063,0.05566054582595825,-0.3349849581718445,-0.13209708034992218,0.11520489305257797,-0.2696189284324646,0.045796070247888565,0.0015385460574179888,0.1854919046163559,-0.10162731260061264,-0.0019169797888025641,0.027285946533083916,0.02660050243139267,0.06086089089512825,0.18517372012138367,0.10906515270471573,-0.014139928855001926,0.13235703110694885,0.17309118807315826,-0.2718626856803894,0.018083296716213226,-0.11599259078502655,0.0435066781938076,-0.0047071087174117565,-0.05932364612817764,0.0699768215417862,0.08068635314702988,-0.16344012320041656,-0.021559983491897583
0.08515606820583344,-0.17842482030391693,0.15004803240299225,0.18757431209087372,0.02652907371520996,-0.2636314332485199,-0.07683230936527252,0.008490401320159435,-0.10717210173606873,-0.18806982040405273,-0.09518492966890335,-0.0642995610833168,0.2032810002565384,0.26667460799217224,0.06412611901760101,0.2591560482978821,-0.015463871881365776,0.05991412326693535,0.07158743590116501,0.08106981217861176,-0.033492639660835266,-0.1350165605545044,-0.04598968103528023,-0.010881748981773853,0.00028301493148319423,0.10074939578771591,0.0435248427093029,0.10043153911828995,-0.05014011636376381,0.058349888771772385,0.0908699780702591,0.03745407983660698,0.21771906316280365,0.032164573669433594,-0.0010372936958447099,-0.11745332181453705,-0.2714351713657379,-0.11839623749256134,-0.09825561940670013,-0.027520637959241867,0.014444203115999699,-0.23130916059017181,0.25673240423202515,-0.139722540974617,-0.019630488008260727,0.1925538331270218,-0.2581680715084076,0.16185259819030762,0.060226961970329285,0.03948785364627838
-0.04138108342885971,0.027497315779328346,-0.11350861191749573,-0.1702059507369995,0.029198018833994865,0.07235512137413025,-0.27774369716644287,0.18895286321640015,0.10435552150011063,-0.03541308268904686,0.21084009110927582,0.14957331120967865,-0.2800006866455078,-0.1272844672203064,-0.07875966280698776,-0.17087911069393158,0.19504527747631073,0.2326517254114151,0.09545391798019409,-0.10334254801273346,0.1469300389289856,-0.0004186693986412138,0.05159031227231026,0.1834445595741272,-0.21364369988441467,0.08528268337249756,0.037633638828992844,-0.09211904555559158,-0.05063079670071602,-0.015390687622129917,-0.04070920869708061,0.04032805562019348,0.13686063885688782,-0.05201270803809166,0.08907614648342133,0.03243742510676384,-0.04257038235664368,-0.06862396746873856,-0.009043427184224129,0.05391120910644531,-0.035557664930820465,-0.0856584683060646,-0.29807138442993164,-0.11826539784669876,-0.0642644390463829,0.07524120062589645,0.32110491394996643,-0.2410801500082016,0.04460323601961136,0.21909140050411224
0.0006459310534410179,0.11773990094661713,-0.07668288052082062,-0.06706121563911438,0.23318497836589813,0.08817256987094879,0.027133772149682045,-0.11664015054702759,0.22368453443050385,-0.1974751055240631,-0.18157288432121277,0.2905607521533966,0.012819260358810425,0.11977747082710266,0.0774538591504097,0.04008247330784798,-0.05151542276144028,0.19812315702438354,-0.2366667091846466,0.05017843097448349,-0.12185399979352951,0.06084669753909111,-0.11762705445289612,0.009798874147236347,-0.05278332531452179,0.02793995477259159,0.18184156715869904,-0.009257111698389053,0.2648211419582367,0.05972510203719139,0.05696567893028259,0.03578633815050125,-0.1684708148241043,-0.1749417632818222,0.12215219438076019,0.11207173764705658,-0.011184164322912693,0.14657019078731537,0.011692713014781475,0.21345917880535126,0.17379143834114075,-0.1643076092004776,-0.03832316771149635,0.05653977766633034,-0.10129724442958832,-0.06068240478634834,0.3959505259990692,-0.1883050799369812,0.05066196992993355,0.005960484500974417
0.10257929563522339,0.015426302328705788,0.1298563927412033,-0.0036615650169551373,-0.028840690851211548,-0.14687548577785492,0.044649653136730194,0.10902925580739975,-0.28355512022972107,-0.17085327208042145,-0.2882290780544281,0.10630843788385391,0.29630884528160095,-0.13905420899391174,0.12476281076669693,0.14385589957237244,-0.10729703307151794,-0.27984359860420227,-0.010388427414000034,0.1681620329618454,-0.06367970257997513,0.03834342956542969,0.25131094455718994,-0.3269506096839905,0.11984232068061829,-0.008277342654764652,-0.23282967507839203,-0.1209574043750763,0.14514288306236267,-0.1582382172346115,-0.14910300076007843,-0.07593301683664322,-0.037473954260349274,0.013158997520804405,0.02812269516289234,-0.32203125953674316,-0.002542913891375065,-0.03752778097987175,-0.07227623462677002,-0.05446125939488411,-0.02287971042096615,0.1023857370018959,0.025656305253505707,-0.06503023952245712,-0.0607035793364048,0.0242715235799551,-0.1746552437543869,0.098597452044487,0.15741503238677979,0.0036776019260287285
-0.012313393875956535,-0.21001847088336945,-0.07740800827741623,-0.05029626563191414,0.02555202506482601,-0.049827173352241516,-0.050551772117614746,-0.08214642107486725,-0.22918495535850525,-0.07622005045413971,-0.21554408967494965,0.09647288173437119,-0.1044687032699585,-0.06868071854114532,-0.1531451791524887,0.16275295615196228,-0.014842159114778042,0.07957356423139572,-0.049685120582580566,-0.09230481088161469,-0.22707711160182953,-0.23142869770526886,0.16388754546642303,0.09869670867919922,-0.05308683216571808,0.2211041897535324,0.0712958425283432,0.03285622596740723,0.22179587185382843,-0.063768669962883,-0.029277300462126732,-0.05758964642882347,-0.22515968978405,0.11433035135269165,-0.09179555624723434,0.24391470849514008,0.0383436381816864,0.1462225317955017,-0.09504716098308563,0.19800174236297607,-0.1627310961484909,0.10878495872020721,-0.11261366307735443,0.06055754795670509,-0.03286661580204964,0.09478447586297989,0.14122846722602844,0.10908227413892746,-0.10739682614803314,0.05180123448371887
0.1435747742652893,-0.24657700955867767,0.08545783907175064,-0.022825680673122406,-0.3810952305793762,-0.07179790735244751,0.27174532413482666,0.15744929015636444,-0.07866410911083221,-0.0443764366209507,-0.034903634339571,0.06937066465616226,-0.08221708983182907,0.11504464596509933,-0.1261887401342392,-0.19917137920856476,0.08026374131441116,-0.07445905357599258,0.4476335346698761,0.29250311851501465,-0.09797597676515579,-0.1345670074224472,-0.0188334621489048,-0.1375747174024582,0.0034993505105376244,-0.17595572769641876,0.08824149519205093,0.04469532147049904,-0.19074110686779022,0.24991770088672638,-0.13585296273231506,0.12797239422798157,0.1754777729511261,-0.25530895590782166,-0.24749338626861572,-0.3049679398536682,0.15034261345863342,0.009672113694250584,-0.33929142355918884,-0.12437620013952255,0.03224606439471245,0.22537298500537872,-0.14352504909038544,-0.31301820278167725,0.07944954931735992,0.03909954056143761,-0.2310536503791809,0.025176389142870903,0.0823112428188324,0.030836226418614388
-0.09553688019514084,-0.07958701252937317,-0.10794790089130402,-0.24622619152069092,-0.20225141942501068,0.13775932788848877,0.24636617302894592,-0.09087202697992325,0.1569901555776596,-0.0031391126103699207,0.12771910429000854,0.004212867468595505,0.14264686405658722,-0.0942971408367157,-0.07544300705194473,-0.13479290902614594,0.05121122673153877,0.11482379585504532,0.19925659894943237,-0.04225502535700798,0.13245251774787903,0.08750908821821213,-0.16674035787582397,-0.0245677400380373,0.020206330344080925,0.11216419190168381,-0.10534235835075378,-0.16343703866004944,-0.0516161173582077,-0.057816147804260254,0.3203997313976288,-0.03856560215353966,-0.07809217274188995,-0.1515943557024002,-0.12476934492588043,-0.005350536201149225,-0.07874473929405212,-0.12321770191192627,0.30835631489753723,0.21696141362190247,-0.10121270269155502,-0.05060189962387085,0.14851094782352448,-0.0204165056347847,-0.008270389400422573,-0.1020050048828125,0.007865581661462784,-0.1873779594898224,-0.09214536100625992,-0.18019093573093414
-0.1373668909072876,0.20925253629684448,0.049961112439632416,-0.06368875503540039,-0.028717808425426483,-0.2184801995754242,0.05745827406644821,-0.0802883431315422,0.11362611502408981,-0.07031015306711197,-0.07349982857704163,-0.0028678900562226772,-0.09656502306461334,-0.02194323018193245,0.061434101313352585,0.015689652413129807,-0.0870589017868042,0.21247892081737518,-0.09447711706161499,0.030951661989092827,-0.038402821868658066,-0.13999779522418976,0.060369089245796204,0.11189558357000351,0.10069315135478973,0.2758237421512604,-0.14512945711612701,-0.053059376776218414,0.31447353959083557,0.02051149681210518,-0.0011607029009610415,0.03397522121667862,0.13460347056388855,-0.014682471752166748,0.14285282790660858,0.24652232229709625,-0.25760143995285034,-0.052244674414396286,0.09819447994232178,0.1431150734424591,-0.03190905973315239,0.06642881035804749,0.11200684309005737,0.027604270726442337,-0.16321511566638947,-0.24461352825164795,-0.05803548917174339,0.1919732540845871,0.06673464179039001,0.06578250229358673
0.15145333111286163,-0.1508254110813141,-0.2136891633272171,0.18948252499103546,-0.03923748806118965,-0.1817743480205536,-0.04242260381579399,0.15157634019851685,-0.04893780127167702,0.12186563014984131,0.21813224256038666,-0.19931283593177795,0.11031737178564072,-0.16522689163684845,0.09271087497472763,-0.03622189909219742,0.1443548947572708,-0.05989599972963333,0.22024722397327423,0.13515602052211761,-0.09132448583841324,0.10480892658233643,0.17738163471221924,0.018667517229914665,-0.18437817692756653,-0.09103859215974808,-0.11524377018213272,0.04792231693863869,0.08874944597482681,0.03710101172327995,-0.0846414566040039,-0.2475125640630722,0.023492425680160522,-0.10265623033046722,0.18182453513145447,-0.010116695426404476,0.13381515443325043,-0.15658342838287354,0.18542172014713287,-0.18203525245189667,-0.12127812206745148,0.1755121499300003,0.04670193791389465,-0.16032525897026062,0.2956434488296509,-0.06149601936340332,-0.13049180805683136,0.33044564723968506,0.08377785980701447,-0.17054499685764313
0.013018517754971981,0.2491275668144226,-0.10480692237615585,-0.117629274725914,-0.08436878770589828,0.14662055671215057,0.055826086550951004,0.022306740283966064,-0.13895750045776367,0.13999250531196594,-0.021900640800595284,0.15270166099071503,0.06617330759763718,-0.023391690105199814,0.20214538276195526,-0.17704075574874878,-0.19699177145957947,0.14681079983711243,-0.09302610903978348,0.0033502234145998955,-0.16621915996074677,-0.0509023554623127,0.10357620567083359,0.016841454431414604,-0.06059030443429947,-0.004557848908007145,-0.13421981036663055,-0.022508425638079643,-0.3183535039424896,0.04635803401470184,0.006036973558366299,0.01732933335006237,-0.06781532615423203,0.03249889984726906,0.18999244272708893,-0.08582966029644012,0.05469108000397682,0.11626533418893814,-0.2957688271999359,0.05549760162830353,-0.28861698508262634,0.27732977271080017,0.027667969465255737,-0.2935888469219208,0.2313631922006607,-0.09905748069286346,0.26034530997276306,0.10322436690330505,-0.0321810245513916,-0.2844281792640686
0.003128139302134514,-0.0961637869477272,0.05373933166265488,0.06687614321708679,-0.08141732215881348,-0.21430248022079468,-0.18225868046283722,-0.005851355381309986,0.02666625753045082,-0.0035547916777431965,0.11109701544046402,-0.11050780117511749,-0.0957469493150711,0.047751232981681824,0.12897484004497528,0.12296134978532791,0.16453072428703308,0.2505810260772705,-0.054271724075078964,-0.21632620692253113,-0.05274159833788872,0.13390704989433289,-0.038162827491760254,0.1579880267381668,0.10370643436908722,-0.06126903370022774,0.1065652146935463,0.11979261785745621,0.1748318374156952,0.0934109315276146,0.07117532938718796,0.1969481259584427,0.13099685311317444,-0.0527249239385128,-0.20910470187664032,0.2156548798084259,-0.04828291013836861,-0.17427568137645721,0.06548026949167252,0.10810691863298416,0.14567656815052032,-0.10842622816562653,0.0015101975295692682,-0.07702772319316864,-0.190550297498703,-0.0023137652315199375,-0.05450276657938957,0.021152621135115623,0.004655787255614996,-0.04207335412502289
-0.10125602036714554,0.11676118522882462,-0.1491527557373047,0.024713413789868355,-0.19661502540111542,0.0718543753027916,0.15507054328918457,0.16441991925239563,-0.26612362265586853,-0.2097284197807312,-0.25108692049980164,0.01874927245080471,0.04231409728527069,0.13946498930454254,-0.014619681984186172,0.21717549860477448,-0.0817485973238945,-0.415731281042099,0.15478135645389557,-0.08975356072187424,-0.03890027478337288,-0.13255666196346283,0.12238890677690506,-0.052399348467588425,-0.009000824764370918,-0.1389082968235016,-0.0016359654255211353,-0.25438883900642395,-0.1090029627084732,-0.06992300599813461,0.0092398039996624,-0.07727111130952835,-0.3463234007358551,0.24108409881591797,-0.1281084567308426,0.008556101471185684,-0.06776957958936691,0.20651061832904816,0.013741075061261654,0.08336322754621506,0.14074629545211792,0.16806861758232117,0.15301358699798584,0.008650480769574642,-0.08686552941799164,0.009343156591057777,0.02639099210500717,0.09337460994720459,-0.20133984088897705,0.044387754052877426
