0.01924273371696472,-0.07617195695638657,-0.10111301392316818,-0.12818516790866852,0.030489400029182434,0.05572555959224701,-0.05951467528939247,-0.028605952858924866,-0.14748886227607727,-0.04565488174557686,0.08040326088666916,0.13903844356536865,-0.0346953384578228,-0.10137482732534409,-0.1735479235649109,-0.009979989379644394,0.1911599189043045,0.1517396718263626,0.17472563683986664,0.14813081920146942,0.14849165081977844,-0.06417904794216156,-0.18432292342185974,0.25172674655914307,0.15639159083366394,0.11842561513185501,0.07113271206617355,0.13743849098682404,-0.05577659606933594,0.3285592794418335,0.002634369535371661,-0.061886176466941833,0.1374954879283905,-0.27384617924690247,-0.09469974786043167,-0.03837428241968155,-0.10782371461391449,0.32448315620422363,0.08360722661018372,0.06167970225214958,0.031108854338526726,-0.10804536193609238,0.013838952407240868,-0.05135222524404526,-0.1833248883485794,-0.007732670288532972,-0.21785759925842285,0.1497083455324173,-0.22693294286727905,0.12784749269485474
-0.23240119218826294,-0.012280536815524101,0.041111256927251816,-0.23184669017791748,0.23972675204277039,0.020025018602609634,-0.09426428377628326,-0.13587936758995056,0.018815631046891212,-0.1378650814294815,-0.0642821192741394,0.0793822705745697,0.23363037407398224,0.27961409091949463,0.19491378962993622,-0.008753097616136074,0.14244693517684937,-0.04224277287721634,-0.06378956139087677,-0.1360681653022766,0.026661928743124008,0.14597415924072266,0.2473430186510086,-0.17464075982570648,-0.2992638945579529,0.08784398436546326,-0.012775219045579433,0.17919400334358215,-0.11751780658960342,-0.13027453422546387,0.009120636619627476,-0.06215176731348038,-0.1980779618024826,-0.010659638792276382,0.09687545895576477,-0.17086276412010193,-0.03786444664001465,-0.23781850934028625,-0.023587143048644066,-0.1548912674188614,0.1006651446223259,0.06200246885418892,-0.019220523536205292,0.07053502649068832,0.11074288189411163,-0.07742004096508026,0.11519049108028412,0.02923455648124218,-0.11410687863826752,-0.0023547878954559565
0.07958046346902847,0.06131938844919205,0.0888478234410286,-0.03420019894838333,-0.03562627732753754,0.074017234146595,0.07965077459812164,0.007846479304134846,0.025530172511935234,-0.07551095634698868,0.0914265587925911,-0.0817645862698555,-0.3319144546985626,0.041326530277729034,0.04253925010561943,0.08913318067789078,0.04081125557422638,0.12217464298009872,0.011612394824624062,0.08735526353120804,0.2199011892080307,-0.019954433664679527,0.03510698676109314,-0.1534113734960556,-0.17043957114219666,0.06224967911839485,-0.059149861335754395,-0.001026426674798131,-0.06485942751169205,0.17536358535289764,-0.40164852142333984,0.1544891744852066,-0.035145435482263565,0.0015987713122740388,0.07819726318120956,-0.06506051868200302,-0.29142433404922485,-0.2117031067609787,0.23880736529827118,0.11916602402925491,-0.08023912459611893,-0.09685317426919937,0.1035626009106636,-0.2754114866256714,0.051666151732206345,0.0036000453401356936,0.06769602000713348,-0.1143508180975914,0.09561404585838318,0.1746937781572342
-0.2158554643392563,-0.1686314344406128,-0.037891190499067307,-0.009005673229694366,-0.08516734093427658,0.15005961060523987,0.2951967716217041,0.04322229325771332,-0.17912985384464264,-0.0717867985367775,-0.023078553378582,-0.17677010595798492,0.3451603949069977,0.23889145255088806,-0.23737438023090363,-0.06688311696052551,-0.05550665035843849,-0.13365575671195984,0.011426425538957119,-0.010828571394085884,-0.0011119761038571596,-0.1527967005968094,-0.00704252440482378,-0.22285275161266327,0.19823288917541504,0.09627164155244827,0.07109396159648895,0.13156336545944214,-0.06794176995754242,-0.15901443362236023,-0.07596755027770996,-0.1593467891216278,-0.06622456014156342,0.17774219810962677,-0.14832529425621033,0.26641538739204407,-0.13064606487751007,-0.16737638413906097,-0.05922802537679672,-0.12028947472572327,-0.0851525142788887,0.1620142012834549,0.23446841537952423,0.07041608542203903,0.058903101831674576,0.0016426733927801251,0.1653711497783661,-0.08550839126110077,-0.11087838560342789,-0.18056970834732056
0.22436194121837616,-0.03265923634171486,-0.11971696466207504,-0.060175709426403046,-0.1095397025346756,0.1659611165523529,-0.14850173890590668,-0.2973230481147766,-0.02157573029398918,0.05366220697760582,0.11319771409034729,-0.21911557018756866,-0.046191565692424774,0.15830789506435394,0.036372601985931396,-0.25662440061569214,0.14854273200035095,-0.17239618301391602,-0.022166023030877113,-0.09015437215566635,0.25904378294944763,-0.06974545866250992,0.029138697311282158,0.1636834293603897,-0.10686244815587997,0.11025063693523407,-0.14498980343341827,0.11300045251846313,-0.14570105075836182,0.10877852886915207,0.07665472477674484,-0.1470370888710022,-0.13576918840408325,-0.14339813590049744,0.06986697018146515,0.06052631512284279,-0.029495427384972572,-0.025787629187107086,0.23631203174591064,-0.16536183655261993,0.013457008637487888,0.01820402778685093,0.04252654314041138,-0.019780786707997322,-0.07098173350095749,0.10617166012525558,-0.018462179228663445,0.006650538183748722,-0.06158018112182617,-0.049325693398714066
0.20318114757537842,0.2204928994178772,0.02347755804657936,0.08080673962831497,-0.027522385120391846,-0.025047851726412773,-0.1543356478214264,0.10881853848695755,-0.2239391952753067,0.11413123458623886,0.0284605473279953,0.17970050871372223,0.25897017121315,0.06837797909975052,0.08730579167604446,0.12606403231620789,-0.16791291534900665,-7.2180584538728e-05,-0.12026824802160263,0.03382699191570282,-0.1702173948287964,0.1314597725868225,-0.024084916338324547,0.05064874887466431,-0.05098386108875275,0.008589430712163448,-0.07653910666704178,-0.058132898062467575,0.11139747500419617,0.10222966223955154,0.11009592562913895,0.19361355900764465,0.017960907891392708,0.021149909123778343,0.019339269027113914,-0.08248067647218704,0.06130620464682579,-0.16647233068943024,0.051824212074279785,0.009779475629329681,-0.025909092277288437,0.2872692048549652,0.03575163707137108,-0.08387656509876251,-0.29885441064834595,-0.06367088854312897,0.11805260926485062,-0.13975860178470612,-0.008980161510407925,-0.20208404958248138
-0.3236558437347412,0.12892994284629822,-0.21568329632282257,0.15047764778137207,-0.08794569224119186,0.1315988153219223,-0.1329917013645172,0.09784429520368576,-0.2598962187767029,-0.05556323751807213,0.19485417008399963,-0.10790005326271057,0.053048066794872284,-0.024628199636936188,-0.09336739778518677,0.03930804133415222,-0.08241426944732666,0.1509188413619995,-0.13178840279579163,0.015532353892922401,-0.12599430978298187,-0.0912279486656189,0.16456221044063568,-0.033167991787195206,0.09463755786418915,0.09969764947891235,-0.1697605699300766,-0.03729630261659622,-0.07866975665092468,0.015126237645745277,-0.008775417692959309,-0.05257198214530945,-0.0006635643658228219,0.21707837283611298,0.1444339007139206,0.009315961971879005,0.15478266775608063,-0.08589994162321091,0.05145327374339104,-0.12672162055969238,0.03771656006574631,0.10284637659788132,0.2574043273925781,-0.2579873204231262,0.22294636070728302,0.011883399449288845,0.07906974107027054,-0.04838240146636963,-0.02360502816736698,-0.028079047799110413
-0.25022175908088684,0.267915815114975,0.05327233299612999,0.12684375047683716,0.08949273824691772,-0.11336956918239594,-0.13898035883903503,0.2759322226047516,-0.06530825793743134,-0.17591863870620728,0.1994541585445404,0.03209054097533226,-0.15259648859500885,0.06506036221981049,0.3023725152015686,0.07954256981611252,0.033848054707050323,-0.02653694897890091,-0.010409390553832054,0.23334890604019165,0.13571393489837646,0.030808698385953903,-0.09139828383922577,0.06721831858158112,0.05988865718245506,0.031959086656570435,0.10047310590744019,0.002925397828221321,-0.16622626781463623,-0.005053885281085968,-0.09285056591033936,0.1511988639831543,-0.2578383684158325,-0.07412139326334,-0.29209303855895996,0.0855480507016182,-0.19683700799942017,-0.23597316443920135,0.19614923000335693,-0.012765943072736263,-0.1665811985731125,-0.2830370366573334,0.1073726937174797,-0.33184629678726196,-0.12412142008543015,-0.19716130197048187,0.1431015282869339,-0.027552563697099686,-0.17991545796394348,-0.06188427284359932
-0.05740312859416008,0.03384801000356674,-0.1313023716211319,0.01068480871617794,-0.13210968673229218,-0.16103941202163696,-0.10785313695669174,0.018959494307637215,-0.14549782872200012,0.03215934336185455,-0.03587806969881058,-0.08582466095685959,-0.0818035900592804,-0.17625387012958527,0.062343478202819824,0.059499818831682205,-0.047755081206560135,0.15725120902061462,0.17856885492801666,0.04906727001070976,0.12522780895233154,-0.08266554772853851,-0.14336231350898743,-0.008581594564020634,0.19473129510879517,-0.08897259086370468,0.18815423548221588,0.3301592469215393,0.10551772266626358,0.0983734130859375,-0.09390261024236679,-0.08703072369098663,-0.06460442394018173,0.06550733745098114,-0.17097681760787964,0.04201146215200424,0.03028196096420288,0.06813084334135056,-0.030369959771633148,0.09618515521287918,0.045786406844854355,-0.1658608615398407,-0.21995961666107178,0.22787022590637207,0.046968862414360046,0.21110844612121582,0.017356112599372864,-0.18941330909729004,-0.15825678408145905,0.11224624514579773
-0.22085006535053253,-0.24833276867866516,-0.06373739242553711,0.1345658302307129,-0.03893255814909935,-0.1059175506234169,0.21306681632995605,0.18693801760673523,0.2280578464269638,0.01910153590142727,0.03844347968697548,-0.08965728431940079,0.04644652456045151,0.06086035817861557,-0.05482928827404976,0.14461754262447357,-0.23048987984657288,0.186654731631279,-0.16129696369171143,0.0443481020629406,-0.12044533342123032,-0.027635231614112854,0.011938774026930332,0.14872393012046814,0.1541384756565094,-0.1735125482082367,0.03337966278195381,0.08262660354375839,0.05515369027853012,-0.07482338696718216,0.1256622076034546,0.012373488396406174,-0.06448391824960709,-0.02834579162299633,-0.06295999139547348,-0.01848835125565529,-0.31019070744514465,0.06973978877067566,0.09704629331827164,0.2449527084827423,-0.06656146794557571,-0.018641099333763123,-0.23501171171665192,-0.04912666976451874,0.3136824369430542,0.08420839160680771,0.2204819768667221,-0.18200147151947021,-0.17259721457958221,-0.12432394176721573
-0.45377716422080994,-0.04054178670048714,-0.008261590264737606,-0.19906090199947357,0.13237297534942627,-0.06851942837238312,0.17586566507816315,-0.23339372873306274,0.0953056588768959,-0.133523091673851,0.06962042301893234,-0.22357141971588135,0.02815183997154236,0.029070744290947914,-0.021445710211992264,-0.3754006028175354,-0.1955447643995285,0.11850617825984955,0.3224645256996155,-0.10590987652540207,0.27232253551483154,0.07294419407844543,-0.02926024980843067,-0.17420171201229095,0.09528235346078873,-0.1445951908826828,0.1252976953983307,0.32940205931663513,0.1687874048948288,0.23117299377918243,-0.2208499014377594,0.20256537199020386,0.015912428498268127,0.0392746776342392,-0.15532521903514862,-0.23982691764831543,-0.11574740707874298,-0.061624158173799515,-0.08520644903182983,0.035164132714271545,-0.12770354747772217,-0.2615392208099365,-0.061079591512680054,0.19773073494434357,0.35666289925575256,-0.16202783584594727,0.15520010888576508,-0.14456136524677277,-0.008623063564300537,0.0023159717675298452
0.024099839851260185,0.02760874666273594,0.048617128282785416,0.09232684224843979,-0.19248759746551514,-0.07982691377401352,-0.060946837067604065,0.16446144878864288,-0.0773966982960701,0.15102282166481018,-0.016006624326109886,-0.2169034332036972,0.1372409462928772,-0.09675730019807816,-0.15262658894062042,-0.09911230206489563,-0.1058075800538063,-0.04039684683084488,0.08112204074859619,-0.03748699650168419,-0.12497507035732269,-0.025376947596669197,-0.06675304472446442,-0.11488118767738342,0.12503209710121155,0.11406603455543518,0.11701183021068573,0.0223249439150095,-0.07521339505910873,-0.024280177429318428,0.250277578830719,-0.2425558716058731,0.20664682984352112,0.062004316598176956,-0.0909821167588234,0.04317755252122879,0.20380346477031708,0.3770810067653656,-0.09092263877391815,-0.035304807126522064,0.039995692670345306,0.19120921194553375,-0.020431621000170708,-0.08370372653007507,-0.10773370414972305,0.08429258316755295,-0.22542060911655426,-0.05094524472951889,0.1443796008825302,0.023184986785054207
-0.2050248235464096,-0.015635235235095024,-0.02923056297004223,0.1359119862318039,0.19722218811511993,0.02804737538099289,0.1356869339942932,-0.2523547410964966,0.17516979575157166,-0.029789894819259644,0.026233071461319923,-0.09483236074447632,0.04929657280445099,0.020871499553322792,-0.19464533030986786,-0.24724352359771729,-0.12662972509860992,0.40339332818984985,-0.1861090213060379,0.0512920580804348,0.3644573390483856,0.1501525491476059,0.13766013085842133,-0.16985315084457397,-0.13658732175827026,-0.2392849177122116,-0.18291889131069183,-0.03986970707774162,0.07670137286186218,0.32454735040664673,-0.1470651775598526,0.0293741375207901,0.01979159191250801,-0.07238589227199554,0.07530687749385834,-0.032097991555929184,-0.13422496616840363,-0.2781570553779602,0.11709550768136978,0.3010152578353882,0.2099969983100891,-0.02945665270090103,-0.17668940126895905,-0.19737231731414795,0.25792059302330017,0.042593494057655334,0.2612372636795044,-0.0737401470541954,0.11078745126724243,-0.047284144908189774
0.2963663339614868,0.17608855664730072,-0.043116357177495956,-0.12368834018707275,0.1725640743970871,0.0013958995696157217,-0.1719137579202652,-0.02168259583413601,-0.0566098727285862,0.12266962975263596,-0.03186613693833351,-0.013130757957696915,-0.08031856268644333,0.07676956802606583,0.26262158155441284,-0.09096934646368027,-0.13240621984004974,0.08335955440998077,-0.12298720329999924,-0.16811437904834747,-0.3097308576107025,0.04328630864620209,0.04307173565030098,-0.10566893219947815,0.049386508762836456,0.06049446761608124,-0.0784183144569397,0.118867889046669,-0.11993065476417542,-0.21564966440200806,-0.07213480770587921,-0.1437014788389206,-0.06389879435300827,0.09483151882886887,0.04782995581626892,0.0321231335401535,-0.03388393670320511,0.11113845556974411,-0.2180924415588379,-0.14112387597560883,0.05296056345105171,0.05707867071032524,0.05747348442673683,-0.01222425326704979,-0.17897281050682068,-0.07687798142433167,-0.26195651292800903,-0.16169373691082,0.030857404693961143,-0.04754158854484558
0.07003068178892136,-0.055402398109436035,-0.18224716186523438,-0.05405035987496376,-0.026519332081079483,0.15860462188720703,-0.13549530506134033,0.03516385331749916,0.029980624094605446,-0.06284192949533463,0.04692201316356659,0.20654451847076416,0.014878169633448124,-0.12374035269021988,0.08735339343547821,0.13890933990478516,-0.1504242867231369,-0.22128163278102875,-0.13700637221336365,0.28254029154777527,0.031228359788656235,0.07561109215021133,-0.08236316591501236,-0.25859335064888,0.3821224272251129,0.050793301314115524,0.14659404754638672,0.1796460598707199,-0.08529011905193329,-0.3430124521255493,0.0096247224137187,-0.15712036192417145,0.0028942679055035114,-0.2866967022418976,-0.2034984529018402,0.0558394230902195,-0.1951824575662613,-0.17315851151943207,0.07182157039642334,0.12134905159473419,-0.24684149026870728,-0.17905430495738983,0.25525203347206116,-0.08466088026762009,-0.11691829562187195,-0.028188638389110565,-0.07473970204591751,0.10936277359724045,-0.21135620772838593,0.14015978574752808
0.14217311143875122,0.2746294438838959,0.002129437867552042,0.13119836151599884,0.0844358503818512,0.06711837649345398,0.01665443927049637,0.0007445963565260172,-0.021656550467014313,-0.17369605600833893,-0.12048043310642242,0.17548197507858276,-0.1336541622877121,0.25775766372680664,-0.17509128153324127,-0.01113516092300415,0.012189679779112339,-0.22381120920181274,0.043428510427474976,-0.03077773191034794,-0.13661716878414154,0.025983823463320732,0.041793856769800186,-0.04244445636868477,-0.2490265667438507,0.1975034475326538,-0.07383101433515549,0.052170928567647934,0.13523490726947784,0.05904173478484154,-0.12753205001354218,-0.34201520681381226,-0.11744492501020432,0.17631205916404724,-0.10450173169374466,-0.1551656424999237,-0.08737631142139435,0.12576797604560852,0.1630094349384308,-0.07180128991603851,0.01337034348398447,-0.05611347779631615,0.08361154794692993,-0.08263303339481354,-0.0347619503736496,-0.016998469829559326,-0.22905750572681427,-0.039810486137866974,-0.13831616938114166,0.26606056094169617
0.16695338487625122,0.16166672110557556,0.31421762704849243,-0.038427550345659256,-0.06214135140180588,-0.11995715647935867,0.16896222531795502,0.3160277009010315,-0.0807071104645729,-0.06952951103448868,-0.17580394446849823,-0.10441354662179947,-0.007457660511136055,0.036214277148246765,0.16741590201854706,0.10787111520767212,0.07400133460760117,-0.11422036588191986,-0.09991443902254105,-0.009523953311145306,0.11471886187791824,-0.32152289152145386,-0.053668614476919174,-0.07532855868339539,0.08602777868509293,-0.14592231810092926,-0.058502793312072754,0.013201029039919376,-0.11989159882068634,0.171834796667099,-0.10617157071828842,0.14524520933628082,0.08851178735494614,-0.021310385316610336,0.13975998759269714,-0.19748467206954956,-0.16980516910552979,-0.2033608853816986,0.12312334030866623,-0.10533548146486282,-0.0051316143944859505,-0.015443261712789536,-0.1364952027797699,0.1908685266971588,-0.01985030248761177,-0.1702875941991806,-0.10255924612283707,0.2949269413948059,0.15185073018074036,-0.14347310364246368
0.2660759389400482,0.07927218824625015,-0.03179150074720383,-0.03974389284849167,-0.12269487977027893,0.013973132707178593,0.08760165423154831,0.25247251987457275,-0.22364039719104767,-0.017647862434387207,-0.23100142180919647,0.1863686591386795,0.2604598104953766,-0.26843664050102234,0.07536226511001587,0.3867241442203522,0.1081109568476677,-0.2869758903980255,-0.3303030729293823,-0.09767351299524307,0.0019787962082773447,0.09601452946662903,0.09653006494045258,0.16075105965137482,-0.007905425503849983,0.22086000442504883,0.18113139271736145,-0.14081346988677979,0.023649612441658974,0.04196913540363312,-0.04323510080575943,0.034980159252882004,0.1402936577796936,0.1560133695602417,-0.08061374723911285,-0.013770907185971737,0.15057629346847534,0.07756654918193817,-0.20058992505073547,-0.22710555791854858,-0.12427790462970734,-0.042004700750112534,0.060355089604854584,-0.22762560844421387,-0.04606787860393524,0.11220300197601318,0.09289829432964325,-0.02768762595951557,0.16360916197299957,-0.18387727439403534
0.12579835951328278,0.24335463345050812,-0.15492120385169983,-0.0735153928399086,0.07067027688026428,-0.04010026901960373,-0.21748530864715576,-0.02631908655166626,-0.037720538675785065,0.22890421748161316,0.008545374497771263,0.13034182786941528,0.10966303944587708,-0.07897551357746124,-0.14926138520240784,0.1895967274904251,-0.1163516491651535,-0.14251263439655304,0.11616776883602142,0.05058775842189789,-0.16986434161663055,-0.08880507946014404,-0.0843590646982193,0.08158966898918152,0.2593637704849243,0.10527607798576355,-0.02395865134894848,-0.06272204220294952,-0.06059235706925392,-0.05935026705265045,-0.19787074625492096,-0.21028149127960205,0.03983810171484947,0.21523340046405792,0.06588844209909439,0.07792472839355469,0.07343553006649017,0.23511740565299988,-0.15430861711502075,-0.20166973769664764,-0.03222902864217758,0.09117347002029419,0.09413304179906845,0.14012068510055542,-0.280420184135437,-0.1331246942281723,-0.005544458515942097,-0.009662478230893612,-0.15018294751644135,-0.11152023077011108
-0.12229981273412704,-0.12636657059192657,0.06958601623773575,0.04056641086935997,-0.14582523703575134,0.12367724627256393,0.2478444129228592,0.12236936390399933,0.22728201746940613,0.07493074238300323,0.09722582995891571,-0.08368419855833054,0.059295933693647385,0.06365402042865753,-0.21632353961467743,0.1894550621509552,-0.213453471660614,-0.11833840608596802,-0.030893245711922646,-0.17000629007816315,-0.10501725971698761,-0.22003048658370972,0.16021610796451569,0.023321885615587234,0.2831413149833679,0.09758414328098297,-0.18963034451007843,0.02603941597044468,0.03156282752752304,-0.19427981972694397,-0.029852334409952164,0.049223642796278,-0.04188814014196396,0.17455433309078217,0.03857731446623802,0.03081258200109005,-0.17372462153434753,-0.11494337767362595,-0.09477424621582031,-0.07699459046125412,-0.02528461255133152,-0.017916442826390266,0.10142340511083603,0.1476258784532547,-0.08189484477043152,-0.1803564578294754,0.015425428748130798,0.20174603164196014,-0.030396681278944016,-0.27886077761650085
0.17949768900871277,0.12767678499221802,0.09911715239286423,-0.009235261008143425,-0.08556059002876282,0.1860460788011551,0.04375608265399933,0.02806929498910904,0.14168128371238708,-0.12030550092458725,0.23848962783813477,0.031910013407468796,-0.2930675148963928,-0.1601962000131607,0.13720329105854034,0.16498717665672302,0.28924909234046936,-0.14677217602729797,0.027075232937932014,-0.16695243120193481,-0.08590776473283768,-0.055121779441833496,0.02075560763478279,0.03396688029170036,0.03725104779005051,-0.011440962553024292,-0.09264393895864487,-0.2037639021873474,-0.1559932827949524,-0.06735114753246307,-0.22104603052139282,0.03451872617006302,0.09248080104589462,-0.36676257848739624,-0.24571630358695984,-0.11477300524711609,-0.25228172540664673,-0.2617817521095276,-0.024427426978945732,-0.11189643293619156,-0.1887218952178955,-0.10242903232574463,0.09780247509479523,-0.16683630645275116,-0.1654929220676422,-0.1608419567346573,0.07615813612937927,0.04575008898973465,0.16982024908065796,0.08057625591754913
-0.025619670748710632,-0.04793625324964523,-0.10175731778144836,-0.019399452954530716,-0.24566829204559326,0.02074812352657318,0.20635274052619934,0.015903310850262642,0.03885960951447487,-0.22301305830478668,-0.1028396263718605,0.03584842011332512,0.13685663044452667,0.240462526679039,-0.13555839657783508,0.16551052033901215,0.16900335252285004,0.09142939746379852,0.07022107392549515,-0.3284256160259247,-0.0466289296746254,0.046636082231998444,-0.06042718142271042,-0.05290352925658226,-0.0452604740858078,-0.19620542228221893,-0.06032369285821915,-0.0850769430398941,-0.05681074783205986,-0.13375981152057648,0.0029363692738115788,0.26533442735671997,0.1539873480796814,-0.07629558444023132,-0.009457390755414963,-0.13144879043102264,0.13809339702129364,-0.16879154741764069,-0.09167110919952393,0.0050321584567427635,-0.01679261028766632,0.056822873651981354,-0.04173656925559044,-0.1102091521024704,0.04740201309323311,-0.21736447513103485,0.09033194184303284,0.0660325214266777,0.03432491049170494,-0.01534473430365324
-0.08019836992025375,0.2655962407588959,-0.2141420692205429,0.2404715120792389,0.1596633642911911,-0.12944380939006805,-0.21144835650920868,-0.2881682217121124,-0.07452203333377838,0.18211765587329865,0.04662766307592392,-0.14736512303352356,-0.003035477129742503,-0.11325123906135559,-0.21093693375587463,-0.006114280316978693,-0.13213343918323517,0.16983626782894135,-0.30778640508651733,0.06628227978944778,-0.06938831508159637,0.2471008598804474,0.05887496843934059,0.25819119811058044,-0.36860716342926025,0.03448181971907616,0.02838854491710663,-0.1523658186197281,0.04661549627780914,0.21844716370105743,-0.14571796357631683,0.05488809198141098,-0.12514859437942505,-0.013916363939642906,-0.07108473777770996,-0.22200441360473633,-0.2790752053260803,0.12116783857345581,-0.05351846292614937,-0.05308585613965988,-0.038094911724328995,-0.11159957945346832,0.0423702672123909,-0.3558541536331177,0.2515869438648224,-0.05374419316649437,0.022535311058163643,-0.3289310038089752,0.03301103413105011,-0.045373283326625824
0.1534118950366974,0.16863009333610535,0.0383048877120018,-0.07938523590564728,-0.0011845476692542434,-0.12218727916479111,-0.12601988017559052,0.07120241969823837,0.08524114638566971,-0.32833266258239746,0.03157170116901398,-0.13796544075012207,-0.13640321791172028,-0.2598513960838318,0.21283358335494995,-0.06452865898609161,-0.03639968857169151,-0.1300753653049469,0.16453202068805695,0.20999301970005035,0.032724883407354355,-0.2529798150062561,0.1800825297832489,0.23583084344863892,0.22462229430675507,-0.13845065236091614,0.15422087907791138,-0.1018841564655304,-0.19420553743839264,0.16120919585227966,-0.31479179859161377,0.06085653603076935,-0.06441568583250046,0.051384009420871735,-0.11076202243566513,0.05515348166227341,-0.15266479551792145,0.1551789492368698,-0.058254484087228775,-0.11108306795358658,-0.03709668293595314,-0.010059885680675507,-0.2164461314678192,0.06941289454698563,-0.36850062012672424,-0.1318582147359848,-0.026041623204946518,0.2948622703552246,0.23949642479419708,-0.08544035255908966
-0.0770317018032074,0.01261130254715681,0.2143922597169876,-0.07117465883493423,-0.12869220972061157,-0.0718376636505127,-0.08220846205949783,-0.07897675782442093,-0.11219686269760132,-0.09570314735174179,0.10824846476316452,0.1886613368988037,-0.21888050436973572,-0.004124056547880173,0.04334753751754761,0.058261893689632416,0.007946887984871864,-0.08623401075601578,-0.1355825513601303,0.19805537164211273,0.009843844920396805,-0.09263105690479279,0.10144905745983124,-0.34147167205810547,0.06372697651386261,0.10301749408245087,0.10473926365375519,0.00200932240113616,-0.06792788952589035,-0.18088357150554657,0.001547185005620122,0.016163211315870285,-0.1097351461648941,-0.17570491135120392,-0.16303956508636475,-0.15565405786037445,-0.058657411485910416,-0.0041450634598731995,-0.04844671115279198,-0.036165501922369,0.08706056326627731,-0.23971053957939148,-0.1143982857465744,-0.14681246876716614,0.03377551585435867,-0.13505688309669495,-0.014144225977361202,0.1747341901063919,-0.01908651739358902,-0.10056611150503159
-0.0655418410897255,-0.1662183552980423,0.052727267146110535,0.04235881194472313,0.016189515590667725,-0.07201043516397476,0.11900634318590164,-0.01928708143532276,-0.06274344772100449,-0.09014952927827835,-0.09048953652381897,-0.035613663494586945,-0.2687535881996155,-0.021113354712724686,0.0033198073506355286,-0.1128091886639595,-0.12440040707588196,-0.045824334025382996,-0.17405013740062714,-0.04528866708278656,0.019113488495349884,-0.06502342224121094,-0.01058714184910059,-0.0013060654746368527,0.1816047877073288,0.11566221714019775,-0.08354304730892181,-0.20763549208641052,0.057174284011125565,-0.050283003598451614,-0.23294883966445923,0.03363174945116043,-0.0812884271144867,-0.23195558786392212,-0.02483825571835041,0.0579487569630146,0.21381622552871704,0.20512241125106812,0.17510318756103516,0.1790553331375122,-0.3370342254638672,-0.202339306473732,0.12399178743362427,-0.18457089364528656,-0.01361907459795475,0.23501579463481903,0.0410226546227932,-0.21108123660087585,-0.21732911467552185,0.118466816842556
-0.09566356241703033,0.07986325770616531,0.09240170568227768,0.17553633451461792,0.0009906996274366975,0.2505064606666565,0.21816928684711456,-0.03379078954458237,-0.07251787930727005,0.19499260187149048,-0.10253986716270447,0.024930421262979507,-0.07582775503396988,0.03296668827533722,0.1326080709695816,0.03784584626555443,0.11293303221464157,0.28146523237228394,-0.1484571248292923,-0.09074853360652924,-0.07460077106952667,0.3070833384990692,0.16953124105930328,0.1430658996105194,-0.08566968888044357,-0.06444289535284042,0.07425227016210556,-0.07869268953800201,0.0318792387843132,0.2246439903974533,-0.05760854855179787,-0.060343656688928604,-0.06132510304450989,0.07763641327619553,0.0032694381661713123,-0.015089803375303745,0.07446601986885071,0.304928183555603,0.042065978050231934,-0.03854836896061897,-0.02970263548195362,0.04963146150112152,-0.24000754952430725,-0.3003118932247162,-0.03463995084166527,0.0294463150203228,0.18113312125205994,0.05803951621055603,-0.09256181865930557,0.1765020340681076
0.32537201046943665,-0.03489664942026138,-0.19999870657920837,0.002395281568169594,0.08007340878248215,-0.1071496456861496,-0.07817589491605759,0.25503718852996826,-0.03393135219812393,0.23274758458137512,0.03124191053211689,-0.25880926847457886,0.12649944424629211,-0.11306066811084747,0.04416641220450401,0.22088775038719177,0.13751652836799622,0.06949786096811295,-0.30426251888275146,0.11321508884429932,0.012749100103974342,-0.07117258012294769,-0.06774400919675827,0.3128558099269867,-0.014979534782469273,0.12025836855173111,0.1365250051021576,0.009441645815968513,-0.03357233479619026,-0.009798445738852024,-0.03840845450758934,0.14651431143283844,0.07791059464216232,-0.010076195001602173,0.2897210419178009,0.08254704624414444,0.07913954555988312,0.23558369278907776,-0.023766547441482544,0.10902342945337296,0.12412624061107635,0.28725355863571167,0.015189983882009983,0.003454151563346386,-0.36832231283187866,0.4040563404560089,-0.05406071990728378,0.12729042768478394,0.030162794515490532,0.10063470900058746
0.05754004791378975,-0.03355036675930023,-0.09312952309846878,0.05537134036421776,0.06392952054738998,0.10450593382120132,0.16563650965690613,-0.025944741442799568,0.015099930576980114,-0.049705587327480316,0.08519890159368515,-0.13960304856300354,-0.035857368260622025,-0.003297697054222226,0.033340632915496826,0.13709309697151184,0.0794660747051239,-0.07807159423828125,0.04661909118294716,-0.13138478994369507,0.025089899078011513,-0.24262838065624237,0.10153011977672577,0.006296520587056875,0.17932331562042236,-0.16180093586444855,-0.02421427145600319,0.2554883062839508,-0.15381000936031342,-0.018873251974582672,-0.15366768836975098,0.0011983626754954457,-0.34726911783218384,0.15434670448303223,0.16499853134155273,-0.024407407268881798,0.04163108021020889,0.047476980835199356,0.04264107346534729,-0.012146295048296452,-0.08628728240728378,0.023435426875948906,0.038413990288972855,0.03126595914363861,-0.1496240496635437,-0.04970728978514671,0.008100694976747036,-0.024199755862355232,0.02538301795721054,0.0324147567152977
0.01660361886024475,-0.10498981177806854,-0.0206933431327343,-0.1073153093457222,-0.13888388872146606,0.012342547997832298,0.19671066105365753,0.15622000396251678,0.09875386953353882,0.057390421628952026,0.11153140664100647,-0.015672467648983,-0.13487643003463745,0.05018070340156555,-0.10792854428291321,0.10550899803638458,0.29570120573043823,0.025607891380786896,0.09692995250225067,-0.1860569715499878,0.06723535060882568,-0.14461027085781097,0.07169218361377716,0.062398407608270645,0.12205709517002106,0.10931681096553802,0.13930118083953857,-0.2075778990983963,-0.057947009801864624,-0.13369345664978027,0.05329924076795578,0.15784652531147003,-0.03086722455918789,0.08747245371341705,0.011351494118571281,-0.018302738666534424,-0.3843822777271271,-0.058812692761421204,0.05961690843105316,-0.21495623886585236,0.22529388964176178,-0.10519320517778397,-0.14518772065639496,-0.040923841297626495,-0.2896357774734497,-0.27824318408966064,0.014085609465837479,0.07886635512113571,0.240566223859787,-0.15289592742919922
-0.08143673837184906,0.05538685992360115,0.06925511360168457,-0.04026708006858826,0.09058062732219696,-0.14990422129631042,0.01338135451078415,-0.07139374315738678,-0.027326928451657295,0.20879006385803223,0.192207932472229,-0.12115363031625748,0.14000752568244934,-0.14035098254680634,-0.10465964674949646,0.0797276496887207,-0.09505630284547806,0.08279082179069519,-0.03879038989543915,0.03841068595647812,-0.0503900907933712,-0.036117348819971085,0.24351757764816284,0.10392647236585617,-0.3556807041168213,0.0323856920003891,0.031421560794115067,0.11906681209802628,-0.10936131328344345,0.07717805355787277,-0.06537916511297226,-0.014353088103234768,0.02992427349090576,-0.10527753084897995,-0.08138028532266617,-0.09480071067810059,0.17465990781784058,0.21049261093139648,-0.15472720563411713,0.22206829488277435,-0.21493232250213623,-0.09763000905513763,-0.04837577044963837,-0.027564840391278267,0.21514371037483215,0.0002816151245497167,-0.07686497271060944,-0.08755553513765335,-0.05953862518072128,-0.1077042669057846
-0.04664662107825279,-0.2311166375875473,-0.12840180099010468,0.026790378615260124,-0.029673106968402863,0.16531506180763245,0.3445886969566345,-0.03371009975671768,0.21629106998443604,0.12240006029605865,-0.15846987068653107,-0.10735759139060974,0.09522300213575363,-0.012749596498906612,-0.0690077543258667,0.2182021588087082,-0.3127635717391968,-0.07069844007492065,0.1046304777264595,0.18153642117977142,-0.11658580601215363,0.04843520745635033,0.1197754442691803,-0.002328122267499566,0.010803351178765297,-0.17043787240982056,-0.17725184559822083,-0.10467413067817688,0.017009707167744637,-0.2325192391872406,0.3185003101825714,0.2254108041524887,0.28607743978500366,-0.04905451089143753,0.08032000809907913,-0.07466159015893936,-0.3317692279815674,-0.03770997002720833,0.11276473104953766,0.1669890433549881,0.1094629168510437,0.054402366280555725,-0.003916146233677864,0.3201001286506653,0.049056414514780045,0.02679537795484066,0.3028033971786499,0.17625604569911957,0.08038829267024994,-0.12865205109119415
0.3455324172973633,0.13875484466552734,-0.07054249197244644,-0.013684079982340336,0.2431112825870514,-0.20026905834674835,-0.03172938525676727,-0.04474792629480362,-0.20780786871910095,-0.031499527394771576,0.021647049114108086,-0.12835624814033508,-0.035081807523965836,-0.03444821760058403,0.19942478835582733,-0.019030090421438217,-0.016784077510237694,-0.11621969938278198,0.11656972020864487,0.264481782913208,0.019879579544067383,-0.08976051956415176,0.12645748257637024,0.05585165321826935,-0.03564533218741417,0.19737255573272705,-0.14073914289474487,0.06309332698583603,-0.01961359567940235,-0.0017827193951234221,0.08119679242372513,-0.0805385410785675,-0.0830032229423523,-0.018380627036094666,-0.05786588788032532,-0.06540679186582565,0.17406582832336426,0.03639519214630127,-0.014074494130909443,0.09571202099323273,0.08149317651987076,-0.01779373548924923,0.08150029927492142,-0.11705443263053894,-0.03250197321176529,0.20162680745124817,-0.2862215042114258,0.009897072799503803,0.12311329692602158,0.11175224184989929
0.24161291122436523,-0.19273266196250916,-0.2130059152841568,0.0068818554282188416,-0.0600711889564991,0.11310998350381851,0.0033137882128357887,0.05497243255376816,-0.09852895885705948,0.048083193600177765,-0.16340762376785278,-0.09832705557346344,0.09390965104103088,-0.10315978527069092,-0.026331694796681404,-0.03643091022968292,-0.03753053769469261,0.0767664983868599,-0.10033592581748962,-0.012020617723464966,-0.09940948337316513,-0.1641417294740677,0.065379299223423,0.18067781627178192,-0.028926804661750793,-0.027146458625793457,-0.15472590923309326,0.0878065899014473,0.2183668315410614,-0.13670508563518524,0.2513519525527954,-0.08173799514770508,0.20823074877262115,-0.06829441338777542,-0.19902752339839935,0.13627023994922638,-0.020863648504018784,-0.10583384335041046,0.12917549908161163,-0.17230604588985443,0.05475233122706413,0.274958074092865,0.13569016754627228,-0.0945289209485054,0.28262418508529663,-0.017569726333022118,0.01346212811768055,-0.08613502234220505,0.009632633067667484,-0.1480877846479416
0.23894162476062775,-0.16183249652385712,0.0065668364986777306,-0.1273939162492752,-0.023173503577709198,0.023776989430189133,-0.07417020946741104,0.17050287127494812,0.14567279815673828,-0.009779348969459534,-0.15317478775978088,0.006196536123752594,-0.03562471643090248,-0.036649707704782486,0.0329202264547348,-0.13450148701667786,0.023511506617069244,-0.3569803237915039,-0.06828125566244125,-0.10831545293331146,0.10711486637592316,0.024468226358294487,0.1569925993680954,0.05859581008553505,-0.05991145968437195,-0.03450344502925873,0.1850832849740982,-0.12400852888822556,0.020852521061897278,0.04153424873948097,0.06611354649066925,-0.003860162105411291,0.005651319399476051,0.24434064328670502,0.10718737542629242,0.01911984384059906,-0.0002961752179544419,0.02535305730998516,-0.010522663593292236,-0.05416041240096092,0.11061540246009827,-0.05260586366057396,0.09257101267576218,0.1151808351278305,0.06737501919269562,0.14324495196342468,-0.09081465750932693,0.27985885739326477,0.2934182584285736,-0.1698336899280548
0.30799856781959534,0.16914892196655273,0.09715546667575836,-0.04536961019039154,0.03803762421011925,0.02562161535024643,-0.046850819140672684,-0.20548731088638306,0.01755298115313053,-0.053137313574552536,0.09924447536468506,0.0979481041431427,-0.3186146914958954,-0.05257292836904526,-0.06308944523334503,0.06106754392385483,-0.03313318267464638,-0.22370204329490662,-0.029319584369659424,-0.09909120202064514,0.053414251655340195,-0.0750221461057663,0.05576585978269577,0.11849720031023026,-0.07149160653352737,0.11664749681949615,-0.0712946206331253,0.12755854427814484,0.18747219443321228,-0.08367270976305008,-0.026446618139743805,0.0011020069941878319,0.09860052913427353,0.16220128536224365,0.18930330872535706,0.006515798158943653,0.05235094949603081,0.033721379935741425,-0.08830539137125015,0.16491039097309113,-0.3390093147754669,0.20542095601558685,-0.2650136947631836,0.05613530054688454,-0.017275571823120117,-0.053498733788728714,-0.4008495509624481,-0.1163284108042717,-0.2720806896686554,-0.08428967744112015
-0.06318387389183044,-0.18289463222026825,-0.16661910712718964,0.023381849750876427,-0.09447428584098816,-0.2298368215560913,-0.010583748109638691,-0.14752346277236938,0.11002636700868607,0.05495429411530495,-0.11070805042982101,0.00672642607241869,0.08991090208292007,0.13908648490905762,-0.028338337317109108,-0.04346697777509689,-0.1480351984500885,-0.13973069190979004,-0.10687859356403351,0.00029341719346120954,-0.08402812480926514,0.11295324563980103,0.07108389586210251,0.10276664048433304,0.1304873526096344,-0.037977274507284164,0.026915710419416428,0.00018369816825725138,-0.17803344130516052,0.06770521402359009,0.18545272946357727,0.16310231387615204,0.07889857143163681,0.18738767504692078,0.15294568240642548,0.19408944249153137,-0.13891233503818512,-0.0814352035522461,0.21509259939193726,0.15643252432346344,0.21033118665218353,0.13200664520263672,-0.06067509949207306,-0.01736563630402088,-0.03674660623073578,-0.03708793595433235,0.04919332265853882,-0.07490023225545883,-0.04572556912899017,0.07647693902254105
-0.09834377467632294,-0.0014743175124749541,-0.059046484529972076,0.19300231337547302,0.07574591040611267,-0.01899803802371025,-0.2186460644006729,-0.015810435637831688,-0.2544679343700409,0.1324831247329712,-0.18432100117206573,-0.0015538707375526428,0.09298260509967804,0.11550045758485794,-0.148351788520813,-0.22037184238433838,0.04896048828959465,0.026545509696006775,0.027919385582208633,0.0801757350564003,-0.044208984822034836,0.1808529794216156,0.08173500746488571,0.0076459976844489574,-0.1230483427643776,-0.19729159772396088,0.017713522538542747,-0.0025824373587965965,-0.04772358760237694,0.03421966731548309,0.17462168633937836,0.08146362751722336,-0.04482221230864525,-0.03016967512667179,0.07678987830877304,-0.30861005187034607,-0.14597120881080627,0.1885819137096405,0.20249536633491516,0.0786995217204094,-0.17730331420898438,0.14900267124176025,-0.1964547336101532,-0.021647164598107338,-0.07751327753067017,-0.014230048283934593,-0.07143669575452805,0.06754718720912933,0.04956795647740364,0.0579928420484066
-0.1331237405538559,-0.06803834438323975,-0.12188845127820969,-0.08079670369625092,-0.042490195482969284,-0.24295897781848907,-0.035663265734910965,0.05223366618156433,0.06861183792352676,0.0024348378647118807,0.16137802600860596,0.1468721479177475,-0.06004011631011963,-0.19582664966583252,0.12280213087797165,-0.049100011587142944,-0.09072437137365341,-0.153528094291687,0.023157373070716858,-0.057195838540792465,-0.040821705013513565,0.02159201353788376,-0.18608656525611877,-0.010883794166147709,0.02712794952094555,0.14522556960582733,-0.14845699071884155,0.04296021908521652,0.2872316539287567,-0.24719621241092682,0.027974091470241547,-0.017990384250879288,0.009606877341866493,-0.20806743204593658,0.12943407893180847,0.212590292096138,-0.04666643217206001,0.09145288914442062,-0.08967330306768417,-0.19455720484256744,-0.11686427891254425,0.12199842184782028,0.033970948308706284,0.034077923744916916,-0.021841252222657204,-0.0668831467628479,0.12027675658464432,0.26336273550987244,-0.15925024449825287,0.05401715636253357
0.20679715275764465,0.012740259058773518,0.03625420853495598,-0.15531869232654572,-0.1260240375995636,-0.012377838604152203,0.11771178990602493,0.0071088168770074844,-0.0850537046790123,-0.12531143426895142,0.11082570254802704,-0.026012949645519257,-0.21174994111061096,0.0035475241020321846,0.286782830953598,-0.09970855712890625,0.09844793379306793,-0.29062342643737793,0.15930333733558655,0.12414322048425674,-0.08694372326135635,-0.11867807060480118,0.035037994384765625,0.20154282450675964,-0.13232389092445374,-0.020985769107937813,-0.01873644068837166,0.144572451710701,-0.03874899074435234,-0.11001183837652206,-0.03987209126353264,0.037274159491062164,-0.021524466574192047,-0.12101346254348755,-0.05283437669277191,0.023559559136629105,0.08692871779203415,-0.017590664327144623,-0.06255131959915161,-0.06824834644794464,-0.07438179850578308,0.13528840243816376,-0.335197776556015,-0.03482276573777199,-0.41887038946151733,0.24699552357196808,-0.09008976817131042,0.1956939995288849,0.0583486370742321,-0.1743919402360916
0.14513926208019257,-0.16147875785827637,0.011340140365064144,0.06807171553373337,-0.11047885566949844,0.08892843872308731,0.1612953543663025,-0.12828455865383148,0.13506460189819336,0.07278299331665039,0.18836568295955658,-0.22954261302947998,-0.003637929679825902,0.22661380469799042,-0.08843029290437698,0.09291094541549683,-0.13882286846637726,-0.0205681174993515,0.0509633868932724,0.1149764358997345,-0.01889055036008358,-0.11506351828575134,0.1027418002486229,-0.23535752296447754,0.022928457707166672,0.10357887297868729,-0.11587903648614883,0.08180131018161774,0.0011562409345060587,0.024962373077869415,0.21845492720603943,0.26862889528274536,-0.08061404526233673,-0.09443534165620804,0.21358393132686615,-0.057260721921920776,0.21723702549934387,-0.1624136120080948,-0.14213989675045013,0.03383698686957359,0.1478835791349411,0.16095076501369476,-0.1370454579591751,-0.025285309180617332,-0.06781556457281113,0.07031159102916718,-0.08745434880256653,0.11890006810426712,0.09340091049671173,-0.019794007763266563
0.0009682596428319812,-0.0645754411816597,0.3542662262916565,-0.005695855710655451,-0.24839764833450317,0.12292638421058655,-0.096490778028965,0.20464104413986206,0.13630424439907074,-0.20706777274608612,0.023556392639875412,-0.16585645079612732,-0.13598352670669556,0.049784861505031586,0.1263652890920639,-0.17960244417190552,0.06588020920753479,-0.24211694300174713,-0.03006211295723915,0.20752142369747162,0.16836152970790863,-0.11605571955442429,0.23065225780010223,-0.2191281020641327,-0.13325336575508118,-0.014793723821640015,-0.12144620716571808,-0.13225461542606354,-0.032266344875097275,-0.07424544543027878,-0.13320088386535645,0.14035120606422424,-0.2273256927728653,-0.25858989357948303,-0.09708407521247864,0.07993798702955246,-0.31686437129974365,-0.036632195115089417,-0.11071085929870605,-0.11190228164196014,0.22709150612354279,-0.10555523633956909,0.0020118639804422855,0.09779597073793411,-0.13079868257045746,0.02258620411157608,0.014871248975396156,0.16296401619911194,0.07824651151895523,-0.22406503558158875
-0.251425564289093,-0.010595661588013172,0.08643941581249237,0.26608824729919434,0.0953497514128685,0.06584861129522324,-0.03956182673573494,-0.011901075951755047,0.15113195776939392,0.28353121876716614,-0.03167099505662918,-0.18481206893920898,-0.15459570288658142,-0.17689791321754456,-0.0745013877749443,0.10086733847856522,-0.03139924630522728,0.28412923216819763,-0.2558009922504425,0.08533056825399399,0.09514852613210678,0.13114330172538757,0.12090717256069183,0.0905948206782341,0.14153946936130524,0.023348020389676094,0.1847716122865677,-0.19736570119857788,-0.016980057582259178,0.02035890892148018,-0.18480025231838226,0.20870278775691986,-0.19044624269008636,-0.1721227616071701,-0.1749727576971054,0.009288695640861988,0.13378499448299408,0.10768140852451324,0.07167079299688339,0.2561509609222412,-0.15987810492515564,0.13097502291202545,-0.023725150153040886,0.040132973343133926,-0.16642142832279205,0.20379115641117096,-0.058772362768650055,-0.01849391497671604,0.13419197499752045,-0.044837839901447296
0.22509737312793732,-0.06545251607894897,0.20379729568958282,-0.17320984601974487,-0.02768249623477459,0.06137744337320328,-0.18305717408657074,0.020581047981977463,-0.03457054868340492,-0.19317631423473358,-0.16653916239738464,-0.12248553335666656,-0.05442513898015022,-0.20985491573810577,-0.03791441023349762,-0.09019935131072998,-0.1250755786895752,-0.24422834813594818,0.06915143132209778,-0.20462721586227417,0.030574636533856392,-0.05375976860523224,-0.1553730070590973,-0.16881327331066132,0.05525023117661476,-0.013367196545004845,-0.011570673435926437,0.18736788630485535,0.042122114449739456,-0.07505479454994202,0.011201695539057255,-0.1634255051612854,0.20436973869800568,-0.09373989701271057,0.06610516458749771,-0.08355504274368286,0.28881940245628357,0.11436448246240616,-0.018912015482783318,-0.19023458659648895,0.1340266764163971,0.06892495602369308,0.10780502110719681,0.21699406206607819,-0.3141743242740631,0.17772625386714935,0.010339059866964817,-0.012245715595781803,0.19858700037002563,-0.009157989174127579
-0.0498395599424839,0.03743542730808258,0.08420460671186447,0.2042776346206665,-0.020013006404042244,0.08899654448032379,0.2210852950811386,0.2635294497013092,0.12589482963085175,0.008771281689405441,0.06212415173649788,0.08059036731719971,0.14629875123500824,-0.12326188385486603,-0.017616795375943184,0.10624109208583832,-0.01677730865776539,0.11938757449388504,-0.2272535264492035,-0.043684881180524826,0.09528111666440964,0.09006192535161972,0.17998559772968292,-0.042378395795822144,-0.31571656465530396,0.013352631591260433,-0.10448989272117615,-0.02430635318160057,0.08269790560007095,-0.19948548078536987,0.2238742858171463,0.1527097225189209,-0.08528211712837219,-0.025075210258364677,-0.01551997009664774,0.113419309258461,-0.16278275847434998,-0.0029859424103051424,0.0812377780675888,-0.24479465186595917,-0.15029339492321014,-0.09326182305812836,0.013921073637902737,-0.06601240485906601,0.19891245663166046,0.17177732288837433,0.08551783114671707,-0.01527351327240467,0.09032858163118362,-0.18281416594982147
-0.14196477830410004,-0.1061410903930664,-0.04432014003396034,-0.012291820719838142,-0.13770470023155212,0.0012529667001217604,0.20497985184192657,0.26567381620407104,-0.06102029234170914,-0.2681586444377899,0.07499407231807709,-0.07318965345621109,-0.10316260904073715,-0.038676343858242035,0.1519862860441208,-0.06807409226894379,-0.05190842226147652,-0.043281614780426025,0.18120203912258148,0.004821554757654667,0.0006942615727894008,0.18718601763248444,-0.09847359359264374,-0.2215462028980255,0.009866285137832165,-0.21589326858520508,-0.27901628613471985,-0.11219817399978638,-0.02740481123328209,-0.07644256949424744,-0.33841472864151,0.17139828205108643,-0.043421875685453415,-0.15729694068431854,-0.20555295050144196,-0.1274689882993698,-0.07140705734491348,0.03196801617741585,0.11193109303712845,-0.17269456386566162,-0.18836045265197754,-0.04004157707095146,-0.09316978603601456,-0.0746370181441307,-0.109523706138134,0.0072775003500282764,0.012647845782339573,0.06995779275894165,-0.1232488602399826,-0.3829805850982666
-0.1948658972978592,-0.058585889637470245,0.2165936380624771,-0.02260003238916397,0.006542673334479332,-0.12365304678678513,0.2262956202030182,0.1120099127292633,0.006555929780006409,-0.015141136012971401,0.18977341055870056,0.03758106753230095,0.04157372564077377,-0.12877020239830017,0.013780578039586544,0.04312875494360924,0.11684098839759827,-0.00406306330114603,0.09690351039171219,0.031362853944301605,-0.03789353370666504,0.16578060388565063,-0.0051736980676651,-0.08331646770238876,0.15342560410499573,0.08262934535741806,-0.1761547178030014,-0.2872619926929474,0.13827180862426758,-0.2572595775127411,-0.04631906747817993,0.09370488673448563,-0.0654633566737175,-0.17806732654571533,0.024088570848107338,0.11094707250595093,-0.06794460862874985,0.06444232910871506,0.197101891040802,0.11314748972654343,-0.14015430212020874,-0.1358024924993515,-0.055509284138679504,0.2068176418542862,0.1868867129087448,-0.057463839650154114,-0.05813346058130264,-0.1356629580259323,-0.03763603791594505,-0.03389110043644905
0.17509688436985016,-0.21926677227020264,0.1041540578007698,-0.006925034802407026,0.14142051339149475,-0.21561841666698456,-0.10196992009878159,-0.17730407416820526,-0.12904439866542816,0.09645937383174896,-0.2630510628223419,-0.21513688564300537,0.11000906676054001,0.01965484954416752,-0.12832780182361603,0.18160973489284515,-0.23077569901943207,0.10236268490552902,0.21481232345104218,0.023325981572270393,0.10418427735567093,0.23787744343280792,0.13063868880271912,0.034540120512247086,-0.06830738484859467,-0.06314034014940262,-0.07789801061153412,0.14947712421417236,-0.05555190518498421,0.3368610143661499,0.041149478405714035,-0.20717088878154755,-0.05292988196015358,0.22635982930660248,0.15586040914058685,0.18420396745204926,0.17636755108833313,0.25215259194374084,-0.1803004890680313,-0.016654565930366516,-0.12771600484848022,-0.08831529319286346,-0.25184735655784607,0.06037244200706482,0.019979998469352722,0.19339178502559662,0.0033516620751470327,0.022380797192454338,-0.16375578939914703,0.12881362438201904
0.15474450588226318,0.08496204018592834,0.02840680629014969,-0.21493349969387054,-0.12820520997047424,0.13905397057533264,0.05648668110370636,0.04486085847020149,-0.12052099406719208,0.12686459720134735,-0.11674534529447556,-0.08229798078536987,0.16594411432743073,0.2121678739786148,-0.19085189700126648,0.04248613864183426,0.08764781057834625,-0.16500666737556458,-0.0020818766206502914,-0.20887652039527893,0.15842558443546295,0.1049763634800911,0.061027731746435165,-0.28504154086112976,-0.22237607836723328,-0.14617109298706055,-0.056293290108442307,0.1273546665906906,-0.17992794513702393,0.1319374293088913,0.017771156504750252,0.03890065848827362,-0.045354533940553665,0.2258675992488861,0.18968598544597626,0.01946020871400833,0.011795558035373688,0.04022469371557236,-0.13312146067619324,-0.05391519516706467,0.24872064590454102,0.23437030613422394,0.01942717283964157,-0.0056578838266432285,0.24599789083003998,-0.15893730521202087,0.17806947231292725,0.01194343063980341,-0.06388669461011887,-0.10425561666488647
0.059442270547151566,0.18895161151885986,-0.0025001992471516132,-0.0409139059484005,-0.17979887127876282,0.00559200020506978,-0.10428240895271301,0.0790647342801094,-0.04462927207350731,-0.046750687062740326,0.06705589592456818,0.019462479278445244,0.11209836602210999,0.04169205576181412,-0.06882059574127197,0.1335350126028061,0.09984924644231796,0.10513957589864731,0.14915458858013153,-0.014200697652995586,0.1052716001868248,-0.11934664100408554,0.07412655651569366,-0.008715052157640457,-0.13238607347011566,-0.06845855712890625,0.022044649347662926,0.041433777660131454,0.02900109440088272,-0.041989561170339584,-0.08320816606283188,0.09300421923398972,-0.03178664296865463,-0.15904812514781952,0.04921485856175423,0.15603788197040558,-0.06429043412208557,0.10032171756029129,-0.11768773943185806,0.15467214584350586,-0.14341512322425842,0.1358327865600586,-0.038273248821496964,-0.05952209234237671,0.041035477072000504,0.10183035582304001,-0.016137804836034775,-0.09059872478246689,0.024140281602740288,-0.12766121327877045
