-0.35186687111854553,-0.010548634454607964,0.10294455289840698,-0.04596033692359924,0.007542751729488373,-0.0912385955452919,-0.0029047003481537104,0.13651567697525024,0.13434503972530365,0.1614319533109665,0.2056288868188858,-0.21449726819992065,-0.1371590793132782,-0.08791007101535797,-0.12242179363965988,0.14085863530635834,0.03044945001602173,0.07705911993980408,-0.023986250162124634,-0.09998311847448349,-0.009502771310508251,-0.3098546862602234,0.013523105531930923,0.06499244272708893,-0.28954124450683594,-0.13573110103607178,0.10213320702314377,-0.049621082842350006,-0.20930446684360504,0.12265093624591827,-0.05462604761123657,0.03345264121890068,0.046055469661951065,0.28331607580184937,0.11270210891962051,-0.1348494589328766,0.005135319195687771,-0.2580910921096802,-0.3718394637107849,-0.021060820668935776,-0.27011123299598694,0.03731168061494827,0.1607542186975479,-0.09807977825403214,-0.07750021666288376,0.12601158022880554,-0.11189698427915573,0.011156675405800343,0.1719646155834198,0.150881826877594
-0.03131415694952011,0.15316706895828247,0.05545160919427872,-0.008359783329069614,0.09234961122274399,0.005316874943673611,-0.05460917204618454,0.015837395563721657,0.2031674087047577,0.10714573413133621,0.017839854583144188,-0.22465795278549194,-0.1244969516992569,-0.26191094517707825,0.1554112285375595,0.09466428309679031,0.06863902509212494,-0.03935461491346359,0.10389561206102371,0.01959376595914364,0.1748656928539276,0.22702574729919434,0.2700943350791931,0.013089210726320744,-0.3282056450843811,-0.10007083415985107,-0.08619201183319092,-0.1029282957315445,-0.25469160079956055,-0.18568652868270874,-0.025698335841298103,-0.03414773941040039,0.09737768769264221,0.16299763321876526,0.11821643263101578,-0.010922887362539768,-0.15953148901462555,0.08376478403806686,0.06021168828010559,-0.09920509904623032,0.10179097950458527,-0.005635524168610573,0.23036007583141327,-0.2489899843931198,-0.13244913518428802,0.12777480483055115,-0.14929068088531494,-0.08750495314598083,-0.05703302100300789,-0.24662503600120544
0.08390709012746811,-0.31493332982063293,-0.051822058856487274,-0.0878901556134224,-0.09333642572164536,-0.05404721200466156,0.15528303384780884,-0.09337044507265091,0.11842532455921173,-0.03270431235432625,-0.11740534752607346,-0.06939695030450821,-0.08785083889961243,0.05529392138123512,0.2447417825460434,0.21489174664020538,-0.024890244007110596,0.05533399432897568,0.024435101076960564,0.2204008400440216,0.15128163993358612,-0.15476930141448975,0.10801853239536285,-0.2568351626396179,-0.1882198601961136,-0.16795925796031952,-0.03641132637858391,-0.1972833275794983,0.1233457550406456,-0.045625802129507065,0.06183350086212158,-0.04045150429010391,-0.15425512194633484,0.26679694652557373,0.2766766846179962,-0.055794622749090195,-0.23312360048294067,-0.18175256252288818,-0.12436289340257645,-0.04900501295924187,0.06952808052301407,0.10745612531900406,-0.05241610109806061,0.11468970775604248,0.07607854902744293,-0.03857506439089775,-0.16314691305160522,-0.1265706866979599,-0.08607020229101181,-0.020291784778237343
-0.0885573998093605,-0.05311328172683716,-0.06809987872838974,-0.09939774870872498,-0.108719103038311,0.222283273935318,9.278726065531373e-05,-0.19083836674690247,0.13213475048542023,0.23660072684288025,-0.061095453798770905,0.06961237639188766,-0.20879724621772766,-0.19505472481250763,-0.03424380347132683,0.08779629319906235,0.13361486792564392,-0.018919695168733597,0.002515199361369014,-0.13916265964508057,0.16455788910388947,0.11012370139360428,-0.12313811480998993,-0.024355201050639153,-0.0994986742734909,0.0014898371882736683,-0.1727931648492813,0.025704875588417053,-0.10468695312738419,0.1147393211722374,-0.004364353138953447,-0.21447138488292694,-0.0015391078777611256,0.13714712858200073,-0.12093953043222427,0.03975071385502815,0.07878047227859497,-0.014661753550171852,0.12881602346897125,0.024957673624157906,-0.20245572924613953,-0.16797377169132233,0.06185077503323555,-0.01851053722202778,0.1576959639787674,-0.23181362450122833,-0.00812663696706295,-0.06386566907167435,-0.011349227279424667,0.1357235461473465
-0.22239883244037628,-0.17553485929965973,-0.12166865915060043,0.16769003868103027,0.265336275100708,-0.1398192048072815,0.19540227949619293,-0.14820055663585663,-0.006259910296648741,-0.049627285450696945,-0.312458872795105,-0.1968977004289627,-0.049137312918901443,-0.10918964445590973,-0.05912568047642708,-0.06800606846809387,0.009800290688872337,0.03906925767660141,-0.08157577365636826,-0.040301740169525146,-0.2452440857887268,0.19047008454799652,-0.09790004044771194,0.07709240913391113,0.0935887023806572,-0.026215694844722748,0.053799595683813095,0.0958385169506073,-0.008059879764914513,0.02359849587082863,0.10360632091760635,-0.16741615533828735,0.01583286002278328,-0.1425352394580841,0.020517485216259956,-0.15752668678760529,0.27827033400535583,0.24096587300300598,0.1951361447572708,-0.03425554931163788,-0.18974153697490692,0.04263724014163017,-0.14319725334644318,-0.15386274456977844,-0.11188109219074249,0.1138232871890068,-0.17110365629196167,0.025267954915761948,-0.024507518857717514,-0.03758245334029198
0.2193434089422226,-0.16383273899555206,-0.20683418214321136,-0.1513102799654007,0.0676848441362381,0.22154690325260162,-0.21451660990715027,-0.1977953314781189,0.11430444568395615,-0.004267855081707239,0.2654387354850769,0.18701021373271942,-0.18837028741836548,0.0688566267490387,0.13318893313407898,0.012778257951140404,-0.10081002861261368,-0.020525887608528137,0.0036505090538412333,-0.16703379154205322,-0.17991779744625092,-0.019484763965010643,0.19352853298187256,-0.16758787631988525,0.1356828361749649,-0.07846923172473907,-0.01761031150817871,0.15433382987976074,0.14337816834449768,0.15994638204574585,0.1983865201473236,-0.16707861423492432,0.0991140753030777,-0.30041277408599854,-0.10408289730548859,-0.015263501554727554,-0.16995520889759064,0.20455719530582428,0.13298380374908447,-0.03545522317290306,0.178944393992424,0.08564364910125732,-0.07149259001016617,0.003243577666580677,-0.014948626048862934,-0.18893465399742126,-0.0776742547750473,0.20877252519130707,-0.014290529303252697,0.11488722264766693
-0.04220740124583244,0.28797221183776855,0.17786118388175964,-0.08195172995328903,0.031196225434541702,-0.005236418917775154,0.08683806657791138,9.991378465201706e-05,0.11386267840862274,0.0495118647813797,0.010932321660220623,0.07062267512083054,-0.08553378283977509,0.07301817834377289,-0.038566719740629196,0.07416675239801407,-0.040980394929647446,-0.1363924741744995,0.013504324480891228,-0.33881476521492004,-0.20072205364704132,-0.2852957248687744,0.13117201626300812,-0.07449693232774734,0.3546065092086792,-0.08387470245361328,0.006617543753236532,-0.03615419939160347,0.0754212886095047,0.05922559276223183,0.33116570115089417,-0.2980899512767792,0.05920771509408951,-0.08227097988128662,0.022766409441828728,-0.19066137075424194,-0.004459489602595568,0.03415069729089737,-0.03576890751719475,0.06389572471380234,0.1351424753665924,0.014433047734200954,0.230024054646492,-0.18129076063632965,0.04868195578455925,-0.03426269441843033,0.048329856246709824,-0.05565297231078148,-0.02467935159802437,-0.011785225011408329
-0.06974737346172333,-0.030065683647990227,-0.021911779418587685,-0.02883576788008213,-0.21444988250732422,-0.03122580610215664,-0.13671234250068665,-0.051563676446676254,-0.11697742342948914,0.16285528242588043,-0.07372649759054184,-0.0008734472212381661,-0.29569074511528015,0.05474715679883957,-0.33002445101737976,0.10225013643503189,0.02665412425994873,0.18847765028476715,0.07700905203819275,0.007136286236345768,-0.1053161770105362,-0.0065697417594492435,0.0761086642742157,0.09233889728784561,0.07301359623670578,0.2099320888519287,-0.11535077542066574,-0.1534299999475479,0.09597746282815933,-0.0918780043721199,-0.08848551660776138,0.0850314274430275,0.06053818017244339,0.19369930028915405,0.02742503024637699,-0.035749584436416626,0.05201052874326706,0.29691165685653687,0.18264564871788025,0.043609004467725754,-0.12314935773611069,0.1353038102388382,0.06800949573516846,0.08602114766836166,0.23003551363945007,-0.09068398177623749,-0.14293071627616882,0.033436812460422516,0.055013854056596756,0.18509598076343536
-0.008462478406727314,0.12003207951784134,0.19202232360839844,-0.07300003618001938,-0.025945143774151802,0.09694116562604904,-0.10946991294622421,0.15227332711219788,0.164152130484581,-0.2319459170103073,-0.13043539226055145,-0.04308459535241127,0.11455821990966797,0.01368066854774952,0.060584116727113724,-0.0676504448056221,0.14931535720825195,0.029207633808255196,-0.07691852748394012,-0.1774211823940277,0.028854653239250183,-0.20465506613254547,-0.22480659186840057,0.06938593834638596,-0.17311641573905945,0.01003220584243536,-0.06627998501062393,0.0036843721754848957,-0.13026854395866394,0.16803176701068878,-0.2193049192428589,0.02499976195394993,0.03559442609548569,0.12822535634040833,-0.09452509135007858,0.10908228904008865,0.002690900582820177,-0.11818856000900269,0.029858672991394997,-0.22542361915111542,0.271184504032135,0.0941968634724617,-0.22658789157867432,0.2311127781867981,0.004547677002847195,0.050808295607566833,-0.07341787964105606,0.08853711187839508,-0.17560693621635437,-0.28855428099632263
-0.03571911156177521,0.07995229959487915,0.15844155848026276,-0.1371302455663681,-0.04257044196128845,-0.1224873885512352,0.12081700563430786,-0.07588726282119751,0.052526578307151794,0.13445179164409637,0.19822077453136444,0.0328681506216526,-0.27313554286956787,0.1543751060962677,-0.1054612323641777,-0.1128869578242302,-0.05885165184736252,-0.059046827256679535,-0.06609796732664108,-0.24961958825588226,0.039732687175273895,-0.09984245151281357,-0.18626943230628967,-0.025809140875935555,-0.03362122178077698,-0.006580555811524391,-0.19116801023483276,-0.01919405907392502,-0.12397339940071106,0.15779846906661987,-0.2448415607213974,0.09631170332431793,0.18211133778095245,0.24398575723171234,0.2376028597354889,0.2606600224971771,0.07424246519804001,0.060233842581510544,-0.0518680103123188,-0.007557884324342012,-0.33143350481987,-0.08399119973182678,0.08372650295495987,0.06808313727378845,0.18048906326293945,-0.11697489023208618,-0.11374463140964508,0.194883331656456,0.1149095967411995,-0.07819052040576935
0.3924659490585327,-0.143125519156456,-0.1412317454814911,0.034164801239967346,-0.061223797500133514,0.008936377242207527,0.17950193583965302,-0.08303112536668777,0.01073069404810667,-0.017451802268624306,-0.06655209511518478,-0.1997290849685669,-0.08634458482265472,0.24937422573566437,0.04682576283812523,0.00756760174408555,-0.12325768172740936,-0.04124826192855835,0.0671679899096489,-0.01296160090714693,-0.09874764084815979,-0.08445242792367935,0.031778693199157715,0.19350039958953857,0.036845721304416656,-0.004859761334955692,-0.1224135234951973,0.020175984129309654,0.35085421800613403,0.1580234318971634,-0.07031950354576111,-0.19281555712223053,-0.2613990902900696,-0.006937419530004263,-0.0956672802567482,0.11674444377422333,-0.2348618507385254,-0.30724436044692993,-0.06994299590587616,0.050462912768125534,-0.025152549147605896,-0.16892504692077637,-0.07237725704908371,-0.03227538615465164,0.05391587316989899,-0.0074587538838386536,-0.18672576546669006,-0.00512738199904561,-0.1750352680683136,-0.056599948555231094
0.059657566249370575,-0.09955572336912155,0.003772781230509281,-0.07738160341978073,0.1174185574054718,-0.05898325890302658,-0.019024575129151344,-0.06695660203695297,-0.021226657554507256,-0.07765237241983414,-0.08978364616632462,0.06127587705850601,-0.039027437567710876,-0.18734276294708252,-0.043002765625715256,-0.17436601221561432,-0.04937199130654335,0.1369115114212036,-0.00543210469186306,-0.0857406035065651,-0.05090082436800003,-0.14048151671886444,-0.08114222437143326,-0.022397369146347046,-0.031945981085300446,0.018192948773503304,-0.13487176597118378,-0.031586356461048126,-0.04792221263051033,0.015311897732317448,-0.07119809091091156,0.18212780356407166,-0.18472318351268768,0.10191550105810165,-0.20743858814239502,-0.07523287087678909,0.11147810518741608,0.10322992503643036,-0.0075583066791296005,-0.13209015130996704,0.06830639392137527,-0.09286059439182281,0.11530520021915436,-0.08735892176628113,-0.059139396995306015,-0.2329060137271881,-0.05117912217974663,0.13692165911197662,-0.13841409981250763,0.03472432494163513
0.04747340828180313,0.020041661337018013,-0.016653064638376236,-0.03274352848529816,0.09845534712076187,0.017546597868204117,0.06865435093641281,0.09662803262472153,-0.10503215342760086,0.16566671431064606,-0.01574655808508396,0.10824846476316452,0.2859655022621155,0.17001873254776,0.15313875675201416,0.017566729336977005,0.07897850126028061,0.04894401878118515,0.06976725161075592,-0.05178399384021759,-0.21741455793380737,0.06281635165214539,-0.011498155072331429,0.15987668931484222,-0.0028243104461580515,-0.1961705982685089,0.04498043656349182,-0.21657033264636993,-0.08042546361684799,0.07522935420274734,-0.01615912653505802,0.2957235872745514,0.03500015288591385,0.11034372448921204,-0.14946457743644714,-0.22754468023777008,-0.008838474750518799,-0.08399859815835953,0.08076051622629166,-0.01680777408182621,0.1040094867348671,0.0749552771449089,0.00532776303589344,-0.04333046078681946,-0.147953599691391,0.10545720905065536,0.12767820060253143,-0.012120182625949383,-0.18015499413013458,0.10439963638782501
-0.004107090178877115,-0.062237195670604706,-0.2980012893676758,-0.01325678825378418,0.019034622237086296,-0.17178712785243988,-0.11546668410301208,0.0190567746758461,0.1434091031551361,-0.09967675060033798,-0.16926157474517822,-0.04915288835763931,-0.15665695071220398,0.2077414095401764,-0.0176081582903862,0.05079526826739311,0.04529951885342598,0.1711016595363617,-0.020449301227927208,0.03603510186076164,-0.006666184868663549,-0.23392744362354279,0.05988330394029617,-0.0286270584911108,0.17383556067943573,0.16251736879348755,-0.08768854290246964,0.01587694324553013,0.07546079158782959,-0.005029761232435703,0.09678606688976288,0.12080351263284683,0.04357295110821724,0.1859796643257141,-0.04418585076928139,-0.0018656986067071557,0.026356032118201256,0.09606330096721649,0.036957599222660065,-0.04119006544351578,0.021694183349609375,-0.18308806419372559,-0.06007790565490723,0.007876815274357796,-0.03032715432345867,-0.038583192974328995,-0.03409891948103905,0.1294952929019928,-0.10160937160253525,-0.1429005265235901
-0.23293326795101166,-0.004655004478991032,0.05845731869339943,-0.3183656632900238,0.005833353381603956,-0.10712096095085144,0.27143242955207825,0.10428941249847412,0.09519500285387039,0.15504391491413116,-0.18650422990322113,0.04475480318069458,-0.0556769073009491,0.16051432490348816,-0.10485747456550598,0.007029297295957804,0.25790727138519287,-0.12467604875564575,-0.14533835649490356,0.2819574475288391,-0.03780665248632431,0.12455203384160995,0.08755850791931152,-0.16349530220031738,-0.13454878330230713,-0.18854200839996338,0.11046425998210907,0.17249061167240143,-0.06568241864442825,-0.025433983653783798,-0.24858501553535461,0.17887699604034424,0.05193982645869255,0.12020604312419891,0.10167419910430908,-0.1637451946735382,-0.011517384089529514,0.2589586079120636,0.04496224224567413,-0.05966711789369583,-0.2503339946269989,0.07874175161123276,-0.19512197375297546,-0.09052693843841553,-0.16861894726753235,-0.05636817216873169,-0.12242704629898071,-0.1610380858182907,0.1647997498512268,0.2092268466949463
-0.17149795591831207,0.10417765378952026,-0.002204183954745531,-0.19358430802822113,-0.2886708080768585,-0.020048346370458603,-0.05304732546210289,-0.03175482526421547,0.18463940918445587,0.07782959192991257,0.15105237066745758,0.22703954577445984,-0.14018161594867706,-0.13744397461414337,0.01574559696018696,-0.052657801657915115,-0.19986559450626373,-0.03425360098481178,-0.030984928831458092,0.035146038979291916,-0.2152133733034134,-0.024157406762242317,-0.19403988122940063,-0.08195810765028,0.08413973450660706,-0.17107628285884857,-0.06298723071813583,0.07970117777585983,0.042500611394643784,0.043268099427223206,0.04697548598051071,-0.31517916917800903,0.07045861333608627,0.21350951492786407,-0.09932297468185425,0.22674190998077393,0.1916167140007019,-0.1909707635641098,-0.1562448889017105,0.16083596646785736,0.05731230229139328,0.024557312950491905,0.15451034903526306,-0.04605266451835632,0.013628141023218632,0.18038006126880646,0.13176384568214417,0.06861534714698792,0.07994197309017181,-0.07622765004634857
-0.07604619115591049,-0.0865144208073616,0.02936529368162155,0.05654050037264824,0.0048352135345339775,-0.04775979742407799,-0.17358353734016418,0.08073902130126953,-0.2756739556789398,0.12808583676815033,0.05668214336037636,-0.08432798087596893,0.201545849442482,0.0007516414043493569,0.26273131370544434,-0.0310694370418787,-0.13624867796897888,-0.010341459885239601,-0.1708850860595703,-0.08457411825656891,0.1558176428079605,-0.2924190163612366,0.13468661904335022,0.020707925781607628,0.22034679353237152,-0.024375373497605324,0.16999606788158417,0.014426973648369312,0.42266011238098145,-0.17186979949474335,0.060945335775613785,0.12133891135454178,-0.07858319580554962,-0.14326417446136475,-0.15801642835140228,-0.12235642224550247,-0.008284465409815311,0.009909815154969692,0.2627004384994507,-0.17318010330200195,0.024176040664315224,0.013662326149642467,0.032507844269275665,-0.018938783556222916,0.09373548626899719,0.18079066276550293,-0.11988625675439835,0.0607319138944149,-0.28270846605300903,-0.1791607290506363
0.12027101218700409,-0.07400967180728912,0.0814933255314827,0.11256693303585052,-0.026336168870329857,0.1794271618127823,0.21995200216770172,-0.13105864822864532,-0.24921682476997375,-0.11329121887683868,-0.05139356479048729,-0.09306741505861282,-0.01393775176256895,-0.005184519104659557,0.08138220012187958,0.17833968997001648,-0.23140019178390503,-0.021288761869072914,0.12012675404548645,0.000788215606007725,0.03973126411437988,0.19738587737083435,-0.08250866830348969,0.20870551466941833,0.0963253304362297,0.02726426161825657,0.052751827985048294,0.1272072196006775,-0.07606205344200134,0.04645610228180885,0.06592157483100891,0.036868900060653687,0.07236144691705704,-0.23984529078006744,-0.16755707561969757,0.19261154532432556,-0.09112771600484848,-0.03266076743602753,-0.163335919380188,0.19041389226913452,0.08684718608856201,-0.006943682208657265,0.2046404927968979,-0.11824101954698563,-0.15159673988819122,-0.07731828093528748,-0.03343363478779793,0.1873583197593689,0.15694430470466614,-0.021422576159238815
-0.0808202251791954,-0.1400381475687027,0.030398499220609665,-0.25942572951316833,0.16085246205329895,0.02061755582690239,-0.15565909445285797,-0.2278226613998413,-0.06717803329229355,0.19927401840686798,-0.1669715791940689,0.012854012660682201,-0.16261811554431915,-0.18803992867469788,0.016560198739171028,0.22884148359298706,-0.19032299518585205,0.2451598197221756,-0.011963688768446445,0.01658608578145504,-0.17837490141391754,-0.017632395029067993,-0.21938972175121307,0.04972163587808609,-0.14443621039390564,0.14330440759658813,0.06697303801774979,0.07372958958148956,0.11244776099920273,-0.1258537918329239,0.11855611950159073,0.004003837238997221,-0.007738644257187843,-0.20649366080760956,0.14883637428283691,0.25441601872444153,-0.107593834400177,0.1979890912771225,0.06907989084720612,0.2140055149793625,-0.025952327996492386,0.12897028028964996,-0.09091920405626297,-0.14528170228004456,0.16436031460762024,-0.020314930006861687,0.19281703233718872,-0.004010526929050684,0.24367937445640564,-0.012738365679979324
0.013942142017185688,0.14465560019016266,-0.053090114146471024,0.0341201089322567,-0.02577844448387623,-0.1623387187719345,0.0180821493268013,0.030101099982857704,-0.06379560381174088,-0.06007621809840202,-0.08430201560258865,-0.06407982110977173,-0.1619866043329239,0.0945105031132698,-0.1978774219751358,-0.08200689405202866,-0.16691185534000397,0.22095613181591034,0.2544741928577423,-0.08058813959360123,-0.06358502805233002,-0.016271967440843582,-0.19709248840808868,0.09550216794013977,-0.17804613709449768,0.036629628390073776,0.08469076454639435,0.018689922988414764,0.14514707028865814,-0.11226308345794678,0.058024998754262924,-0.012314296327531338,-0.2568073570728302,0.12337642163038254,-0.06611310690641403,0.12610357999801636,0.23458422720432281,0.1428157538175583,-0.04762943089008331,0.12995481491088867,0.2353581041097641,0.18101291358470917,0.08200827240943909,0.018732955679297447,0.059845220297575,0.1213773712515831,0.09486039727926254,0.04795663431286812,-0.20566487312316895,0.020205946639180183
-0.0991528332233429,0.0038234558887779713,-0.018696917220950127,-0.11703198403120041,-0.19352228939533234,-0.24878665804862976,0.0751786157488823,0.001705879345536232,0.04923238977789879,-0.11980602145195007,0.1297885626554489,-0.08322294056415558,-0.2646241784095764,-0.12339727580547333,-0.17330849170684814,0.019594155251979828,0.14107804000377655,0.05478759855031967,-0.1766968071460724,-0.11871466785669327,-0.0393831841647625,0.20588615536689758,-0.1884443312883377,0.0453774593770504,0.3097003102302551,0.0049332813359797,0.07119369506835938,0.020317161455750465,-0.015603355132043362,0.06517387926578522,0.1571231335401535,0.15988357365131378,0.0860135555267334,0.033010318875312805,0.09938979893922806,-0.022746415808796883,-0.10232921689748764,0.07133550196886063,0.011875673197209835,0.031132543459534645,0.24603351950645447,0.09093335270881653,-0.29400399327278137,0.04468809440732002,0.008207341656088829,0.11070307344198227,-0.2918127477169037,-0.3112519681453705,0.09988264739513397,0.1116841658949852
-0.21580341458320618,-0.12249821424484253,-0.0676388069987297,0.04977244511246681,-0.3455893397331238,-0.18711161613464355,0.1578017622232437,-0.1954084038734436,0.06663243472576141,-0.05290376767516136,0.08442072570323944,-0.05211903527379036,0.04444066807627678,0.13573625683784485,-0.036014363169670105,0.30242931842803955,0.0932377427816391,-0.26979273557662964,0.004208113998174667,-0.11451051384210587,-0.10748694837093353,-0.22147920727729797,0.015601336024701595,0.005775578785687685,0.25376096367836,0.162006214261055,0.13398414850234985,-0.15641513466835022,-0.05357249453663826,0.10756351053714752,-0.012179732322692871,0.23029887676239014,-0.15705585479736328,0.015383248217403889,0.06760057806968689,-0.1987888514995575,-0.0002426724968245253,0.0012026786571368575,-0.009152181446552277,-0.1127508133649826,0.13925549387931824,-0.07543832063674927,-0.05889028310775757,0.22977706789970398,-0.35450732707977295,-0.10903535783290863,-0.053191445767879486,-0.13949528336524963,-0.07671263813972473,0.1838936060667038
0.12905672192573547,0.08432284742593765,0.24736468493938446,-0.19537784159183502,0.003502988489344716,-0.12034673988819122,-0.3010351061820984,-0.1871449202299118,0.10033046454191208,-0.250945121049881,0.0662941038608551,-0.16229207813739777,0.08315481245517731,0.1778971403837204,0.12924236059188843,-0.06473144143819809,0.06060411408543587,-0.14109638333320618,0.06977153569459915,0.06492876261472702,0.07798135280609131,-0.08277150988578796,-0.028675256296992302,0.016796017065644264,-0.06786223500967026,-0.06638485938310623,-0.12595589458942413,-0.12602627277374268,0.015755092725157738,-0.20468854904174805,0.25230106711387634,-0.08000726252794266,0.012563459575176239,-0.1560453474521637,-0.11671444773674011,-0.06443993002176285,-0.018733926117420197,-0.011665363796055317,-0.019394341856241226,-0.14038562774658203,0.18478776514530182,-0.044873904436826706,0.14192596077919006,-0.07878734916448593,0.23004020750522614,-0.2028229981660843,-0.03834833204746246,-0.01795942895114422,-0.07391218841075897,-0.2529122233390808
0.06277491897344589,-0.07071416079998016,-0.14543858170509338,0.01666269823908806,-0.3217718303203583,-0.06159038841724396,0.0024363521952182055,-0.07566246390342712,-0.12814173102378845,-0.23682935535907745,0.2838898003101349,0.0545523427426815,-0.08516526967287064,-0.058424871414899826,-0.1395852267742157,0.023912256583571434,0.13766643404960632,0.09159145504236221,0.08263999968767166,0.06466186791658401,-0.12157057970762253,0.05051709711551666,0.11309168487787247,0.11698976904153824,0.1829681545495987,-0.10210471600294113,-0.16942337155342102,0.028246330097317696,-0.3455190658569336,-0.0973772257566452,0.05410265177488327,-0.07073388993740082,0.11490105837583542,-0.054738469421863556,-0.25051143765449524,-0.1743718385696411,0.010945641435682774,-0.005575074348598719,-0.09819859266281128,0.1304776668548584,-0.27190685272216797,0.20396949350833893,0.25459909439086914,-0.23615986108779907,0.0032987052109092474,0.08469349145889282,0.23750977218151093,-0.08058256655931473,0.06207218021154404,-0.036697786301374435
-0.08031339943408966,-0.0218470711261034,0.09054118394851685,-0.08682121336460114,0.0065817516297101974,0.08625255525112152,-0.05818215757608414,-0.09976085275411606,0.13615478575229645,-0.14054648578166962,-0.04338739067316055,0.09914533793926239,-0.15374979376792908,-0.13848328590393066,-0.11757157742977142,0.011920306831598282,-0.12312325835227966,-0.07931043207645416,0.14211900532245636,0.15937504172325134,0.16472433507442474,0.045142754912376404,-0.2870315909385681,-0.050517164170742035,0.054358117282390594,0.00953950546681881,-0.06861452013254166,-0.05656649172306061,0.04977112263441086,0.031328581273555756,0.1671101152896881,-0.266289621591568,0.008593828417360783,-0.21317729353904724,0.1704162210226059,0.22120767831802368,-0.048060543835163116,0.3574380874633789,0.0801408439874649,-0.1002034991979599,0.14104941487312317,0.09656272828578949,-0.13033169507980347,-0.1910306215286255,-0.11115404218435287,-0.04011359438300133,0.059514369815588,-0.2864777445793152,0.10825137794017792,-0.11966581642627716
-0.16776087880134583,0.000738870061468333,0.1473298966884613,0.09959081560373306,-0.17488601803779602,-0.019480025395751,-0.11579948663711548,-0.05070627108216286,-0.10878939181566238,-0.05783098563551903,0.0951162651181221,0.02867010049521923,-0.03702549263834953,0.07831865549087524,-0.015351390466094017,-0.22038301825523376,-0.33638128638267517,0.15839634835720062,0.12039120495319366,0.09169742465019226,-0.008260076865553856,-0.0011806617258116603,-0.01840020902454853,-0.14093393087387085,0.15890410542488098,-0.16083109378814697,0.07677428424358368,0.3078095018863678,-0.03290769085288048,-0.03891104459762573,0.31880494952201843,-0.2661186158657074,0.15934965014457703,0.030504846945405006,-0.21190060675144196,0.2861255705356598,0.032342202961444855,-0.025773871690034866,0.05928078666329384,0.15597748756408691,-0.1753939986228943,0.14348576962947845,0.24422582983970642,-0.45906975865364075,-0.04163553938269615,-0.032639242708683014,-0.10927487909793854,-0.16042347252368927,-0.1573457419872284,0.07891020178794861
0.19332760572433472,0.17472442984580994,-0.17651940882205963,0.059660904109478,-0.39587894082069397,0.20995543897151947,0.21745645999908447,-0.13827747106552124,0.11760401725769043,-0.05336829274892807,0.0834263488650322,-0.05797749385237694,-0.014430743642151356,0.049910228699445724,-0.09012002497911453,-0.08962737768888474,0.07130974531173706,0.07289650291204453,-0.22230221331119537,-0.1848164200782776,-0.07630611956119537,0.057824987918138504,0.01871383748948574,-0.08360233902931213,0.11748404055833817,-0.10832303017377853,-0.20343954861164093,0.014573842287063599,0.029702164232730865,0.07081080228090286,0.18639153242111206,-0.17984698712825775,-0.07757019251585007,0.25405436754226685,-0.028042616322636604,0.0023291953839361668,-0.2327491194009781,-0.0003290277672931552,-0.04656965285539627,-0.06974104046821594,-0.07334818691015244,0.2735496759414673,0.04596801474690437,-0.2775123417377472,0.05084018409252167,-0.11704301834106445,-0.14014515280723572,0.14868618547916412,0.11673355102539062,-0.05255091190338135
-0.23009644448757172,0.24731120467185974,-0.06534036993980408,0.1595870405435562,-0.1961396187543869,0.08347054570913315,0.06141289696097374,-0.3048683702945709,0.006535328458994627,0.10492558777332306,0.008402412757277489,-0.15345238149166107,-0.0842527449131012,-0.11117158085107803,-0.0013925543753430247,-0.0866229310631752,0.03897831216454506,-0.09407209604978561,0.2724013030529022,0.04350070655345917,-0.23448459804058075,-0.08970794081687927,-0.035194236785173416,0.10319675505161285,-0.04410624876618385,-0.13079218566417694,-0.0010294639505445957,-0.2001321166753769,-0.16865086555480957,0.23799382150173187,0.07739002257585526,-0.11298607289791107,0.005259199533611536,0.02174428291618824,-0.04006553813815117,0.016768071800470352,-0.10182163864374161,0.08779925107955933,-0.07333000004291534,0.007470243610441685,0.15290567278862,-0.2321576625108719,0.12691496312618256,0.004499896429479122,0.1058206707239151,0.19881431758403778,0.02155487611889839,0.08400532603263855,0.20982831716537476,-0.09414923191070557
-0.1458301991224289,0.0032781679183244705,0.37297677993774414,0.095504030585289,-0.32560107111930847,0.04760003089904785,0.05629990994930267,-0.0011902840342372656,-0.017182335257530212,-0.09436141699552536,-0.04576798528432846,0.12867030501365662,-0.06357631087303162,-0.018180852755904198,0.20288825035095215,-0.14783307909965515,-0.023385465145111084,-0.20388874411582947,0.010334748774766922,-0.2364036589860916,-0.06164289265871048,-0.2471596598625183,0.1795237511396408,0.0318094864487648,-0.14708778262138367,-0.1617433875799179,0.022625213488936424,0.31992214918136597,0.2010415494441986,-0.027798078954219818,-0.08023287355899811,-0.2584640383720398,-0.007892537862062454,0.11443591862916946,-0.24787548184394836,-0.25039252638816833,-0.329616904258728,-0.011726818047463894,-0.19893458485603333,0.02346675843000412,-0.22234229743480682,-0.027802446857094765,0.06544111669063568,-0.033990830183029175,-0.02632881887257099,-0.017495863139629364,-0.09111244976520538,0.1832195371389389,-0.1581421047449112,0.07122631371021271
0.2850269377231598,-0.23715730011463165,-0.1102561429142952,0.019493285566568375,0.1294904202222824,0.0300544872879982,0.21571573615074158,-0.04260031133890152,0.06538679450750351,-0.023834548890590668,0.28674882650375366,0.111130490899086,0.08452586829662323,0.14142157137393951,-0.11406346410512924,-0.07843287289142609,0.2332238405942917,0.03747422620654106,0.029788319021463394,0.133921816945076,-0.03580262139439583,-0.07930831611156464,0.21223153173923492,-0.11989234387874603,-0.2734636068344116,-0.18686729669570923,-0.2172735333442688,-0.028098423033952713,-0.014944483526051044,-0.05649943649768829,-0.15948034822940826,0.013100988231599331,0.08720587939023972,-0.061097025871276855,-0.009434368461370468,-0.01843014359474182,-0.0744231566786766,-0.13059306144714355,-0.16578082740306854,0.1282130777835846,0.08800345659255981,0.044428423047065735,0.023009242489933968,0.23151257634162903,-0.26717665791511536,0.28918513655662537,-0.03443122282624245,0.05302031338214874,0.12157392501831055,0.03743969649076462
-0.03263038769364357,0.06580236554145813,-0.24067255854606628,-0.16721133887767792,0.11430275440216064,0.16063302755355835,0.16773462295532227,-0.04089978337287903,0.14484478533267975,-0.04326465353369713,-0.017032481729984283,0.24406692385673523,-0.05210944265127182,0.045552145689725876,-0.024121012538671494,0.22398805618286133,-0.15227439999580383,0.0657096803188324,-0.1558762490749359,-0.09648929536342621,0.1103048175573349,0.13996994495391846,-0.16740073263645172,-0.12206649780273438,-0.1961899846792221,0.092396579682827,0.004266958683729172,0.020770959556102753,0.018192611634731293,-0.04139859601855278,0.03682783618569374,0.1648472398519516,0.039512209594249725,-0.02018558606505394,0.07025589048862457,-0.020104272291064262,-0.10342025756835938,-0.14020514488220215,0.1318565309047699,-0.10295956581830978,-0.1471194475889206,-0.24728722870349884,0.015303353779017925,-0.06430602073669434,0.11678426712751389,0.025653602555394173,0.11233939230442047,0.001653832383453846,-0.014788535423576832,-0.1518477350473404
0.10205570608377457,0.2889881730079651,-0.04437626898288727,-0.050785042345523834,-0.07746187597513199,0.14200550317764282,0.20129384100437164,-0.039087194949388504,-0.01665380410850048,-0.1561204493045807,0.06848456710577011,-0.21597841382026672,0.20480585098266602,0.21524429321289062,-0.2892325222492218,0.20299816131591797,0.033715929836034775,-0.08391647040843964,0.20118451118469238,0.12958934903144836,0.09359479695558548,-0.013750007376074791,-0.016867676749825478,-0.13557066023349762,0.004817160777747631,0.24622337520122528,-0.10366804897785187,-0.04681472107768059,0.1611403077840805,-0.03746837005019188,-0.045599620789289474,0.10674223303794861,0.05249190703034401,-0.20096005499362946,-0.18636374175548553,0.03214539960026741,0.03630548343062401,0.01669822260737419,-0.11094677448272705,-0.04503270983695984,0.030733434483408928,0.026583833619952202,-0.022480037063360214,-0.11327480524778366,-0.22540436685085297,-0.06873752921819687,-0.09982224553823471,-0.15965355932712555,-0.08713053911924362,-0.022623056545853615
0.06375950574874878,-0.0007554861949756742,0.05563511699438095,0.253266841173172,0.18708114326000214,-0.073127880692482,-0.1854906529188156,0.26280057430267334,-0.16769009828567505,0.10865559428930283,-0.11691585183143616,-0.023545369505882263,0.08613798767328262,0.10786202549934387,0.21440885961055756,0.05743997544050217,-0.15478309988975525,0.17637747526168823,-0.38209789991378784,0.1645336151123047,-0.05486716330051422,0.047343965619802475,0.15302900969982147,0.13430996239185333,-0.06682336330413818,0.022920258343219757,-0.09752930700778961,0.024636615067720413,0.0122344009578228,-0.012963982298970222,-0.022444289177656174,0.10695645958185196,-0.11456091701984406,0.00737589318305254,0.11529663950204849,-0.2055061012506485,0.04825161024928093,-0.08286375552415848,-0.03917304426431656,0.12155845761299133,-0.08264628797769547,-0.30429863929748535,0.05441071093082428,0.20879730582237244,0.14349281787872314,0.07280513644218445,0.01673000305891037,0.0967547819018364,-0.1609223484992981,0.12903200089931488
0.07109449058771133,-0.007499719969928265,0.30169329047203064,-0.059401851147413254,-0.041385993361473083,-0.2802276909351349,-0.056330133229494095,-0.13194707036018372,0.11134365946054459,0.04942614585161209,0.22760413587093353,-0.0375513955950737,-0.13977664709091187,0.02554534375667572,0.2230982780456543,-0.21247293055057526,0.05312606319785118,-0.0887388214468956,-0.07110502570867538,0.1489119529724121,-0.16884835064411163,-0.2623419165611267,0.13156144320964813,-0.011059820652008057,0.030805183574557304,-0.13253459334373474,0.13787615299224854,-0.21216122806072235,-0.1021033525466919,-0.025337867438793182,-0.04764842614531517,-0.02124187909066677,0.24290761351585388,0.15899963676929474,0.22635088860988617,0.0740506649017334,-0.03564899414777756,0.23658829927444458,-0.07600168138742447,-0.06269649416208267,-0.11891588568687439,0.011256206780672073,0.06713074445724487,-0.005533290561288595,0.1358538717031479,0.12365204095840454,-0.24408277869224548,0.06666500121355057,-0.15509045124053955,0.13391762971878052
-0.05738949775695801,-0.006404942367225885,0.011045444756746292,0.03042413294315338,0.010614686645567417,-0.10686110705137253,-0.014811282977461815,0.12838652729988098,0.047378528863191605,-0.1842612326145172,-0.18851004540920258,-0.0424468033015728,0.18547245860099792,0.0731346532702446,-0.19547761976718903,0.0008951755589805543,-0.0064286417327821255,0.21253666281700134,-0.09526900202035904,0.16942034661769867,0.2477063536643982,-0.10966148227453232,0.2045520544052124,0.05556974560022354,-0.11365308612585068,-0.16902059316635132,-0.23768295347690582,-0.2920536398887634,0.023698225617408752,-0.13157498836517334,0.042186956852674484,-0.09107359498739243,0.05187797546386719,0.007601558230817318,0.15378980338573456,0.1804742068052292,-0.18482737243175507,-0.10892446339130402,-0.24635477364063263,0.09986793994903564,0.04565199464559555,-0.17097832262516022,-0.3158111870288849,0.20890040695667267,-0.33576735854148865,-0.30090057849884033,0.08991836756467819,-0.35459592938423157,0.06414388865232468,0.2235904484987259
0.1466657519340515,0.0727672278881073,-0.1366475373506546,-0.17441728711128235,0.14654743671417236,0.16611118614673615,0.07726028561592102,-0.06533849239349365,-0.15853559970855713,0.132029727101326,0.0077705285511910915,0.2994900047779083,0.006698800250887871,0.14613042771816254,-0.1970500648021698,-0.18198369443416595,-0.13499557971954346,-0.2989251911640167,-0.1906256377696991,-0.08835145831108093,0.12017548829317093,-0.004120470490306616,-0.23411139845848083,0.015584196895360947,0.26781392097473145,0.0056320796720683575,0.18425352871418,0.15544666349887848,0.0579230897128582,-0.03832261264324188,0.057249993085861206,0.10858325660228729,0.009674510918557644,0.03829977661371231,-0.06576696038246155,0.18000689148902893,-0.23396062850952148,-0.03757229447364807,0.08329760283231735,-0.0222639013081789,0.04454391077160835,-0.17546677589416504,-0.02025713212788105,-0.01823541522026062,0.055425141006708145,0.003613534616306424,-0.08011934906244278,0.07850386202335358,0.16385570168495178,-0.02215145342051983
0.07030165940523148,-0.20681147277355194,0.1565374881029129,0.14447101950645447,0.22780685126781464,0.028112098574638367,-0.22749106585979462,-0.06201529502868652,0.30562859773635864,0.04101145267486572,-0.018016550689935684,0.09949776530265808,-0.27656662464141846,0.01938506029546261,-0.2192639261484146,0.004840273875743151,0.15537956357002258,0.13002640008926392,0.00016236043302342296,0.03800239413976669,-0.08128277212381363,0.050666384398937225,0.007588895037770271,-0.08100905269384384,-0.21024872362613678,-0.0719006136059761,0.060045432299375534,-0.13784822821617126,-0.0834704041481018,0.028411777690052986,0.04975789785385132,-0.23635347187519073,0.13408957421779633,0.015300900675356388,0.36280137300491333,-0.04240621626377106,0.11930173635482788,-0.22498148679733276,-0.16044913232326508,-0.06494365632534027,-0.07136628776788712,-0.15176710486412048,0.28980550169944763,-0.03664951026439667,0.21504734456539154,0.26053187251091003,-0.02039746195077896,-0.11245845258235931,0.16054250299930573,-0.06241610273718834
0.24313470721244812,-0.021339837461709976,-0.17626947164535522,0.0627177283167839,0.02447393350303173,0.3380075693130493,-0.20674271881580353,-0.06524251401424408,-0.2864343225955963,-0.036783427000045776,-0.25281259417533875,-0.3129845857620239,-0.06641901284456253,-0.11653662472963333,-0.052296530455350876,-0.16320285201072693,0.15863481163978577,-0.14011313021183014,-0.16467517614364624,-0.03376888111233711,0.12178892642259598,0.16190868616104126,0.08666510134935379,0.12676353752613068,-0.253351628780365,0.04255305603146553,-0.041551373898983,0.013984538614749908,0.3166779577732086,0.06168853119015694,0.2862894535064697,-0.2155018299818039,0.11783122271299362,-0.1862724870443344,-0.05133760720491409,-0.06593923270702362,-0.21612951159477234,-0.1384153962135315,0.04985731467604637,-0.2375602126121521,0.22815728187561035,0.12456429749727249,-0.03366249054670334,0.1167372316122055,-0.17192988097667694,-0.269813597202301,-0.11292386054992676,-0.04638490825891495,0.1871030032634735,0.037057798355817795
-0.12358160316944122,0.08129018545150757,0.18437756597995758,0.23453542590141296,-0.13033704459667206,0.08851354569196701,0.14326195418834686,-0.053060345351696014,0.046993810683488846,0.055722374469041824,0.052169911563396454,0.2695046365261078,0.02340877428650856,-0.08964977413415909,0.08814387023448944,-0.15049590170383453,-0.18686111271381378,-0.08565123379230499,0.0023977963719516993,-0.2750466763973236,-0.008774630725383759,-0.15086382627487183,-0.12222078442573547,-0.14846952259540558,0.18707145750522614,-0.08463940024375916,0.012785542756319046,0.22504892945289612,0.04254837706685066,-0.1739751547574997,-0.23401238024234772,0.07741744071245193,0.04278615489602089,-0.12147256731987,0.012903289869427681,-0.25543826818466187,-0.05994030833244324,0.17540974915027618,0.12680475413799286,0.11983028799295425,-0.04299778491258621,0.0918646827340126,0.026331255212426186,-0.08258762210607529,-0.13842308521270752,0.16507184505462646,0.07076247036457062,0.2143125683069229,-0.3368009626865387,-0.10330063849687576
-0.018465949222445488,0.14489558339118958,-0.11517462134361267,-0.06307607889175415,0.0026671048253774643,-0.15829278528690338,0.10080976039171219,-0.08787012100219727,-0.12534435093402863,0.08467137068510056,-0.05636182054877281,0.19515809416770935,0.09542494267225266,-0.003830293659120798,-0.05760284140706062,0.17809247970581055,-0.04814008250832558,-0.28319528698921204,0.2837662100791931,-0.08869121223688126,-0.07403314113616943,-0.11431463807821274,-0.004635963123291731,0.01612703874707222,0.4486455023288727,-0.000787320313975215,0.244599848985672,-0.068442203104496,0.023240724578499794,0.14882609248161316,0.05147145316004753,0.14970673620700836,-0.14667297899723053,-0.1828402429819107,-0.28733009099960327,-0.046931274235248566,-0.06931733340024948,-0.05706989765167236,-0.007157477550208569,0.009971357882022858,0.12271764874458313,0.18381628394126892,-0.3855958580970764,0.22733847796916962,0.17035332322120667,-0.14632967114448547,-0.0034184593241661787,0.17243817448616028,-0.33857032656669617,-0.17485813796520233
-0.12909212708473206,0.3268146514892578,-0.0744234174489975,0.19863146543502808,0.22730179131031036,0.0935884639620781,0.05839963257312775,0.19038063287734985,0.13677020370960236,-0.12588664889335632,0.07079250365495682,0.038452714681625366,0.0006016273982822895,-0.03005193918943405,-0.17762279510498047,-0.010931042954325676,0.06295573711395264,-0.1467161327600479,-0.02604443021118641,-0.04887806251645088,-0.22979013621807098,-0.21972492337226868,-0.010144303552806377,-0.0414249487221241,0.032464995980262756,0.031880903989076614,0.3116915822029114,0.06449467688798904,0.19427572190761566,0.17629002034664154,-0.0242081880569458,-0.017536088824272156,0.0165368914604187,-0.053036924451589584,-0.15478385984897614,0.17111992835998535,-0.06352479755878448,0.2186732441186905,-0.045037105679512024,0.050388358533382416,0.02483312226831913,0.02973700314760208,-0.13983342051506042,0.15774162113666534,-0.10139687359333038,0.07616312056779861,0.15444634854793549,0.03123624250292778,-0.23833131790161133,0.30142655968666077
-0.017574070021510124,0.322816401720047,0.02283807471394539,0.10884743183851242,0.014191938564181328,-0.24729779362678528,0.04792679101228714,-0.07708865404129028,0.09862488508224487,-0.18179243803024292,-0.07584730535745621,0.11800099164247513,-0.024727266281843185,0.18777476251125336,0.058468639850616455,-0.2696910798549652,-0.02325906790792942,-0.10436848551034927,-0.04101107269525528,0.10298670828342438,-0.04505923390388489,0.04342043772339821,0.0012121940962970257,-0.05961500108242035,0.016500215977430344,-0.049561984837055206,0.2807843089103699,0.008199525065720081,-0.16623789072036743,0.2567369043827057,-0.2064642459154129,0.3198451101779938,0.06284133344888687,0.025285545736551285,0.13389550149440765,-0.1374642550945282,0.05786791443824768,0.019260598346590996,-0.07292017340660095,0.1445162296295166,0.04052843153476715,-0.14937007427215576,0.03260897845029831,0.06822840124368668,0.08454545587301254,0.09127496927976608,0.07149729132652283,-0.1787198930978775,-0.011539647355675697,-0.09344634413719177
0.06956548988819122,-0.11062946170568466,0.0068159690126776695,0.1781105101108551,-0.05453573912382126,0.19631142914295197,0.10289201140403748,0.27209141850471497,-0.15426059067249298,0.005497131962329149,0.057123638689517975,-0.11692357063293457,-0.15792585909366608,0.2726958394050598,0.17122092843055725,0.05943332239985466,-0.11206401884555817,-0.02243407629430294,-0.2019520103931427,-0.034824784845113754,0.1039566621184349,0.06442240625619888,-0.03379927575588226,0.027047138661146164,-0.08665204793214798,-0.12545599043369293,-0.026855837553739548,0.04714266210794449,0.11710184812545776,-0.10630828142166138,-0.060852836817502975,-0.17020289599895477,-0.21921689808368683,-0.1355179399251938,-0.2981433570384979,0.18705186247825623,-0.25704121589660645,-0.0347597636282444,-0.08853401243686676,0.13841786980628967,0.27011626958847046,-0.027283666655421257,0.11569863557815552,0.1249842643737793,-0.14994211494922638,-0.24103406071662903,0.07147735357284546,-0.018063822761178017,0.2056603580713272,-0.24734920263290405
0.05133576691150665,0.25962281227111816,0.2452210634946823,0.09271006286144257,0.026383543387055397,0.07331210374832153,0.188516765832901,0.08645236492156982,-0.04046207293868065,-0.002355265198275447,0.3107445240020752,-0.11683396250009537,-0.09851885586977005,-0.2270066738128662,-0.0639479011297226,0.03876541927456856,0.05996185913681984,-0.07293382287025452,0.197269469499588,-0.0378270223736763,-0.005242947023361921,-0.015827840194106102,-0.26102542877197266,-0.233717679977417,-0.12048043310642242,-0.07307524234056473,0.13472861051559448,0.14173345267772675,-0.016740165650844574,0.1074981614947319,-0.22530512511730194,0.017690906301140785,0.31510820984840393,-0.08088957518339157,-0.006318735424429178,0.07210157811641693,0.06218121200799942,-0.03958837315440178,-0.07272984087467194,0.006842234171926975,-0.008354068733751774,-0.010528746992349625,-0.08238585293292999,-0.18085256218910217,0.17244641482830048,-0.0008584769675508142,0.10858194530010223,0.28549572825431824,0.10111399739980698,-0.0195859894156456
-0.20491723716259003,0.4031789004802704,-0.008802812546491623,0.044818341732025146,0.21427832543849945,-0.06845422089099884,-0.02167154662311077,0.2786232829093933,-0.027852796018123627,0.10625484585762024,-0.20666973292827606,0.1911199390888214,-0.18824581801891327,0.012226044200360775,0.144167959690094,0.02260124683380127,-0.06573160737752914,0.1394602209329605,0.24495898187160492,0.04566869139671326,-0.2751352787017822,0.1114237830042839,-0.038662832230329514,-0.10552941262722015,0.14279277622699738,0.06603945791721344,0.13620346784591675,0.042512763291597366,0.28366947174072266,0.17052119970321655,-0.14442943036556244,-0.03584520146250725,0.11910179257392883,-0.07367945462465286,0.10293955355882645,0.13893958926200867,-0.008518976159393787,0.2110101580619812,0.11608768999576569,0.015421626158058643,-0.053409796208143234,-0.29703959822654724,-0.1210712194442749,0.17966248095035553,0.15129967033863068,0.1380954384803772,-0.12007571011781693,0.2606762945652008,-0.06809428334236145,0.00014348355762194842
-0.41342100501060486,0.05160903185606003,-0.045562632381916046,-0.3218756914138794,-0.10185703635215759,-0.3101109564304352,0.09495028108358383,0.07883890718221664,-0.026923688128590584,0.0964328870177269,-0.1203242689371109,-0.027815787121653557,-0.3145720362663269,-0.032537322491407394,0.09436235576868057,0.1761344075202942,0.06894763559103012,-0.10670337826013565,0.06662677973508835,-0.06381256878376007,-0.2518124282360077,0.18443720042705536,-0.0940733477473259,0.049514301121234894,-0.04030223935842514,0.1762167066335678,-0.07822663336992264,-0.2009841799736023,-0.3727751076221466,-0.10586585104465485,-0.22832521796226501,0.11262273043394089,0.035862743854522705,0.252189576625824,0.44592517614364624,-0.04231644794344902,0.2713176906108856,0.07224459201097488,-0.10800158232450485,0.12409093230962753,-0.05197138339281082,0.22561955451965332,0.2727396786212921,-0.19010314345359802,-0.022822735831141472,-0.04939640685915947,-0.13404569029808044,0.014902513474225998,-0.06506458669900894,0.12511736154556274
-0.23852038383483887,-0.1094561219215393,0.07718905806541443,-0.04966062679886818,-0.12275473773479462,-0.17632530629634857,0.03710735961794853,0.0027808300219476223,0.2225044220685959,0.001447506481781602,-0.04805454984307289,-0.08954934030771255,0.0011988355545327067,0.08642643690109253,0.29073208570480347,0.010724608786404133,0.07862555980682373,0.1121269166469574,0.24352674186229706,-0.1387934684753418,0.19597028195858002,0.05249043181538582,-0.2996019423007965,-0.0817098394036293,0.2424548715353012,0.36137041449546814,0.21927088499069214,-0.2548229396343231,-0.04361497238278389,0.01578066311776638,0.12932159006595612,-0.11296645551919937,0.053955815732479095,-0.15479645133018494,-0.07411722838878632,0.13624507188796997,-0.24579556286334991,-0.07594305276870728,-0.05871549993753433,0.011021431535482407,0.11389654129743576,0.23155918717384338,-0.15087370574474335,0.0519060343503952,0.14002567529678345,0.1255442202091217,0.046751540154218674,0.08243031054735184,-0.15194769203662872,-0.15641532838344574
-0.03907432779669762,0.054023776203393936,0.10418534278869629,0.038582026958465576,-0.14172406494617462,-0.05921018496155739,-0.08149448782205582,0.24260178208351135,0.11573989689350128,0.08754358440637589,-0.11956930160522461,-0.1451859176158905,0.17396248877048492,-0.007923426106572151,0.10579303652048111,0.06728114187717438,-0.12162623554468155,0.2622821629047394,0.008124529384076595,-0.06743417680263519,-0.1674213707447052,0.15304845571517944,0.21322734653949738,-0.11970237642526627,-0.25093990564346313,-0.14147621393203735,0.009141278453171253,-0.08103303611278534,0.2398562878370285,-0.037116821855306625,0.05043178051710129,0.10867863148450851,0.008098766207695007,-0.14286620914936066,-0.04196162149310112,0.06323166191577911,0.18888765573501587,-0.00871990155428648,0.13643448054790497,0.2635203003883362,-0.17746476829051971,0.24769185483455658,-0.11296035349369049,-0.15056748688220978,-0.005664498079568148,0.0879107415676117,-0.11704786121845245,0.0685139149427414,0.07320709526538849,-0.08025041222572327
0.09081569314002991,0.06977791339159012,0.07427246868610382,0.003136186860501766,-0.05930681899189949,0.2226354330778122,-0.0278143510222435,0.09289135783910751,0.08518026024103165,-0.17986729741096497,-0.004338279832154512,-0.07129331678152084,0.11161413043737411,-0.015457862988114357,0.35053953528404236,-0.10469252616167068,0.0810365155339241,-0.23053181171417236,-0.03191171586513519,-0.09814628213644028,-0.060202207416296005,-0.3302379250526428,-0.039638254791498184,0.03875315561890602,-0.08853752166032791,-0.0749775692820549,-0.07145212590694427,0.2520349323749542,0.21791060268878937,-0.10750232636928558,0.054630082100629807,-0.05308358743786812,-0.08234032243490219,-0.027608597651124,0.15781688690185547,0.039835505187511444,-0.036793675273656845,-0.060980696231126785,0.051537323743104935,0.035064488649368286,0.012378361076116562,-0.25701600313186646,0.21788612008094788,0.19284887611865997,0.20128078758716583,0.09534186869859695,0.09357450157403946,0.06565547734498978,0.11408498138189316,-0.1765211671590805
-0.07284799963235855,0.16401928663253784,-0.20384980738162994,0.013678272254765034,-0.024002140387892723,-0.02009674534201622,0.2845475971698761,0.18856680393218994,0.025753041729331017,0.12029952555894852,0.18886446952819824,0.006142635364085436,-0.15722686052322388,0.16574960947036743,-0.07765238732099533,-0.06779135763645172,0.10484226793050766,-0.23924501240253448,0.052790410816669464,-0.12994444370269775,-0.2343742400407791,-0.05838589370250702,-0.07799261063337326,-0.039640747010707855,0.11537615954875946,0.08669782429933548,-0.010317840613424778,-0.013486284762620926,0.1136687695980072,0.235569030046463,-0.0035791906993836164,0.30936434864997864,-0.055009111762046814,-0.11023901402950287,0.10184436291456223,-0.019319163635373116,-0.03888016566634178,0.2823909819126129,-0.2814292311668396,0.04666968062520027,-0.04854634031653404,0.012895855121314526,-0.20209674537181854,0.09884833544492722,0.3173106908798218,0.003055519424378872,0.018740810453891754,-0.24401365220546722,-0.2473534196615219,0.10835298895835876
