0.044430237263441086,0.06714950501918793,0.1473480761051178,-0.10347157716751099,0.16191168129444122,-0.044488850980997086,-0.06946831196546555,0.06650526821613312,-0.19828517735004425,0.03316306695342064,-0.07882905751466751,0.21155080199241638,0.0025867121294140816,0.0035151399206370115,0.17461515963077545,0.08790471404790878,0.23354367911815643,-0.20882710814476013,-0.05228089541196823,-0.28047361969947815,-0.04998774081468582,0.054986171424388885,-0.025557169690728188,0.055422183126211166,-0.0362970195710659,0.09265612065792084,-0.2041901797056198,-0.0745028704404831,0.00656261807307601,0.0552801713347435,0.061780896037817,-0.002559371991083026,-0.25709113478660583,-0.30552351474761963,0.06596846878528595,0.09496907144784927,-0.2461555004119873,0.01373517606407404,-0.3446541726589203,0.17345717549324036,-0.1370835155248642,-0.013908537104725838,-0.19708631932735443,-0.00754882674664259,-0.08201895654201508,0.13795864582061768,-0.07685984671115875,-0.00012600790068972856,-0.017934227362275124,-0.10266992449760437
-0.07029290497303009,-0.08352449536323547,-0.06559944897890091,-0.2816527187824249,0.20146812498569489,0.3148938715457916,-0.011207187548279762,0.3097320795059204,-0.1961331069469452,0.1945408433675766,-0.06731344014406204,-0.010555895045399666,-0.06819818913936615,0.05953357368707657,0.17090976238250732,0.16845767199993134,0.0968860536813736,0.15413545072078705,-0.19980856776237488,-0.06155580282211304,0.02311527542769909,-0.2437485158443451,-0.08101397007703781,0.08914852887392044,-0.11650771647691727,-0.13622556626796722,0.059577807784080505,-0.4623706638813019,0.050495292991399765,-0.22733408212661743,0.12188435345888138,-0.09397713094949722,-0.12561337649822235,0.15955568850040436,0.2550382912158966,0.20452061295509338,-0.0741693302989006,-0.1829073429107666,0.39775601029396057,-0.20841586589813232,-0.1919853836297989,0.026519253849983215,0.009755736216902733,-0.16129155457019806,-0.0760887935757637,0.12934523820877075,-0.2193996012210846,0.03860961273312569,0.045732367783784866,-0.06423148512840271
-0.07765024155378342,-0.14592820405960083,-0.28157666325569153,-0.2545390725135803,0.029944591224193573,-0.0813547745347023,-0.26908308267593384,0.17298874258995056,-0.13276591897010803,-0.12908564507961273,0.03460211306810379,0.1475272923707962,-0.04886181280016899,-0.0345887653529644,-0.019520794972777367,-0.19518126547336578,-0.11382792890071869,0.014981557615101337,0.05809731036424637,0.042375680059194565,0.03179183229804039,-0.07335975766181946,-0.1390075832605362,-0.10226593166589737,-0.01678243651986122,-0.1426195651292801,-0.08710123598575592,-0.064765065908432,-0.12742634117603302,0.07461905479431152,-0.12225667387247086,0.07124104350805283,-0.08466778695583344,0.12131082266569138,-0.24124279618263245,-0.002353292889893055,0.26411718130111694,-0.2836058735847473,-0.13974593579769135,-0.30475568771362305,0.09093382209539413,0.0007342810276895761,0.10341369360685349,0.30335357785224915,0.16181598603725433,-0.1190560832619667,-0.03085389919579029,-0.08974514156579971,0.12053006142377853,0.17987510561943054
0.01622721739113331,-0.13525520265102386,0.24313414096832275,-0.018715299665927887,0.04843835160136223,-0.07200761139392853,-0.05550875887274742,-0.057733163237571716,0.09005698561668396,-0.12361802905797958,0.10626669228076935,0.37134650349617004,0.1879083216190338,0.04075296223163605,-0.13587786257266998,-0.062393322587013245,0.07622916996479034,-0.05868667736649513,-0.09940510243177414,-0.01932898536324501,-0.10914469510316849,0.13591694831848145,-0.01386187318712473,0.28386327624320984,0.17805621027946472,0.04963327571749687,0.15800076723098755,0.10271808505058289,-0.2055213302373886,0.04858656972646713,-0.00037565315142273903,-0.10330519080162048,0.06396275758743286,0.2687055468559265,0.07018938660621643,-0.1403871774673462,0.15768864750862122,0.1076769158244133,-0.029691770672798157,-0.08933267742395401,-0.07144580036401749,0.1575021743774414,0.20869998633861542,0.3350711762905121,-0.011823656968772411,-0.09291210770606995,0.033994272351264954,-0.025214483961462975,0.05558938533067703,-0.07034974545240402
0.03914136812090874,-0.19020411372184753,-0.08754517883062363,-0.1955767422914505,-0.09816300123929977,-0.23859436810016632,0.03383764997124672,0.05167248100042343,-0.15987493097782135,-0.23101399838924408,-0.06547898799180984,-0.1543702334165573,0.1137867346405983,-0.06796599924564362,-0.31049299240112305,0.08732013404369354,0.01810048520565033,-0.07073470950126648,0.06112925708293915,-0.46027541160583496,-0.18595851957798004,-0.31126105785369873,0.1577664464712143,0.07289890199899673,0.056492045521736145,0.15874744951725006,-0.03428814187645912,-0.33770251274108887,0.30857527256011963,0.2845144271850586,-0.0035201155114918947,0.14847737550735474,0.1349887251853943,0.2586793303489685,0.20914699137210846,-0.1930408626794815,-0.010360357351601124,0.09364769607782364,0.09590225666761398,0.33068203926086426,-0.008718426339328289,-0.023674339056015015,0.10822555422782898,0.289244681596756,0.23970575630664825,0.018849723041057587,-0.007835092954337597,-0.199382022023201,0.009041027165949345,-0.09969191253185272
-0.25165992975234985,-0.12497083842754364,-0.00010904924420174211,-0.0076628015376627445,0.02818073146045208,0.0073752920143306255,0.13235855102539062,-0.0778244286775589,-0.02092471532523632,-0.09366977959871292,0.13233831524848938,0.05696507543325424,-0.09547802060842514,-0.017812486737966537,-0.2401268631219864,-0.008498169481754303,-0.10391491651535034,0.05695871636271477,0.21988774836063385,0.014151967130601406,-0.39967119693756104,0.2745279371738434,0.12353559583425522,-0.0938928872346878,0.25330233573913574,-0.22433854639530182,0.07649686932563782,0.030271397903561592,0.020600546151399612,0.11450056731700897,0.2910078465938568,0.15046755969524384,0.02455374039709568,0.2328188568353653,-0.06808853149414062,-0.25089916586875916,0.04315109923481941,-0.05425804853439331,-0.1785232126712799,0.21449214220046997,-0.013843274675309658,-0.21038492023944855,0.1575503945350647,0.37367144227027893,0.24047894775867462,-0.12513680756092072,-0.0045638601295650005,0.10038778930902481,-0.1350490003824234,0.20383642613887787
-0.08738869428634644,0.027688132598996162,0.11481485515832901,-0.05569037050008774,-0.14135326445102692,-0.08640126883983612,0.18282663822174072,0.02867276594042778,-0.02006549760699272,0.1272331029176712,-0.0839928537607193,0.08429280668497086,0.14144207537174225,-0.21548707783222198,-0.050434183329343796,0.10329460352659225,0.07274071127176285,0.13395214080810547,-0.16322767734527588,-0.05256491154432297,-0.16001027822494507,0.0958699956536293,-0.142222598195076,-0.07566764205694199,0.2454366236925125,0.13767191767692566,0.03387845680117607,0.09553229063749313,-0.04182597994804382,-0.18233104050159454,-0.18521693348884583,-0.029063118621706963,-0.0607086718082428,0.1416911482810974,0.05821944400668144,-0.08207661658525467,0.03953569382429123,-0.08884304016828537,-0.07437917590141296,0.06689517945051193,0.07713817059993744,0.08008115738630295,0.10215160995721817,0.23242853581905365,-0.018369583413004875,0.0554373599588871,-0.12426397204399109,0.00021677801851183176,0.06307633221149445,0.04110646992921829
-0.008942724205553532,-0.04431114345788956,0.12465552240610123,0.2796482443809509,-0.07248086482286453,-0.07334591448307037,0.021058637648820877,-0.06501464545726776,0.1901511251926422,-0.0791860967874527,0.046869874000549316,-0.1476488709449768,0.24230149388313293,-0.17316985130310059,0.3126955032348633,0.008122913539409637,-0.22553269565105438,-0.08214130997657776,0.08441497385501862,-0.01073374506086111,-0.18397390842437744,0.024739054962992668,0.006958598271012306,0.17823374271392822,0.11274109035730362,0.09665755182504654,-0.03419465944170952,0.002059097634628415,0.09173659235239029,0.02853592485189438,0.17489315569400787,-0.06433962285518646,-0.18435882031917572,0.19291751086711884,0.00930794607847929,0.2832065224647522,-0.18294724822044373,0.01339068915694952,-0.06955181807279587,0.015528188087046146,-0.09303399920463562,-0.10087928920984268,-0.21838779747486115,0.1693423092365265,-0.18004193902015686,0.06196121498942375,0.12628358602523804,-0.2052830159664154,-0.06305912137031555,-0.007763269357383251
0.10183320939540863,-0.0022885510697960854,-0.2620319724082947,0.07360437512397766,-0.010269345715641975,-0.13141749799251556,-0.17900331318378448,-0.08438166230916977,0.18183155357837677,-0.09699639678001404,0.012620591558516026,0.02576308138668537,-0.14980055391788483,-0.08612776547670364,-0.28208208084106445,-0.026524491608142853,-0.13935402035713196,0.03687640652060509,0.010931814089417458,0.10814686119556427,0.15492329001426697,-0.12461241334676743,-0.05987461656332016,-0.3024233877658844,0.2194841504096985,-0.041012268513441086,0.13051535189151764,-0.3058498203754425,0.1315055638551712,-0.028536133468151093,0.02956070564687252,-0.09957007318735123,0.08216819912195206,-0.02939668297767639,-0.15414462983608246,0.08512920886278152,0.17029456794261932,0.09252086281776428,0.02917955443263054,-0.28641456365585327,0.17264293134212494,-0.034601274877786636,0.10388141870498657,0.38666316866874695,0.07940126955509186,0.1588011384010315,0.023945080116391182,0.1442921757698059,0.023545384407043457,0.00031234382186084986
-0.049515366554260254,-0.0587054006755352,-0.18823587894439697,0.07304982095956802,-0.05762858688831329,-0.11475378274917603,0.06523541361093521,-0.21364103257656097,0.21425142884254456,0.04736633226275444,-0.10269449651241302,-0.037583593279123306,-0.20714713633060455,-0.06837516278028488,0.05486772209405899,-0.03531474247574806,0.24907249212265015,-0.057731375098228455,-0.03283970430493355,0.08483896404504776,0.08408059924840927,0.07869236916303635,0.144036665558815,-0.21913225948810577,-0.1465510129928589,0.022786833345890045,-0.11267992854118347,-0.26584020256996155,-0.29850107431411743,0.10616214573383331,-0.2202819138765335,0.27060893177986145,0.43464767932891846,-0.14338243007659912,-0.1805189847946167,0.17769484221935272,0.03766728192567825,0.02351432852447033,0.00033776002237573266,-0.0581107996404171,-0.009161149151623249,0.13714729249477386,-0.12075711041688919,0.20357471704483032,-0.1078539788722992,0.10666748136281967,-0.06752199679613113,-0.09254632890224457,-0.045933324843645096,0.0453917570412159
-0.005612969398498535,0.04632306471467018,0.015946384519338608,0.0007025034283287823,0.25645533204078674,-0.10762310028076172,-0.007436838466674089,-0.1300872415304184,-0.2564881145954132,-0.10703882575035095,-0.12436183542013168,-0.034653112292289734,0.02638583816587925,-0.1120821014046669,0.017627038061618805,-0.11048935353755951,0.0023720122408121824,0.20807388424873352,-0.18395771086215973,-0.024378536269068718,-0.051894985139369965,-0.013487736694514751,-0.04785507544875145,0.06883310526609421,0.029995284974575043,0.31216341257095337,-0.3219999372959137,-0.2964159846305847,0.2340576946735382,0.0698527991771698,0.1883702278137207,0.11598999798297882,-0.07607820630073547,0.28752776980400085,-0.15279588103294373,-0.11193186789751053,-0.07596127688884735,-0.031614746898412704,-0.05330049619078636,-0.04162688925862312,-0.056087978184223175,0.047898270189762115,-0.3267131447792053,0.18096670508384705,-0.04408225789666176,0.08913092315196991,-0.09355968981981277,-0.02511117421090603,-0.17814326286315918,-0.09802096337080002
0.11761186271905899,0.019342979416251183,-0.1816101372241974,-0.16452589631080627,0.08062118291854858,0.09590152651071548,-0.05017167329788208,-0.040682077407836914,-0.06371285766363144,0.22785787284374237,-0.23101356625556946,-0.04797358810901642,-0.14401821792125702,0.1508045643568039,0.23358406126499176,0.21745963394641876,-0.25459522008895874,0.02870045229792595,-0.16386014223098755,0.1041751354932785,0.0004307258641347289,-0.023446660488843918,0.06434831023216248,-0.08322750777006149,0.010187254287302494,-0.19438928365707397,0.09677107632160187,-0.021644873544573784,0.24337273836135864,0.014464633539319038,0.11914900690317154,-0.2701072096824646,0.24672280251979828,-0.08469852060079575,0.1708083152770996,0.23845694959163666,0.2914144694805145,-0.11291231960058212,-0.23029731214046478,0.07845412194728851,-0.05905637517571449,0.0356241874396801,-0.2029992640018463,-0.027268391102552414,0.12364868074655533,-0.1300053745508194,0.13811571896076202,0.023512914776802063,-0.07743736356496811,0.08577753603458405
-0.058948591351509094,-0.20115412771701813,0.13534153997898102,-0.05021623894572258,0.012383213266730309,-0.22842977941036224,0.03699827194213867,0.1417609453201294,-0.20776057243347168,-0.30084338784217834,0.054703760892152786,-0.07012473791837692,0.07737434655427933,0.1666773408651352,-0.09591297060251236,0.11957144737243652,-0.142071932554245,0.07526560872793198,0.14096614718437195,0.11338645219802856,-0.02546519972383976,0.08824454247951508,-0.07893453538417816,-0.04739375784993172,-0.0476120226085186,0.09914395958185196,-0.19991374015808105,-0.028291000053286552,0.1196984127163887,-0.16325661540031433,0.2598809003829956,-0.1002853661775589,-0.04359256103634834,-0.11391165107488632,-0.0038846738170832396,0.01808757893741131,-0.06478072702884674,0.0007441629422828555,-0.0051898108795285225,0.10321902483701706,0.0953015387058258,-0.0542977973818779,-0.09332145750522614,0.06806796789169312,0.06753954291343689,0.07768262177705765,-0.10256174951791763,0.0551404245197773,0.2082405984401703,-0.12283430993556976
0.04671831056475639,-0.23675958812236786,0.14543086290359497,0.031004130840301514,-0.11142420768737793,-0.15120789408683777,-0.04588153585791588,-0.1189064010977745,-0.05747271701693535,-0.12597967684268951,0.05073326826095581,-0.07758302241563797,0.22687293589115143,0.24040482938289642,0.1287548542022705,-0.048748280853033066,0.13968944549560547,-0.015997784212231636,0.13922052085399628,-0.14613637328147888,-0.025220751762390137,-0.18547788262367249,-0.19672039151191711,-0.3571414053440094,-0.1043146401643753,0.006703068967908621,-0.05953824892640114,0.09136145561933517,0.060976747423410416,-0.05643272027373314,0.20699438452720642,-0.025385543704032898,-0.21919137239456177,-0.1671602725982666,0.029986053705215454,-0.04305413365364075,-0.1474221795797348,0.08247654139995575,-0.01408217940479517,0.2678193151950836,0.11144077777862549,-0.32321497797966003,-0.24459774792194366,0.052526962012052536,-0.0658806785941124,0.011925042606890202,-0.025078147649765015,-0.02594057470560074,0.08405184000730515,-0.06635785847902298
0.04429108649492264,0.013249734416604042,0.1333158314228058,-0.010123543441295624,0.19215433299541473,0.03335629403591156,-0.15301446616649628,0.07108645886182785,-0.003640931099653244,-0.07935423403978348,-0.18134517967700958,-0.04954759031534195,0.06400560587644577,-0.3854738473892212,0.07164447754621506,-0.06976334005594254,-0.1712242066860199,0.19200114905834198,-0.006707744672894478,-0.2713984549045563,-0.09900782257318497,0.11192870885133743,0.23967409133911133,-0.004148225300014019,-0.10445553064346313,0.1799594759941101,-0.18382303416728973,0.018818804994225502,0.0614350363612175,0.03400640934705734,-0.02553059346973896,0.09842287749052048,0.08513052761554718,0.07108063995838165,0.3424188196659088,-0.1577046811580658,-0.0803818330168724,0.16660526394844055,-0.27670785784721375,-0.14004619419574738,-0.06315027177333832,0.008250536397099495,-0.0963408574461937,-0.01056110393255949,-0.17572154104709625,0.01324372086673975,-0.1336035132408142,0.06623370200395584,0.10258743166923523,-0.2562331557273865
0.02387223206460476,0.020150767639279366,0.1338273286819458,-0.13701950013637543,0.2307264506816864,-0.08191270381212234,0.1888340711593628,0.0010928959818556905,-0.2379988580942154,0.2799018323421478,-0.16926725208759308,0.019945353269577026,-0.12710800766944885,-0.0059296307153999805,-0.09265249967575073,0.06054336577653885,0.21068115532398224,0.03319166600704193,-0.042935676872730255,0.06271378695964813,-0.26323407888412476,-0.02179352007806301,0.0666879341006279,-0.11605412513017654,0.14699283242225647,0.004733262117952108,-0.13911475241184235,0.2572677433490753,0.16410741209983826,0.17363186180591583,0.13613250851631165,0.08006776869297028,-0.08055327087640762,0.059588540345430374,-0.0521945096552372,-0.12017514556646347,-0.10830802470445633,0.3114992380142212,0.09594269096851349,0.17433811724185944,-0.25549712777137756,-0.23814350366592407,0.06437920033931732,-0.03164191171526909,-0.02298969402909279,-0.06951498985290527,-0.06693902611732483,-0.050756435841321945,-0.3080381155014038,-0.1532706618309021
-0.035101260989904404,0.2531419098377228,-0.1027202233672142,-0.001405881717801094,0.1844474971294403,-0.026277704164385796,0.003992898389697075,-0.1015312597155571,0.038009367883205414,-0.06216803193092346,0.023554354906082153,-0.009719320572912693,-0.23740187287330627,0.07535085827112198,0.23291340470314026,0.0004624419962055981,0.11039033532142639,-0.12477191537618637,-0.0063394950702786446,-0.13492713868618011,-0.12258383631706238,0.106145478785038,-0.08367675542831421,-0.07670091837644577,-0.25716185569763184,-0.017358196899294853,0.07013574987649918,0.06122425198554993,0.018772006034851074,0.23957838118076324,-0.10155953466892242,-0.02339065819978714,0.233524888753891,0.015405754558742046,0.13481226563453674,-0.03049653396010399,0.06832674145698547,0.24767698347568512,0.0025490180123597383,-0.10599524527788162,-0.13342085480690002,-0.0035829884000122547,0.1007762923836708,-0.06465259194374084,0.14512942731380463,-0.04154297709465027,-0.0873173251748085,0.0720338523387909,0.10280179977416992,0.050572749227285385
-0.00711819576099515,0.06611555814743042,0.2613811492919922,-0.14528816938400269,-0.019278381019830704,0.15441718697547913,-0.06500529497861862,0.058931492269039154,-0.10763273388147354,0.003064688527956605,0.0975203886628151,-0.28351300954818726,-0.18606583774089813,-0.07122958451509476,-0.1895640641450882,-0.3262983560562134,0.2877209484577179,0.18797627091407776,0.1808895766735077,-0.14520227909088135,0.10261841118335724,-0.03798086568713188,0.12355612218379974,0.04608649015426636,-0.0817013680934906,0.08675456047058105,-0.08333605527877808,0.09893582761287689,-0.10824896395206451,0.30077481269836426,-0.024063516408205032,0.21799792349338531,-0.21052727103233337,0.0996377095580101,0.08121692389249802,0.09305611997842789,-0.20052506029605865,0.030170712620019913,0.09995696693658829,0.19035063683986664,0.10380255430936813,-0.17175501585006714,0.04920177161693573,-0.12710486352443695,0.016384633257985115,0.2319457232952118,-0.12206820398569107,0.05270004644989967,-0.1692442148923874,-0.10857976227998734
0.05843856558203697,-0.163871631026268,-0.08739038556814194,0.07518652826547623,-0.16323688626289368,0.2079974263906479,0.00981928315013647,-0.10495692491531372,-0.04621938243508339,-0.08616580814123154,-0.09437164664268494,-0.03175690025091171,0.09936303645372391,-0.027132272720336914,0.14415007829666138,0.048563405871391296,-0.32003873586654663,-0.09273813664913177,0.04182099923491478,-0.16065406799316406,-0.2569558620452881,-0.07353808730840683,-0.1062919870018959,-0.04890837147831917,0.17997728288173676,0.06270166486501694,0.18478178977966309,0.15036641061306,0.09883149713277817,-0.38326188921928406,0.3716628849506378,0.24798206984996796,-0.11295435577630997,0.05388670042157173,-0.026957614347338676,0.07436629384756088,0.07046449184417725,-0.0004261594149284065,0.060432106256484985,0.12256133556365967,-0.15708604454994202,-0.1981263905763626,-0.11266744881868362,-0.1039263978600502,-0.18069972097873688,0.09033633023500443,-0.10462582856416702,0.04930911958217621,0.14514368772506714,0.06287884712219238
0.043955523520708084,-0.08299892395734787,-0.045866210013628006,0.0936451107263565,0.14061586558818817,-0.06104021891951561,0.039692867547273636,-0.02198735438287258,-0.13642634451389313,-0.057001229375600815,-0.06058969721198082,0.05032654106616974,0.03213636204600334,-0.0794438049197197,0.044585082679986954,0.04180457070469856,-0.12419262528419495,0.0003032560634892434,-0.17299050092697144,0.1272740364074707,0.054312776774168015,-0.015900107100605965,-0.26819339394569397,-0.13729295134544373,-0.07449792325496674,-0.09872535616159439,0.10002066195011139,-0.0544186495244503,-0.04506761580705643,-0.10735423862934113,-0.07565755397081375,0.1476336419582367,-0.0046648625284433365,-0.19013017416000366,-0.047159593552351,0.29212522506713867,0.026426143944263458,-0.05674053356051445,-0.2349541336297989,0.05659520626068115,-0.15405812859535217,0.07823006808757782,-0.0770404115319252,-0.13946741819381714,-0.0396655909717083,0.17954951524734497,-0.016627535223960876,-0.34345027804374695,0.1607104241847992,-0.16572906076908112
-0.06476432085037231,-0.00028404276235960424,0.1879897266626358,-0.05476458743214607,0.05876213312149048,0.008971008472144604,0.08294633030891418,-0.19588877260684967,-0.3392445147037506,-0.2589889466762543,0.22539854049682617,0.11175385117530823,-0.09633594751358032,-0.30256348848342896,0.06941629201173782,-0.1114654392004013,0.1821746528148651,-0.1483783721923828,0.07808712869882584,-0.03642993047833443,-0.22090743482112885,0.05870438739657402,-0.08883317559957504,-0.1328316628932953,0.12018889933824539,0.1200893446803093,-0.3242915868759155,-0.11873260885477066,0.02738817036151886,0.12163230776786804,0.055530697107315063,-0.1894279569387436,0.039081234484910965,0.28043147921562195,0.16206106543540955,0.08485067635774612,-0.15212416648864746,-0.015803592279553413,0.04609149321913719,-0.016668016090989113,0.10109461843967438,0.17230108380317688,-0.36527523398399353,0.042428065091371536,-0.010090628638863564,0.19297845661640167,-0.2590293288230896,-0.16348649561405182,-0.11602415889501572,-0.1283532977104187
-0.006909060291945934,0.14900809526443481,-0.0032523716799914837,-0.01787828840315342,-0.19444455206394196,0.15549318492412567,-0.09384027868509293,-0.046682678163051605,0.04455713555216789,-0.04299495741724968,-0.008132359944283962,-0.1859073042869568,-0.02250722050666809,-0.049897097051143646,0.09078069776296616,0.0809079185128212,0.2128506600856781,0.16762147843837738,0.08431750535964966,0.02689344994723797,0.03768852725625038,0.09567108750343323,-0.029589951038360596,-0.013062288984656334,0.18692076206207275,0.03576657548546791,-0.09169004112482071,-0.044288214296102524,-0.17253173887729645,-0.0221149493008852,0.25300535559654236,0.12237408012151718,-0.10699276626110077,0.00297296023927629,0.1848382204771042,0.09977655857801437,0.11838166415691376,-0.14608260989189148,-0.020758336409926414,-0.05047749727964401,0.05518794059753418,0.11833097785711288,0.06029414385557175,0.027085954323410988,0.060281313955783844,0.03622995316982269,-0.006833041086792946,-0.29916930198669434,0.0023397845216095448,0.03314626216888428
-0.10346394777297974,0.12775255739688873,0.13904422521591187,-0.10617898404598236,-0.07289399951696396,0.14801964163780212,-0.14232835173606873,-0.08813193440437317,0.13282816112041473,0.07932208478450775,-0.06144294515252113,0.32874974608421326,-0.10978765785694122,0.03140270337462425,-0.11810494214296341,0.061068616807460785,-0.10506497323513031,0.03647023066878319,0.038196660578250885,0.12023023515939713,0.05486641079187393,0.16236726939678192,0.1775452196598053,0.19990825653076172,-0.13245047628879547,0.0663924589753151,0.0385650172829628,-0.11780448257923126,-0.21587421000003815,0.3549811840057373,-0.21941201388835907,-0.20105572044849396,0.1183314397931099,-0.14745958149433136,0.08546182513237,-0.047289710491895676,-0.0466456413269043,-0.12085392326116562,0.20008322596549988,-0.04050406068563461,-0.06159449368715286,-0.11376827210187912,-0.007657339330762625,-0.14050725102424622,0.17542466521263123,0.15204082429409027,-0.1250341683626175,0.1791015863418579,0.06886755675077438,-0.0815691277384758
0.03918249532580376,0.41316527128219604,0.018223127350211143,0.08365381509065628,0.02133748307824135,-0.02386801317334175,-0.08343864977359772,0.18265977501869202,-0.09223252534866333,-0.285081148147583,-0.07478665560483932,-0.1904367059469223,0.1370825171470642,0.0662202313542366,0.11973121762275696,0.07793466001749039,0.026504013687372208,-0.06562144309282303,0.0002820962108671665,0.04611097648739815,0.06246866658329964,-0.003061362076550722,0.06648126989603043,0.025002622976899147,-0.1240704208612442,-0.19200921058654785,-0.00787719152867794,-0.039702512323856354,-0.04912762716412544,-0.05897976830601692,-0.04744813218712807,0.09930039197206497,-0.03041883371770382,-0.1263161301612854,0.16818836331367493,0.17479372024536133,0.14126896858215332,-0.03155208006501198,-0.11150564253330231,0.08061034977436066,-0.004780986346304417,0.1688409000635147,-0.21207448840141296,-0.08374336361885071,-0.12516318261623383,-0.03601125627756119,-0.02778727561235428,0.12889616191387177,0.2939159870147705,0.005062287673354149
0.017630627378821373,0.1486576646566391,-0.2196446657180786,-0.1324436515569687,-0.015359113924205303,0.225067600607872,-0.27817925810813904,0.23480159044265747,-0.24799837172031403,0.15879318118095398,-0.002648649737238884,-0.14445847272872925,-0.27590084075927734,0.014696461148560047,-0.06574415415525436,-0.01943083480000496,0.005484479479491711,0.10871918499469757,-0.03127008303999901,-0.06123099476099014,0.15492020547389984,-0.1586955487728119,0.14309200644493103,-0.0066085439175367355,-0.18794868886470795,0.007652563508599997,-0.26428189873695374,-0.059077341109514236,-0.22640973329544067,-0.1243898943066597,-0.3131069242954254,-0.26454034447669983,-0.11703810840845108,-0.010998250916600227,-0.11603352427482605,-0.11833694577217102,-0.10267671942710876,0.0727597326040268,-0.1526983231306076,-0.31261390447616577,-0.08034855127334595,0.25999850034713745,0.008801453746855259,0.21178379654884338,0.09557383507490158,0.011317695491015911,-0.11695379763841629,0.02219364047050476,-0.1721234768629074,0.018360521644353867
0.07113640755414963,0.13127481937408447,0.05984446406364441,0.10465186089277267,-0.06120002269744873,-0.10267707705497742,-0.031498633325099945,0.07127751410007477,-0.04768864065408707,0.11474934965372086,0.02261875569820404,0.08937601745128632,0.03709471970796585,-0.2633747458457947,0.2039874643087387,-0.05183146148920059,-0.1105334535241127,0.0818822905421257,-0.13180795311927795,0.1192968413233757,-0.08660775423049927,0.1279684454202652,-0.08746969699859619,0.20318160951137543,0.053274981677532196,0.14795731008052826,0.016327831894159317,0.0631365031003952,-0.0651656910777092,-0.16337482631206512,-0.07951904088258743,-0.0715164989233017,0.06558188050985336,0.055049579590559006,-0.10668716579675674,-0.14649170637130737,-0.004877028521150351,-0.1290273219347,0.06739895045757294,-0.061835553497076035,0.29022324085235596,-0.041763320565223694,0.0964108258485794,-0.13495856523513794,0.03757680580019951,0.059690460562705994,0.14155030250549316,0.1267024129629135,-0.18354803323745728,-0.0348241813480854
0.01922171376645565,0.19073306024074554,-0.008115824311971664,-0.010321324691176414,0.2777293026447296,0.1295623630285263,0.05420861765742302,0.1878763884305954,-0.05427704006433487,0.08476768434047699,-0.03336480259895325,-0.0038773410487920046,-0.12252959609031677,0.13708031177520752,0.19577278196811676,0.11291056126356125,0.17446263134479523,-0.0611739456653595,0.17536838352680206,-0.028765255585312843,-0.12376289814710617,-0.051327429711818695,-0.15196232497692108,0.02551765739917755,-0.13888244330883026,0.1910601407289505,-0.0716225728392601,-3.348117752466351e-05,0.2680063843727112,0.12226735055446625,0.12010360509157181,0.03342974931001663,-0.10002059489488602,-0.23256072402000427,-0.09713596850633621,-0.03073497675359249,0.003952017519623041,0.15290525555610657,-0.10047150403261185,0.2261538952589035,-0.008032207377254963,0.14083747565746307,0.08884592354297638,-0.2550182044506073,-0.04165348783135414,0.20842930674552917,-0.04415460303425789,-0.027819117531180382,-0.17797543108463287,-0.029741020873188972
0.007747284136712551,-0.22308185696601868,-0.10600436478853226,0.11965441703796387,-0.10460738837718964,-0.1542852222919464,-0.17213426530361176,0.03927111253142357,0.06921722739934921,-0.13575302064418793,-0.1366758495569229,-0.13229960203170776,0.06630369275808334,-0.054409485310316086,-0.21765203773975372,0.03717242553830147,0.041436441242694855,0.07599351555109024,0.018499799072742462,0.18008574843406677,-0.11272429674863815,0.006671669892966747,-0.08565295487642288,-0.0025478166062384844,0.019678279757499695,-0.12474796175956726,0.31082409620285034,0.11425941437482834,0.010850765742361546,-0.05651657655835152,-0.1379793882369995,0.252407968044281,0.23803263902664185,-0.0690014660358429,-0.033712513744831085,0.0546194352209568,0.26899614930152893,-0.11616721749305725,0.1804618537425995,-0.2740660309791565,0.19793787598609924,0.10008641332387924,0.014241786673665047,0.3001335859298706,0.04851483926177025,-0.07056040316820145,0.059349317103624344,0.11754515767097473,0.23774968087673187,-0.04997491091489792
-0.025681069120764732,-0.1394105702638626,0.03357066959142685,-0.16201142966747284,-0.026807453483343124,-0.03486688435077667,0.12411484122276306,0.016453055664896965,0.1222854033112526,-0.05358564481139183,0.07046850025653839,-0.3359123468399048,0.14972703158855438,-0.11264351010322571,0.027614744380116463,0.18653059005737305,-0.04116430878639221,0.04794932156801224,0.2374768704175949,-0.20940491557121277,-0.07359082996845245,0.056232281029224396,0.26416611671447754,0.027010690420866013,-0.0005956210079602897,-0.05212235450744629,-0.06130973622202873,-0.1364695280790329,0.21466568112373352,0.15020209550857544,0.12209293246269226,0.11320554465055466,0.07559724897146225,0.09641104191541672,0.0407099649310112,-0.07098617404699326,-0.29805928468704224,0.19122976064682007,0.10350321978330612,0.0686393529176712,0.05310213565826416,0.051196202635765076,-0.15240003168582916,0.060361068695783615,0.17303915321826935,0.3016733229160309,-0.12941449880599976,-0.01919691264629364,-0.09189503639936447,-0.11137852817773819
0.13798843324184418,-0.11016055941581726,-0.1251678615808487,-0.0937020555138588,0.15611959993839264,-0.12495861947536469,-0.06912823766469955,-0.10045769810676575,0.19346487522125244,0.05251237377524376,0.22461214661598206,-0.18461868166923523,-0.13591264188289642,-0.04572262987494469,-0.24922381341457367,0.004022986628115177,0.08558384329080582,-0.09192030131816864,0.24025052785873413,0.1574271321296692,-0.09219073504209518,-0.11411622911691666,-0.11162029951810837,-0.0979442447423935,0.18951737880706787,-0.014193694107234478,0.16058945655822754,0.14936235547065735,-0.3577948808670044,0.06515517085790634,0.2029113471508026,-0.060963552445173264,0.12607237696647644,0.11313989758491516,-0.2249167263507843,-0.033841103315353394,-0.0504954531788826,0.14460912346839905,-0.03249729797244072,0.0562049001455307,0.18840907514095306,-0.10231415182352066,0.11601065844297409,-0.04774556681513786,0.03285545855760574,-0.04474784806370735,-0.13957035541534424,0.04195519909262657,0.03146306425333023,0.25187093019485474
-0.07716178148984909,0.18225760757923126,-0.0763653814792633,-0.2009420096874237,-0.030440496280789375,-0.04888622835278511,-0.20716209709644318,0.09527332335710526,0.02517072856426239,0.05906301736831665,-0.18022342026233673,0.025193702429533005,-0.2358003854751587,-0.243072047829628,0.09649646282196045,-0.24506109952926636,0.018678246065974236,-0.003374573076143861,0.01905974932014942,-0.05761808902025223,-0.11771239340305328,-0.1997479796409607,0.035213205963373184,-0.04375055804848671,0.016211651265621185,-0.1527692973613739,0.15918298065662384,-0.06411376595497131,-0.25947120785713196,0.014194395393133163,-0.0022699718829244375,0.12313617020845413,-0.10016622394323349,-0.08161962777376175,-0.04757660999894142,0.13536198437213898,-0.055467355996370316,-0.062027595937252045,0.015716876834630966,0.0491260401904583,-0.06260017305612564,0.19524939358234406,-0.04976746439933777,-0.028636964038014412,0.028624312952160835,0.1561068594455719,0.02917741984128952,0.2003168910741806,-0.09025178849697113,0.1656389683485031
0.18294085562229156,-0.10238566994667053,0.19743801653385162,-0.0973636656999588,-0.19823049008846283,-0.10087466984987259,0.23724690079689026,-0.18947124481201172,0.16253942251205444,0.09171436727046967,0.10910933464765549,-0.06140421703457832,0.06431616842746735,-0.05272896960377693,0.030362267047166824,-0.07732859253883362,-0.15120398998260498,-0.06060805171728134,0.05798923969268799,-0.02585834451019764,-0.03474889695644379,-0.17394830286502838,-0.0393688939511776,0.0856519415974617,0.10935770720243454,0.13846583664417267,0.10224278271198273,-0.04227398708462715,-0.10628458112478256,0.3169163465499878,-0.015737639740109444,0.13065363466739655,-0.011670771986246109,0.1634821742773056,0.045835211873054504,0.1301620751619339,-0.04192871227860451,-0.12401854246854782,-0.20021921396255493,0.2747237980365753,0.016958270221948624,-0.12519755959510803,0.00040438055293634534,0.09242837876081467,0.00774848647415638,-0.00473630940541625,-0.0776263177394867,0.12171546369791031,-0.04160817712545395,-0.0006491763051599264
0.0956854373216629,-0.021171843633055687,-0.007793938275426626,0.013784423470497131,0.03861105442047119,0.04665830358862877,0.035056937485933304,0.26324304938316345,-0.010244782082736492,0.1729695349931717,-0.058475080877542496,0.26694831252098083,-0.011822626926004887,-0.11245425045490265,-0.01710095815360546,-0.18086108565330505,0.16682039201259613,-0.05924469977617264,-0.1225825846195221,-0.16900579631328583,-0.11894261091947556,-0.031694721430540085,0.06592299044132233,-0.0003144741349387914,-0.04558417573571205,-0.11312095075845718,0.09748263657093048,-0.14473438262939453,0.0048758490011096,0.18791119754314423,0.0949334055185318,0.019531110301613808,-0.14323052763938904,0.2911951541900635,0.11120754480361938,-0.18923357129096985,0.16509386897087097,-0.217853844165802,0.14719919860363007,0.2795897126197815,0.014920969493687153,0.20819313824176788,0.09560958296060562,-0.048178598284721375,-0.16278786957263947,0.06439007818698883,0.12059024721384048,0.11709069460630417,-0.23467740416526794,-0.021155182272195816
-0.08964399248361588,0.02689841017127037,0.1022626981139183,-0.021126506850123405,-0.12226004153490067,0.30660873651504517,-0.011990430764853954,0.15758495032787323,0.0070649320259690285,0.3066229820251465,-0.014633726328611374,-0.13102707266807556,0.004225640557706356,-0.11382681876420975,-0.09701288491487503,-0.026214472949504852,-0.06370484828948975,-0.15965713560581207,0.036695629358291626,-0.0862639993429184,0.011772649362683296,0.010043478570878506,0.042310070246458054,0.15626999735832214,-0.0857284665107727,0.0974905788898468,0.3265089988708496,0.24306455254554749,-0.13315047323703766,0.3359029293060303,-0.06846479326486588,0.22605536878108978,-0.11791650950908661,-0.08419520407915115,0.1826103776693344,-0.2646426260471344,-0.32627591490745544,-0.19937604665756226,0.29711875319480896,0.17029687762260437,-0.12169186770915985,0.20652826130390167,0.04995492100715637,-0.09965983778238297,0.19915007054805756,-0.17229314148426056,0.03370756283402443,0.04209987819194794,-0.08100069314241409,0.09036372601985931
0.11274968832731247,0.0352444127202034,-0.18673330545425415,0.12029315531253815,0.20543310046195984,-0.046446725726127625,0.2510184049606323,0.012249806895852089,-0.05393826961517334,-0.22416721284389496,0.006569123361259699,-0.04436451569199562,0.18781571090221405,-0.13827389478683472,0.07572438567876816,0.09312265366315842,0.18899056315422058,0.02791537158191204,0.16572149097919464,-0.07838215678930283,-0.3574824631214142,-0.08307265490293503,0.2044437974691391,-0.10851413756608963,0.16180820763111115,0.23415906727313995,0.004425487946718931,-0.04948696494102478,0.28197184205055237,-0.13929817080497742,0.092569500207901,-0.08322765678167343,0.15549814701080322,-0.03218572959303856,0.008603697642683983,0.10459338873624802,0.17348669469356537,-0.1899356245994568,-0.1127624586224556,0.30345937609672546,-0.06388560682535172,0.029551338404417038,-0.24038521945476532,0.07614261656999588,0.0249948687851429,0.1866324543952942,0.10673375427722931,0.0734037533402443,0.05882136523723602,-0.03615599125623703
-0.08134295046329498,-0.23648205399513245,0.0858408659696579,-0.031435322016477585,-0.011256933212280273,0.08680561929941177,-0.0352671816945076,0.08843058347702026,-0.09322916716337204,-0.051570672541856766,-0.03060370311141014,0.05236037075519562,-0.0035781029146164656,0.29494065046310425,0.03341700881719589,0.033501025289297104,0.0818549320101738,0.12319125235080719,0.30129697918891907,0.0804232507944107,-0.03002046048641205,0.07171650230884552,-0.1109028160572052,-0.019541068002581596,-0.06469273567199707,0.22216151654720306,0.15314164757728577,0.20767687261104584,-0.2027912586927414,0.16097711026668549,-0.05079415813088417,0.2109263837337494,0.004101491533219814,-0.16846223175525665,0.07088077813386917,0.046484798192977905,-0.12060226500034332,0.15007257461547852,0.18530967831611633,0.054289016872644424,-0.18781261146068573,-0.36245739459991455,0.007021511439234018,-0.11259207129478455,0.09390383958816528,-0.004391219466924667,-0.18062739074230194,-0.2877848446369171,0.14373141527175903,-0.24084824323654175
0.13320019841194153,-0.05139634758234024,-0.09355910122394562,-0.1553225964307785,0.003117192070931196,-0.023795513436198235,-0.20798654854297638,0.1597997397184372,-0.14445963501930237,0.05265910178422928,0.03610667213797569,-0.028021788224577904,-0.044675543904304504,-0.09624438732862473,0.16634966433048248,0.18004894256591797,-0.13533346354961395,-0.19828803837299347,-0.08619226515293121,0.14671891927719116,-0.11395979672670364,-0.104517862200737,-0.012539018876850605,0.09011127799749374,0.250508576631546,-0.06516018509864807,0.050933923572301865,-0.13515155017375946,0.023847529664635658,0.05685673654079437,-0.012637908570468426,-0.0620744563639164,0.0298874843865633,0.13068857789039612,0.13069866597652435,0.1674383133649826,-0.01588960736989975,0.05471823737025261,-0.12025000154972076,-0.2569411098957062,-0.008756762370467186,-0.10650857537984848,-0.10431540012359619,-0.1192139983177185,0.13269257545471191,-0.09827576577663422,-0.17785310745239258,0.048949841409921646,0.08573338389396667,0.20691967010498047
-0.30380281805992126,-0.010438334196805954,0.28091034293174744,0.18967628479003906,0.016001850366592407,0.10165403038263321,-0.23153084516525269,0.15858589112758636,0.30958986282348633,-0.09309147298336029,-0.12318021804094315,0.052316825836896896,-0.09349346905946732,-0.3155509829521179,-0.016327761113643646,-0.22257481515407562,-0.057876989245414734,-0.14555875957012177,-0.1794622540473938,-0.29380619525909424,-0.26137468218803406,0.046741049736738205,-0.06156051158905029,0.16984033584594727,0.09531211107969284,-0.062067896127700806,-0.1798364818096161,0.007461016532033682,0.10189508646726608,0.1281159222126007,-0.0890987440943718,-0.24469681084156036,0.153753399848938,-0.05664101243019104,0.1920088678598404,0.03187514841556549,-0.17736783623695374,0.26316678524017334,-0.06593777239322662,0.04939962550997734,-0.019207241013646126,0.30592724680900574,0.13074252009391785,-0.16406913101673126,0.16093821823596954,-0.13974590599536896,-0.020210769027471542,0.0023310608230531216,0.04476095363497734,-0.1453559249639511
0.037148404866456985,-0.11784487962722778,-0.26323074102401733,-0.1560513973236084,-0.020519208163022995,0.3517187833786011,-0.11652598530054092,-0.13507641851902008,0.08038400858640671,0.12728407979011536,-0.12148160487413406,-0.18000349402427673,-0.20670148730278015,0.02856680564582348,0.06671812385320663,0.0567125603556633,0.15411557257175446,0.11436877399682999,-0.00984299834817648,0.2035253942012787,-0.050865594297647476,-0.24680756032466888,-0.09467270225286484,-0.32838624715805054,-0.028235845267772675,-0.07291346043348312,0.21088728308677673,-0.29054319858551025,-0.11997561156749725,-0.2811315953731537,-0.11473944038152695,0.03503837808966637,0.04731018468737602,-0.02337520942091942,-0.002798965433612466,0.03967417776584625,0.21703574061393738,0.03843556344509125,0.1318412572145462,0.1417251080274582,-0.06801187247037888,0.023122437298297882,0.12027445435523987,-0.04225624352693558,-0.06386218219995499,0.08719474077224731,-0.20755477249622345,-0.12709689140319824,-0.06903265416622162,-0.010417533107101917
0.2105419635772705,0.07148344069719315,-0.05297091603279114,-0.004632210824638605,0.11382235586643219,-0.10006053000688553,-0.13838425278663635,0.14987079799175262,0.2789062559604645,-0.040147289633750916,-0.09276017546653748,0.027740780264139175,-0.07482975721359253,-0.18352550268173218,-0.20887334644794464,0.17176184058189392,0.010801181197166443,-0.06936196982860565,-0.22426839172840118,0.042490050196647644,0.0042833732441067696,0.12696470320224762,0.24140270054340363,0.08728021383285522,0.029017169028520584,-0.09618902206420898,-0.08985976874828339,-0.012392756529152393,0.09192130714654922,0.06862881034612656,-0.06500483304262161,0.07610335201025009,-0.12279067933559418,0.205473855137825,0.1367994099855423,0.00604423601180315,0.07023930549621582,0.023182831704616547,0.2165842056274414,0.010445020161569118,0.01986447535455227,-0.10066134482622147,-0.048195213079452515,0.2534398138523102,0.2423720508813858,0.06156930327415466,-0.12502636015415192,0.040016092360019684,-0.012863313779234886,0.06855746358633041
0.1214517205953598,0.18400838971138,0.1450316309928894,0.2394098937511444,0.07328778505325317,0.08107559382915497,0.10837449878454208,0.01607414521276951,-0.008719569072127342,-0.22290745377540588,-0.0842306837439537,0.15297266840934753,0.21766804158687592,0.2236095815896988,0.3610673248767853,-0.1375894844532013,0.006430969573557377,0.17962408065795898,-0.1980278491973877,0.2177838534116745,0.010603147558867931,-0.045568156987428665,-0.243059441447258,0.03391614556312561,-0.22574567794799805,-0.14064320921897888,0.09733059257268906,-0.15924622118473053,0.16886822879314423,-0.07252252101898193,-0.043889120221138,-0.19007398188114166,0.18389014899730682,0.027437692508101463,-0.03910264000296593,-0.030130591243505478,0.045730553567409515,-0.3193654716014862,-0.32864415645599365,0.14549078047275543,0.020987749099731445,-0.09659738093614578,0.14258912205696106,-0.2388582080602646,-0.12985216081142426,-0.06734996289014816,-0.010577486827969551,0.12844252586364746,0.10327072441577911,0.12302633374929428
-0.02340625785291195,0.14196088910102844,0.24946890771389008,0.05108257010579109,-0.15492680668830872,0.010733628645539284,-0.02346438728272915,-0.10062837600708008,-0.1257074624300003,0.016099203377962112,0.14990419149398804,0.32238081097602844,0.04348442703485489,-0.019760482013225555,0.13507699966430664,0.01731346920132637,-0.14338186383247375,-0.032054536044597626,-0.05267459899187088,0.09732798486948013,0.396321564912796,-0.07286525517702103,-0.2229282557964325,0.3157653510570526,-0.08481775969266891,0.13229919970035553,0.2979537546634674,-0.04276115819811821,-0.33009064197540283,0.10223454236984253,-0.0025116042234003544,0.21073025465011597,-0.07713416963815689,-0.13565659523010254,0.15815874934196472,-0.2412978708744049,0.19805851578712463,-0.23217687010765076,-0.01726299524307251,-0.11870630830526352,-0.252697229385376,-0.05197407677769661,0.23216934502124786,0.056789930909872055,-0.18421822786331177,-0.136177197098732,-0.02426081709563732,-0.11835018545389175,-0.10374963283538818,0.1124224066734314
0.19453103840351105,0.1811302751302719,-0.2650336027145386,-0.017726929858326912,0.055878009647130966,-0.19713306427001953,0.05051640793681145,0.04538048803806305,0.18395644426345825,0.13045841455459595,-0.23151826858520508,-0.13430841267108917,-0.10626156628131866,0.07509316504001617,0.1179155483841896,0.19887498021125793,-0.1329195201396942,0.042557355016469955,-0.14327992498874664,-0.17754748463630676,-0.18885858356952667,0.032052986323833466,-0.1831432282924652,-0.14044153690338135,-0.1343086212873459,-0.027463842183351517,-0.17697766423225403,-0.03027031198143959,-0.05808134377002716,0.2743079960346222,0.07814226299524307,0.04113319143652916,0.09929852187633514,-0.0696762353181839,0.09181962162256241,0.19111861288547516,0.036584630608558655,0.027994029223918915,0.042546823620796204,-0.18134728074073792,0.034008659422397614,0.0440511628985405,-0.10717776417732239,0.10465629398822784,0.019110383465886116,-0.15472392737865448,0.05209854990243912,-0.008503513410687447,0.06153622642159462,0.20185613632202148
-0.22388306260108948,-0.028284458443522453,0.16355249285697937,-0.032060399651527405,0.02441059798002243,0.2364136129617691,0.026622742414474487,0.19572561979293823,-0.11983655393123627,0.10075736790895462,0.1850193589925766,0.021321997046470642,-0.04307486489415169,-0.2593492567539215,-0.25570377707481384,-0.06281345337629318,-0.010100670158863068,0.042767588049173355,0.11467567086219788,-0.10646962374448776,0.2655754089355469,0.045764897018671036,0.30533528327941895,0.1259709596633911,-0.015865841880440712,0.008738279342651367,0.06301392614841461,-0.031525008380413055,-0.10481978207826614,0.31441986560821533,0.1462114155292511,0.14960716664791107,-0.09944433718919754,0.09447428584098816,0.061532799154520035,-0.11108532547950745,-0.21150657534599304,-0.11019520461559296,-0.10322704911231995,0.042546629905700684,0.04226262867450714,-0.12740375101566315,-0.06790637224912643,-0.2585946321487427,0.009259502403438091,0.05617225542664528,-0.06979560106992722,0.04023813083767891,0.0520382896065712,-0.0803411528468132
0.04094191640615463,-0.18414340913295746,-0.028819812461733818,-0.01704920455813408,0.08188781887292862,0.16047076880931854,0.054004937410354614,0.126356303691864,-0.23801060020923615,0.033474888652563095,0.10157544910907745,0.04505711421370506,0.06322603672742844,0.12649671733379364,0.033180154860019684,-0.023812992498278618,-0.05331352725625038,-0.10051658004522324,0.11655911058187485,-0.03129292652010918,0.3367941081523895,0.18643848598003387,0.1499217450618744,0.08798624575138092,-0.26940828561782837,-0.042577266693115234,0.2194737046957016,0.12055675685405731,0.1608862727880478,0.25851789116859436,-0.2407034933567047,0.09602934867143631,-0.18031913042068481,-0.1533551663160324,-0.06512510776519775,-0.10509191453456879,0.14483167231082916,0.010733667761087418,0.17634405195713043,0.15061618387699127,0.06013328582048416,-0.3152167797088623,0.27211225032806396,0.11478012055158615,0.25204887986183167,-0.0513991117477417,0.022512195631861687,-0.3214362859725952,-0.14343571662902832,0.06585347652435303
0.17309504747390747,0.2339320033788681,0.0809386745095253,0.09380528330802917,0.2546042203903198,0.08251301199197769,0.015409104526042938,0.07102678716182709,-0.012175008654594421,-0.14747920632362366,0.14194393157958984,0.1149098128080368,0.30322185158729553,0.02391139604151249,0.06160614639520645,0.16385161876678467,0.05394965037703514,-0.09908049553632736,-0.16779762506484985,-0.09131501615047455,-0.03388224542140961,-0.015123537741601467,0.005155537277460098,-0.05804754048585892,-0.061953458935022354,-0.08626406639814377,-0.02835506573319435,0.13655515015125275,-0.16583064198493958,0.12827935814857483,-0.16111911833286285,-0.04224825277924538,-0.3488711714744568,-0.20316338539123535,0.28308990597724915,-0.02969491109251976,0.09508644789457321,-0.2600672245025635,0.16035491228103638,-0.09274721145629883,-0.1391245424747467,-0.01441283244639635,0.07130212336778641,-0.11655057221651077,-0.3372444808483124,0.06741077452898026,0.26905834674835205,-0.13357806205749512,0.0041340929456055164,-0.07318862527608871
-0.03298202157020569,-0.1908659189939499,0.023279808461666107,-0.1596021205186844,-0.14844608306884766,0.12515054643154144,0.2792620360851288,-0.06336833536624908,0.042588938027620316,0.006801373325288296,0.004096643999218941,0.37631604075431824,0.06068407744169235,-0.09865927696228027,-0.1302502155303955,0.008959027007222176,0.08502169698476791,0.022732023149728775,0.15462128818035126,-0.05205162614583969,0.30878832936286926,-0.042294908314943314,-0.03569188714027405,0.09769213944673538,0.05142577365040779,-0.12176605314016342,0.277182012796402,0.29103541374206543,-0.16110830008983612,0.006090451497584581,0.11085140705108643,-0.1085691750049591,-0.19890096783638,-0.032099649310112,0.12300018221139908,0.04772840440273285,0.2481851875782013,-0.13141442835330963,-0.14662055671215057,-0.14931662380695343,-0.016540419310331345,0.08664659410715103,0.0861608013510704,0.30382442474365234,-0.1585877388715744,-0.22151656448841095,0.02532333880662918,0.02715889737010002,-0.05071883276104927,0.163009375333786
-0.26777854561805725,-0.13747958838939667,-0.014954456128180027,-0.2511434555053711,-0.0695001482963562,-0.14699479937553406,0.026830941438674927,-0.07690735906362534,0.04109908640384674,-0.05487711727619171,0.15052829682826996,-0.17440596222877502,-0.06601279228925705,-0.13718688488006592,-0.13485859334468842,0.248267263174057,0.09503248333930969,-0.19079852104187012,0.09157015383243561,-0.1614791750907898,-0.2888210117816925,-0.16784243285655975,0.13286736607551575,-0.0450437068939209,0.18992559611797333,0.1043376550078392,0.006356720346957445,-0.11157593131065369,0.20270657539367676,0.250253289937973,0.05969684571027756,0.23638799786567688,0.30568885803222656,0.17513234913349152,-0.03326436132192612,-0.21240054070949554,0.017452003434300423,-0.008540533483028412,0.08368976414203644,-0.0714271068572998,0.133217915892601,0.1297740638256073,-0.028921034187078476,0.04931728169322014,-0.10567716509103775,0.21277368068695068,-0.021656664088368416,-0.0014676798600703478,0.048772767186164856,0.032150305807590485
-0.19329221546649933,-0.10923569649457932,0.005683686584234238,-0.29861944913864136,-0.03916030749678612,-0.05322816222906113,-0.16105328500270844,-0.018670065328478813,0.0026645432226359844,0.15084122121334076,0.0015062167076393962,0.07929535210132599,-0.2901826500892639,-0.0770862028002739,-0.0924246534705162,-0.024264493957161903,0.07246654480695724,0.15937554836273193,-0.2490062117576599,-0.08895901590585709,-0.019594091922044754,0.004771456588059664,-0.054951511323451996,0.12105248868465424,0.21800634264945984,-0.043136730790138245,0.12763050198554993,-0.012723702937364578,-0.029964376240968704,-0.009748144075274467,0.05797376483678818,0.020073728635907173,-0.1616584211587906,0.20109079778194427,-0.05995296314358711,0.02133660390973091,0.163008451461792,0.09193557500839233,0.33604079484939575,0.08010358363389969,0.11469095945358276,0.08239912241697311,0.09638535976409912,0.01987467147409916,-0.07847082614898682,0.11120036989450455,0.0663188174366951,0.224049910902977,-0.056798286736011505,0.025655755773186684
0.26218512654304504,0.1059175655245781,0.022421820089221,0.10781970620155334,-0.2018037885427475,0.07023894041776657,-0.1413957178592682,0.024033769965171814,0.28963205218315125,0.125294029712677,-0.003525064093992114,0.2097785919904709,-0.010306427255272865,0.2172994762659073,-0.13891814649105072,0.08285810053348541,-0.017292605713009834,0.16253654658794403,-0.009932546876370907,-0.017428403720259666,0.35767629742622375,0.1385711431503296,-0.2567935585975647,0.29225751757621765,0.026474876329302788,-0.15219110250473022,0.02249150723218918,-0.002782996743917465,-0.18203800916671753,0.05362050235271454,-0.3627862334251404,0.04086083918809891,-0.09361060708761215,-0.038845907896757126,0.14735418558120728,-0.15926805138587952,-0.281719446182251,-0.26144087314605713,0.20166106522083282,-0.23236536979675293,0.08543789386749268,0.18872298300266266,0.07892053574323654,0.25509893894195557,-0.09908588230609894,0.037371113896369934,0.10868426412343979,-0.098686583340168,0.058083727955818176,0.1764938235282898
