-0.0779929980635643,-0.01137547753751278,-0.027454745024442673,0.00937193725258112,0.09644161909818649,0.1161198616027832,-0.014431084506213665,-0.06544824689626694,-0.2350950837135315,-0.1664721965789795,0.09957239776849747,-0.20948918163776398,0.2769337594509125,0.29612335562705994,0.196387380361557,0.289284884929657,0.1390097290277481,0.21032926440238953,-0.26845526695251465,0.14324869215488434,-0.2356586754322052,-0.08080117404460907,0.18850526213645935,0.1298847496509552,-0.14706607162952423,0.13164670765399933,-0.039830081164836884,0.3170027732849121,-0.11274494975805283,0.023268915712833405,0.04108239710330963,0.032732121646404266,-0.11858778446912766,0.10015591979026794,0.02523190528154373,-0.1832144856452942,0.031026626005768776,0.08484183996915817,0.18823553621768951,0.022270001471042633,-0.19807662069797516,0.1939792037010193,-0.1338680237531662,0.040779050439596176,-0.08741338551044464,-0.007198377978056669,0.12364695966243744,0.043203599750995636,0.07796504348516464,-0.044376082718372345
0.05444559082388878,0.14054647088050842,0.050205934792757034,0.15709756314754486,0.23337945342063904,0.19808736443519592,-0.0414455309510231,0.04037914797663689,-0.01401566807180643,-0.07194596529006958,0.023652784526348114,-0.1302540898323059,-0.05047303065657616,0.03920867294073105,-0.18551085889339447,0.02428027242422104,0.038032278418540955,0.014554253779351711,0.07924459129571915,0.05634923279285431,-0.06848205626010895,0.07039641588926315,0.07359076291322708,0.11094441264867783,0.05827273055911064,0.05561103671789169,0.027289705350995064,0.12009277194738388,-0.061073001474142075,0.10583481937646866,-0.08211342245340347,-0.1935395449399948,-0.060592491179704666,-0.023538736626505852,0.03157931566238403,-0.3127487897872925,-0.027922142297029495,-0.04064938426017761,0.07680276781320572,-0.1424843817949295,-0.1314695030450821,-0.004437245428562164,-0.016529232263565063,0.10267195105552673,0.0733485296368599,0.11204256862401962,-0.06948552280664444,-0.24093858897686005,0.02133135125041008,0.11007504165172577
-0.07487154752016068,0.17484734952449799,0.07309165596961975,-0.09069789201021194,0.07253441214561462,0.06157366558909416,-0.017223920673131943,0.04816853627562523,-0.0001967686985153705,-0.09011935442686081,-0.291145920753479,0.22692088782787323,0.14315998554229736,0.02748032659292221,-0.034962188452482224,-0.20328590273857117,0.005240744911134243,0.06115611270070076,-0.19245202839374542,0.09901177883148193,-0.19874799251556396,-0.3185299336910248,0.08056021481752396,-0.03158535435795784,-0.1307242065668106,-0.21149232983589172,-0.04707871004939079,-0.1152966096997261,-0.21340423822402954,0.24341654777526855,-0.2616589069366455,0.13793884217739105,-0.06968574225902557,0.028976306319236755,-0.1050901785492897,0.019371159374713898,0.12387190014123917,-0.18264387547969818,-0.0324072502553463,-0.0020145257003605366,-0.18890564143657684,-0.02184477262198925,-0.08030232042074203,0.14976954460144043,0.0007462624926120043,-0.05404681712388992,0.04117420315742493,-0.22029945254325867,-0.00836174562573433,0.25731468200683594
0.10789182782173157,-0.016038887202739716,-0.07286089658737183,-0.04461444541811943,0.025526247918605804,0.07895113527774811,-0.05358242616057396,-0.027794061228632927,-0.15089188516139984,0.21247011423110962,0.19801849126815796,-0.20183497667312622,0.01961885578930378,0.09415353834629059,-0.030672254040837288,0.2381654679775238,0.10055758059024811,0.0769326463341713,-0.1202760636806488,-0.2349628508090973,-0.011645888909697533,-0.006299852393567562,0.030070900917053223,0.10035988688468933,0.16133835911750793,-0.2715112566947937,0.01270849909633398,-0.06149264797568321,0.17436467111110687,-0.06005660071969032,0.05808481574058533,-0.022687984630465508,0.022776059806346893,0.2848290205001831,0.17090021073818207,-0.10427181422710419,0.14254790544509888,0.0023084930144250393,-0.009503001347184181,-0.005892135202884674,0.25116202235221863,0.0646987333893776,0.3015069365501404,0.0065133292227983475,0.06412238627672195,0.10855913907289505,-0.1198396384716034,0.04748368635773659,0.11214054375886917,-0.1794527769088745
0.24479946494102478,0.026344221085309982,0.29343169927597046,0.10144758224487305,0.1358768343925476,0.0540943518280983,-0.21126145124435425,0.005851301364600658,0.06732819974422455,-0.34040677547454834,-0.02912398986518383,0.16226927936077118,-0.19796477258205414,-0.06857581436634064,-0.10477850586175919,-0.04953897371888161,0.08647987991571426,-0.05521082505583763,0.01305352058261633,-0.06862694025039673,-0.0301558468490839,-0.09158511459827423,-0.11330289393663406,0.06657405197620392,-0.1054908037185669,0.08004302531480789,-0.024403201416134834,0.23280005156993866,-0.12785875797271729,-0.14271332323551178,-0.03539387509226799,-0.03614743798971176,-0.09086783975362778,-0.3818007707595825,-0.17960408329963684,-0.06408695131540298,-0.346811443567276,0.19359147548675537,-0.12442006915807724,-0.13341085612773895,0.05045786127448082,-0.3098104000091553,-0.16340979933738708,0.31873130798339844,0.08000583946704865,0.0676344558596611,0.09943894296884537,0.002847827970981598,0.03887294977903366,-0.15129849314689636
-0.022302016615867615,-0.14959867298603058,-0.21243886649608612,-0.01570293866097927,-0.10113003849983215,-0.23443014919757843,0.078624427318573,-0.0049229455180466175,0.09333081543445587,-0.059398602694272995,0.31938087940216064,0.23485343158245087,-0.09236769378185272,0.0021506270859390497,0.07945096492767334,0.0037036226131021976,-0.24422875046730042,-0.10182406008243561,-0.11747416108846664,0.16181527078151703,0.1214088648557663,-0.025227509438991547,-0.05411309376358986,-0.020016290247440338,-0.2655309736728668,0.1953568011522293,0.19048669934272766,0.0805501714348793,0.07710126042366028,-0.12174402177333832,-0.055322419852018356,0.17314349114894867,-0.1686364710330963,0.04374602437019348,-0.012720891274511814,0.13694797456264496,-0.028096701949834824,-0.007209268398582935,-0.02307441085577011,-0.060603342950344086,-0.04622923955321312,0.09767616540193558,0.023821324110031128,0.19644176959991455,-0.243732288479805,0.02441129833459854,0.06653720885515213,-0.24346975982189178,-0.12917283177375793,-0.10936292260885239
-0.15663154423236847,0.09682691097259521,-0.10500609129667282,-0.07553249597549438,0.14114071428775787,-0.20941214263439178,0.035696376115083694,0.08280422538518906,0.020461590960621834,0.006037505809217691,0.06626158207654953,0.13484323024749756,-0.021538106724619865,-0.01866406947374344,-0.0482461154460907,-0.16432558000087738,-0.04521065577864647,-0.3017703592777252,0.2801177203655243,0.025822969153523445,0.0402374267578125,0.059393201023340225,0.14399373531341553,-0.04540516063570976,0.04077969491481781,-0.05278601869940758,0.1933179497718811,0.09172812104225159,0.07170252501964569,-0.017634684219956398,-0.02765057235956192,0.12910856306552887,0.006297364830970764,0.17779171466827393,0.14752545952796936,0.13283897936344147,0.20394808053970337,0.032562848180532455,-0.044662803411483765,0.0811457708477974,0.26366373896598816,0.0015534707345068455,-0.16414447128772736,0.04765048250555992,-0.13219770789146423,0.022711899131536484,0.03240322694182396,-0.347482830286026,-0.014522792771458626,0.04589923843741417
0.059985801577568054,0.006868158467113972,0.16090980172157288,0.032069865614175797,0.21816310286521912,-0.0060834577307105064,0.020654592663049698,-0.11555186659097672,-0.10606808960437775,-0.12488136440515518,0.02856524847447872,-0.14907072484493256,-0.059308506548404694,-0.1124439537525177,-0.06737659871578217,0.01256732176989317,0.18138837814331055,-0.1044449508190155,-0.27804964780807495,0.05329291895031929,0.023760566487908363,-0.1471349000930786,0.0012610198464244604,0.004948720335960388,-0.016017410904169083,0.0644528716802597,0.17527388036251068,0.27469533681869507,-0.047273024916648865,-0.1199086382985115,0.08379153907299042,-0.3827745318412781,-0.25110185146331787,-0.06375469267368317,0.11593051999807358,0.05924069508910179,-0.2853108048439026,-0.08030242472887039,-0.023823333904147148,0.02707871049642563,0.046506617218256,-0.23531576991081238,0.34531906247138977,0.1812770664691925,0.01768893003463745,0.035546936094760895,0.003748354036360979,0.028857462108135223,0.116860032081604,-0.09759638458490372
-0.032082147896289825,-0.20422807335853577,0.12360086292028427,0.05160452052950859,-0.12391280382871628,0.14679035544395447,0.0802643895149231,0.055586203932762146,-0.23289799690246582,0.13483914732933044,0.12458406388759613,-0.0316452831029892,-0.06539615243673325,0.003646875498816371,-0.08112354576587677,0.3355891704559326,0.10408487170934677,0.13328740000724792,-0.13933101296424866,-0.12161313742399216,0.26373928785324097,0.07337433099746704,-0.0032576690427958965,-0.10485443472862244,-0.025596778839826584,-0.22949254512786865,-0.13028161227703094,-0.004652075469493866,0.1994888186454773,-0.07178357243537903,0.018372301012277603,0.08420629054307938,0.020506782457232475,0.02225118689239025,0.0444287471473217,0.10552550852298737,-0.05285822972655296,-0.06738390028476715,-0.06768802553415298,0.04869949445128441,0.044607531279325485,0.12010025978088379,-0.006027603056281805,0.19833499193191528,-0.043830737471580505,0.027505720034241676,0.08981076627969742,0.01495716068893671,0.04096895456314087,-0.08659785985946655
0.2292872816324234,0.11551730334758759,0.012344950810074806,-0.2603914737701416,-0.15198616683483124,-0.20228077471256256,-0.13079839944839478,-0.20128388702869415,0.21900980174541473,0.2505287230014801,0.22124530375003815,-0.11139383912086487,-0.31514403223991394,-0.08917015045881271,0.09110435098409653,-0.25454849004745483,-0.22626012563705444,-0.2257148176431656,0.1916561871767044,-0.003110611578449607,-0.0068678767420351505,0.0986643061041832,0.03642338886857033,-0.19237956404685974,-0.0580454058945179,-0.05470878258347511,0.1916658729314804,0.16437186300754547,-0.07244228571653366,-0.10878739506006241,0.13106565177440643,0.047224365174770355,-0.1687765121459961,-0.028228217735886574,0.13193844258785248,-0.08128473162651062,0.039927080273628235,0.08902746438980103,0.17821139097213745,-0.15464727580547333,0.4633341431617737,-0.16941484808921814,0.016378717496991158,-0.022943390533328056,-0.1201029121875763,0.19295679032802582,-0.10321346670389175,-0.22306393086910248,0.1406104564666748,-0.13385875523090363
-0.16666091978549957,0.12732264399528503,-0.10291532427072525,0.17999988794326782,0.18099096417427063,0.018210355192422867,-0.01269200537353754,0.09071584790945053,-0.03770623728632927,-0.2986680865287781,-0.3107087314128876,0.16439689695835114,0.23176321387290955,0.24900290369987488,-0.010379421524703503,0.03608402982354164,0.18714416027069092,0.0722106322646141,-0.17908069491386414,0.011194289661943913,0.05430527403950691,-0.005181714426726103,0.04043826833367348,0.20916815102100372,-0.05239184573292732,-0.008281365036964417,-0.03191327303647995,0.09711284935474396,0.0074292998760938644,0.044964902102947235,-0.13290779292583466,-0.03722922503948212,0.014802347868680954,0.07491323351860046,-0.21087242662906647,0.02652987837791443,0.03146563842892647,-0.2436705380678177,-0.1005556657910347,0.12356012314558029,-0.25454801321029663,-0.135994553565979,0.1042516678571701,-0.02335314080119133,0.08809975534677505,-0.056583914905786514,-0.05296153575181961,0.04594655707478523,-0.036282461136579514,0.1474948525428772
0.07956753671169281,-0.17443403601646423,0.2835066318511963,0.03381398692727089,-0.10276687890291214,0.1959063708782196,-0.05030563473701477,-0.016522541642189026,-0.350994348526001,-0.061912715435028076,-0.027608605101704597,0.14733000099658966,0.13161030411720276,-0.049534060060977936,0.20339541137218475,0.25863152742385864,0.07555268704891205,0.15832966566085815,-0.2823466956615448,0.07345899194478989,0.19922882318496704,0.1193799301981926,-0.09472262859344482,-0.1636977195739746,-0.25035688281059265,0.1023145243525505,-0.3193155825138092,-0.21872398257255554,-0.04153325408697128,-0.020333396270871162,-0.09773791581392288,0.03308489918708801,0.14071300625801086,-0.2153070569038391,0.11903412640094757,-0.0828486829996109,-0.07694022357463837,0.10472064465284348,-0.05975653976202011,-0.004496964160352945,-0.03475780040025711,-0.07894853502511978,0.07780677080154419,-0.09022501111030579,0.25136658549308777,-0.03969823196530342,0.014884328469634056,0.16335971653461456,-0.08732618391513824,-0.18109114468097687
-0.011000454425811768,0.09436105936765671,-0.04399791359901428,-0.09184248745441437,0.16119803488254547,0.07177728414535522,0.028348727151751518,-0.05909932404756546,-0.1358831226825714,0.0354008711874485,-0.12449835985898972,-0.1656174659729004,0.15659263730049133,0.3054157793521881,-0.06923805922269821,-0.0886836051940918,-0.0486334003508091,0.059109125286340714,-0.15439368784427643,-0.07124608010053635,-0.12156777083873749,-0.24554698169231415,0.1670152246952057,0.3013198673725128,0.18656480312347412,0.2952194809913635,0.013798097148537636,-0.047674667090177536,-0.09110677987337112,0.2513137459754944,-0.023673376068472862,-0.023987414315342903,-0.05948609486222267,0.10777314007282257,-0.2727762460708618,0.15387439727783203,0.051403991878032684,-0.05558197200298309,0.04170290008187294,0.2506517767906189,-0.0255755465477705,0.0871393233537674,0.1842389702796936,-0.24846090376377106,-0.013692670501768589,-0.08319216966629028,-0.21629780530929565,0.17176173627376556,0.11528662592172623,0.016782812774181366
0.058937761932611465,0.06224670633673668,0.17103388905525208,-0.13291887938976288,-0.21048036217689514,-0.09520597010850906,-0.13584797084331512,0.25994956493377686,-0.012652148492634296,0.1490226686000824,-0.038370635360479355,-0.0954846665263176,-0.09923834353685379,-0.08450936526060104,-0.08365301042795181,0.02166883833706379,-0.04262308031320572,-0.05589713528752327,-0.010809634812176228,0.14829182624816895,0.12857572734355927,0.0431317463517189,-0.06298788636922836,-0.2013709843158722,0.11797886341810226,-0.07728531211614609,-0.1078612208366394,0.03229722008109093,-0.015987170860171318,-0.1600961536169052,-0.03241827338933945,0.04416041821241379,0.04170367121696472,-0.2482406347990036,0.12745754420757294,-0.02755403332412243,-0.030714336782693863,0.15581271052360535,0.06448308378458023,-0.2427786886692047,0.16935287415981293,0.04176859185099602,-0.21037371456623077,0.1871752142906189,0.01765342615544796,-0.015468346886336803,-0.1032758355140686,-0.07036606967449188,-0.08999616652727127,0.021872760728001595
-0.1661883145570755,0.003866251790896058,0.004635411314666271,-0.030906222760677338,-0.12603546679019928,-0.07248532772064209,-0.011243578046560287,-0.03001990355551243,0.3408355414867401,0.13644836843013763,0.012061407789587975,0.2913511097431183,0.046418946236371994,-0.2608015835285187,0.03723032772541046,-0.012310057878494263,-0.0008158933487720788,-0.14175859093666077,0.39351460337638855,0.07801202684640884,0.16752292215824127,0.043385669589042664,-0.002282163128256798,0.0068178558722138405,0.0712348073720932,0.046751148998737335,-0.12131751328706741,0.16006894409656525,0.22052381932735443,0.13678693771362305,-0.07267086207866669,0.07496459782123566,-0.07151338458061218,-0.10548748075962067,0.01606404408812523,0.05767245963215828,0.13787280023097992,-0.04109574854373932,-0.06791919469833374,0.049282535910606384,-0.32970836758613586,0.07000543177127838,-0.1725681722164154,0.03445211425423622,-0.038146842271089554,-0.20518189668655396,-0.01265209261327982,-0.164756640791893,-0.11944703757762909,0.0616702102124691
-0.007657753303647041,-0.018221121281385422,-0.08943184465169907,0.11032337695360184,-0.07858320325613022,-0.28985023498535156,-0.036129023879766464,-0.05074276402592659,0.052447542548179626,-0.04297046363353729,0.17937734723091125,-0.19382953643798828,0.15953420102596283,-0.13061277568340302,0.11796309053897858,-0.09122117608785629,-0.12466718256473541,-0.16222818195819855,0.15218164026737213,-0.02472098544239998,-0.1229240894317627,-0.0673811212182045,0.07711532711982727,-0.0020009013824164867,0.1759401112794876,0.05858037248253822,0.1312834471464157,0.1737985908985138,0.1633206009864807,-0.09894631057977676,0.1397235244512558,0.1499614268541336,0.14299532771110535,0.06730228662490845,-0.03585485741496086,0.18666987121105194,0.16579878330230713,-0.04109857976436615,-0.13444364070892334,0.18453983962535858,0.054343339055776596,0.03357183560729027,-0.0347660593688488,0.04810396954417229,-0.13826341927051544,-0.11828408390283585,-0.009152723476290703,-0.004743102006614208,-0.12404726445674896,0.11385558545589447
0.1399441957473755,-0.05466626212000847,-0.06326361000537872,-0.20561085641384125,-0.207904651761055,-0.2972549498081207,-0.12948529422283173,-0.14059887826442719,0.07593966275453568,0.14576409757137299,0.21175508201122284,-0.2895241677761078,-0.09601400047540665,0.08009138703346252,0.00014791279681958258,0.2483513206243515,-0.17216041684150696,-0.16826897859573364,0.10413448512554169,-0.1258077621459961,-0.07616658508777618,0.015734130516648293,0.03971971943974495,-0.2575025260448456,0.2053958922624588,-0.20776164531707764,0.20785723626613617,-0.19655312597751617,0.11858552694320679,-0.17893826961517334,-0.017031792551279068,0.14247533679008484,0.15613017976284027,-0.028351854532957077,-0.11887997388839722,0.2472916841506958,0.025570085272192955,-0.1179010421037674,-0.027678940445184708,0.18748529255390167,0.08255384117364883,-0.049900297075510025,-0.08546821027994156,-0.06589695066213608,-0.08222629129886627,-0.21238209307193756,0.2482174038887024,0.1373509019613266,0.018935339525341988,-0.03735918551683426
-0.04418211057782173,0.10509556531906128,-0.022002380341291428,0.1055525690317154,0.04116704314947128,-0.08158998191356659,0.08570240437984467,-0.12507764995098114,0.2353549599647522,0.00903704110532999,0.0659366026520729,-0.00019484215590637177,0.12018667906522751,-0.07029016315937042,-0.07395361363887787,-0.031061774119734764,0.11805899441242218,-0.15530554950237274,-0.09465539455413818,0.08857554942369461,0.25067052245140076,-0.10467686504125595,-0.1916390061378479,0.11957905441522598,0.021158918738365173,0.05748341977596283,-0.18190456926822662,0.0691823661327362,0.3203126788139343,0.09832385182380676,-0.06589914113283157,0.08689484000205994,-0.11049767583608627,0.0730394497513771,0.05876700207591057,0.038313910365104675,-0.18949417769908905,0.12754681706428528,-0.3207588195800781,-0.0935620442032814,0.08051435649394989,-0.14184384047985077,0.0038898929487913847,-0.046592827886343,0.002107784617692232,-0.04060007631778717,-0.1110311895608902,-0.11132252216339111,-0.06021786853671074,-0.2166004329919815
-0.2227926254272461,0.01177531760185957,0.009734634310007095,0.017374733462929726,0.15337325632572174,-0.19771255552768707,-0.15847031772136688,-0.04304416477680206,-0.050603851675987244,-0.007821428589522839,0.06810849905014038,-0.13883358240127563,-0.21844953298568726,-0.11403562128543854,-0.12199801951646805,-0.008372458629310131,-0.022616731002926826,-0.06334785372018814,-0.2501283586025238,-0.03208751603960991,0.15040826797485352,-0.12970170378684998,-0.19863127171993256,-0.10862893611192703,-0.053085584193468094,-0.2541787624359131,0.08213898539543152,-0.10797744989395142,-0.12086809426546097,-0.12478441745042801,0.13796457648277283,0.04087870940566063,-0.17405429482460022,-0.12486176937818527,0.05280698835849762,0.08650127798318863,-0.08825523406267166,-0.006995835341513157,-0.11625579744577408,0.14478610455989838,-0.13125984370708466,0.007848716340959072,-0.15297511219978333,-0.00968591496348381,-0.003703561844304204,0.08356817811727524,-0.05407797917723656,-0.11399143189191818,-0.09067214280366898,-0.16227032244205475
-0.30275624990463257,0.07957018166780472,-0.35503557324409485,0.11189914494752884,0.07204198092222214,-0.2379041165113449,-0.045586466789245605,0.0751076266169548,0.10214152932167053,0.021007834002375603,0.2605085074901581,0.0142862219363451,0.10623351484537125,0.11637592315673828,0.18807409703731537,0.14853601157665253,-0.044208984822034836,-0.265813410282135,0.15019840002059937,0.18671877682209015,-0.2065747231245041,-0.2641814649105072,0.4190393388271332,-0.003407180542126298,-0.013280189596116543,0.08165940642356873,0.2536093294620514,-0.11965769529342651,-0.0719238817691803,-0.06279472261667252,0.146697998046875,0.3170161843299866,-0.145758718252182,0.10695729404687881,0.050474878400564194,0.11565673351287842,0.3058950901031494,-0.21171200275421143,0.23251178860664368,0.4063085913658142,0.015431376174092293,0.117110475897789,-0.10515909641981125,0.12969595193862915,-0.4414309859275818,-0.2010727822780609,-0.09110194444656372,-0.08202114701271057,0.02420375496149063,0.12417136132717133
0.07971242070198059,-0.13887016475200653,0.06587500125169754,-0.015262583270668983,-0.156046524643898,-0.03305719047784805,0.10019758343696594,0.09985186904668808,-0.07706817239522934,0.1858019381761551,-0.049485716968774796,-0.05908862128853798,-0.2935170531272888,-0.15409786999225616,0.1047968864440918,0.275145024061203,0.0729164108633995,-0.028364431113004684,0.023266512900590897,-0.09881949424743652,0.056593772023916245,0.10199370980262756,0.044983237981796265,-0.06746012717485428,0.057156600058078766,0.0021142044570297003,-0.10895252972841263,-0.14390453696250916,0.34453675150871277,-0.17814457416534424,0.1892724186182022,-0.16855235397815704,0.10291469842195511,-0.025282325223088264,-0.016769256442785263,-0.008196421898901463,0.017177961766719818,-0.1389535516500473,-0.18128132820129395,0.04270878806710243,0.2186300903558731,-0.0010587247088551521,-0.05353341996669769,-0.10135108977556229,0.11737115681171417,-0.07161618024110794,-0.02811400778591633,0.1300472766160965,0.04589936509728432,-0.08769388496875763
-0.15248656272888184,-0.022978954017162323,-0.12327005714178085,0.020224055275321007,-0.0489431731402874,0.06966667622327805,0.040299009531736374,-0.016925109550356865,0.20439393818378448,-0.151558056473732,-0.3042925000190735,0.1738375425338745,0.12180156260728836,0.07793408632278442,0.03940979763865471,-0.05111554265022278,0.01928800716996193,-0.14327457547187805,0.019673654809594154,0.1255950629711151,-0.1176191121339798,-0.015562228858470917,0.055821701884269714,-0.06397721916437149,0.12920159101486206,-0.11762524396181107,-0.1132592037320137,0.03745565935969353,0.10048358887434006,0.12953341007232666,-0.05852896720170975,0.19403484463691711,0.17902640998363495,-0.12177380174398422,-0.09752925485372543,0.07406802475452423,0.09709957987070084,0.06160673126578331,0.004780936054885387,0.061703942716121674,-0.25990864634513855,-0.05818236991763115,0.05304327979683876,-0.12455173581838608,-0.27283066511154175,0.015024219639599323,0.30261948704719543,-0.03833472356200218,-0.06320088356733322,0.06513453274965286
0.10602202266454697,0.249452143907547,0.363471657037735,0.001027712831273675,0.4134100079536438,0.05991514027118683,-0.31360548734664917,0.2066900134086609,0.07561949640512466,-0.17681899666786194,0.1616683304309845,0.008956986479461193,-0.3688013553619385,0.034049734473228455,-0.21963775157928467,-0.2454899251461029,0.1505371481180191,-0.2790646553039551,0.1368710994720459,-0.03069807030260563,-0.0319676548242569,-0.2669604420661926,-0.053742915391922,-0.15673895180225372,-0.032140765339136124,-0.1622290313243866,-0.11701308190822601,0.338759183883667,-0.19355687499046326,0.02665773220360279,-0.11016779392957687,0.06735258549451828,0.10510602593421936,-0.3493015468120575,-0.016028674319386482,-0.08586716651916504,-0.202317014336586,0.20138931274414062,0.2180696427822113,-0.06197868660092354,0.15406475961208344,-0.2867283821105957,-0.12366433441638947,0.008011938072741032,0.08533518016338348,0.30292800068855286,-0.08586349338293076,-0.3413082957267761,-0.024996625259518623,0.14919166266918182
-0.007838035933673382,0.01832783780992031,-0.04917221888899803,0.025225328281521797,-0.1689864993095398,0.06405933201313019,-0.013064948841929436,0.11991603672504425,-0.14610135555267334,0.19831712543964386,0.02529727667570114,-0.20843560993671417,-0.2539346516132355,-0.15154977142810822,0.027848634868860245,0.0800611823797226,-0.1310054361820221,-0.12876568734645844,-0.005805629305541515,0.04128725081682205,0.03128833323717117,0.18719778954982758,-0.10125606507062912,0.16672900319099426,0.11490336060523987,-0.05027405545115471,0.23676447570323944,-0.0430927611887455,0.21277710795402527,-0.0047099473886191845,0.04082328453660011,-0.21049226820468903,0.008100975304841995,0.1649160385131836,0.16904820501804352,-0.08394631743431091,0.023921895772218704,-0.05392961576581001,0.007463543675839901,0.009013194590806961,0.19816821813583374,0.04159142076969147,0.031529463827610016,0.07055027037858963,-0.07326611131429672,0.028530802577733994,-0.007159964181482792,0.1939236968755722,-0.004391191527247429,-0.15984167158603668
0.0311466995626688,0.07643000036478043,0.12125562876462936,0.21692711114883423,0.3404766619205475,-0.2247694730758667,-0.1978599727153778,0.2491702139377594,0.23264186084270477,-0.3332701325416565,0.20697887241840363,0.05403240770101547,0.11478181183338165,0.2568894624710083,-0.0737573578953743,-0.18911248445510864,-0.020414507016539574,-0.16244922578334808,-0.028034478425979614,0.1362990438938141,-0.14062811434268951,-0.2795357406139374,0.05341455712914467,0.06418618559837341,-0.37174132466316223,-0.07193667441606522,0.048579227179288864,0.26755499839782715,-0.15012623369693756,-0.10779492557048798,-0.06450308859348297,0.3112002909183502,-0.12303832173347473,0.09782521426677704,0.16223260760307312,-0.24736233055591583,0.18892523646354675,-0.16376309096813202,0.2857603430747986,-0.030671140179038048,0.2914873957633972,-0.3251055181026459,-0.1537061184644699,0.12829285860061646,-0.1336594969034195,0.061987876892089844,-0.04897673800587654,-0.3837187588214874,-0.05109606683254242,0.020565422251820564
-0.2735094130039215,0.05202377960085869,-0.1440022587776184,0.10167525708675385,-0.03632030263543129,-0.017108069732785225,0.10172409564256668,-0.09945313632488251,0.06536655128002167,-0.16582070291042328,-0.276104599237442,0.14757250249385834,0.07278965413570404,-0.11600027233362198,-0.040047429502010345,-0.000493753410410136,0.0018310226732864976,-0.17849025130271912,0.21692334115505219,-0.046585503965616226,-0.16526713967323303,-0.02047286368906498,0.13233181834220886,0.09318508952856064,0.2158021628856659,-0.07680052518844604,0.2534979283809662,-0.31369099020957947,0.0707462951540947,0.06944017112255096,-0.01875968463718891,0.1896556317806244,-0.009753117337822914,0.008776177652180195,-0.05424100160598755,0.13703691959381104,-0.033307693898677826,-0.047256942838430405,-0.1468423306941986,0.10321463644504547,-0.27073127031326294,-0.0752231553196907,-0.1321621835231781,-0.0032533733174204826,0.048833951354026794,-0.06239153444766998,0.0736677348613739,0.0966903567314148,-0.08122025430202484,0.1677970290184021
-0.06352391093969345,0.05453670024871826,0.06170925498008728,-0.1441739946603775,-0.15651847422122955,0.013468665070831776,0.06713148206472397,-0.15854360163211823,0.03395260125398636,0.21373462677001953,-0.03020329214632511,-0.06109359860420227,0.2456071972846985,-0.049068450927734375,0.21849024295806885,-0.0035457867197692394,0.02188001200556755,0.24899861216545105,0.15805378556251526,-0.26599767804145813,-0.02808466926217079,-0.1927150934934616,-0.10820312798023224,0.0238167867064476,0.12388796359300613,-0.024737659841775894,-0.08976642042398453,-0.02585810422897339,0.15959450602531433,0.06552710384130478,0.09366878867149353,-0.266994446516037,0.16685305535793304,0.20161409676074982,-0.05326423421502113,0.0662296712398529,0.206448495388031,0.029052017256617546,-0.10141856968402863,0.2267407923936844,0.06165280193090439,0.16482491791248322,0.1760493814945221,0.08110208809375763,0.12940490245819092,-0.09390249103307724,-0.08753559738397598,0.05224285647273064,0.0514071099460125,-0.04857771843671799
-0.034437939524650574,-0.23710964620113373,0.0424959622323513,0.07829868048429489,-0.0184088833630085,-0.1282157003879547,0.08833466470241547,-0.14444813132286072,0.01846233755350113,0.01154388953000307,0.03477022796869278,0.24180194735527039,0.03444397822022438,-0.17231015861034393,0.1148260086774826,-0.011198076419532299,0.017074067145586014,0.05500210449099541,-0.08649905025959015,0.1473153531551361,0.21535509824752808,0.09184664487838745,-0.1488262563943863,-0.004663422703742981,-0.007135690655559301,-0.037390127778053284,-0.08026012033224106,-0.17939189076423645,-0.14928071200847626,-0.09281797707080841,0.10426405072212219,0.17917850613594055,-0.053196392953395844,-0.0022435104474425316,0.13327515125274658,0.040783751755952835,-0.0593496710062027,0.23862703144550323,-0.19787485897541046,-0.06972215324640274,-0.08045807480812073,-0.07935776561498642,0.08425538241863251,-0.12719862163066864,0.08298104256391525,-0.015539110638201237,0.15323178470134735,0.14479905366897583,-0.053297847509384155,-0.28897151350975037
-0.0715445876121521,-0.21398678421974182,0.010567701421678066,0.017946695908904076,-0.1157136932015419,-0.05615232512354851,-0.0028267516754567623,-0.21312151849269867,0.10844287276268005,0.03479950875043869,0.17040562629699707,-0.001382448012009263,-0.0686570554971695,-0.020194541662931442,0.12073927372694016,0.04897809401154518,-0.01020432636141777,0.01940050534904003,-0.12308841943740845,0.06715657562017441,0.134782075881958,0.16694173216819763,0.031030787155032158,0.0841716080904007,0.011928509920835495,0.0559760257601738,0.05151740461587906,0.12580877542495728,-0.08814555406570435,-0.06584443897008896,0.05195963382720947,0.11655561625957489,-0.09788938611745834,0.2562280595302582,0.18518613278865814,0.020401520654559135,-0.1332244575023651,-0.02097567543387413,-0.07946495711803436,0.08920375257730484,0.1398366391658783,-0.01869797520339489,-0.03285874426364899,-0.06258083134889603,-0.1401776820421219,-0.08379066735506058,0.12407868355512619,-0.05205715447664261,-0.040978047996759415,-0.33524569869041443
-0.2573612332344055,-0.13262544572353363,-0.13296309113502502,-0.12922900915145874,-0.12226691097021103,-0.1777978092432022,0.2214520424604416,0.21582625806331635,-0.16576334834098816,0.010816016234457493,-0.08876509964466095,0.1765047311782837,0.36022406816482544,0.23275126516819,0.1439550817012787,0.06316149979829788,-0.017215555533766747,0.15350332856178284,-0.05906246602535248,0.001303000608459115,-0.07215133309364319,0.14457939565181732,0.026653453707695007,0.11377865076065063,-0.05198359861969948,-0.012821768410503864,-0.17667335271835327,-0.34905388951301575,-0.015362748876214027,0.08245335519313812,-0.20749838650226593,0.15710826218128204,-0.15020515024662018,-0.11987283825874329,-0.06294450163841248,-0.04512392729520798,0.1814429759979248,-0.17025771737098694,-0.037459295243024826,0.05256586894392967,-0.046082135289907455,-0.040546711534261703,-0.20941466093063354,-0.012847356498241425,0.11182050406932831,-0.2831338047981262,-0.1292451173067093,0.14140240848064423,-0.22163598239421844,0.03449862077832222
-0.1768026053905487,0.03978612273931503,0.11144833266735077,-0.018102502450346947,-0.07505502551794052,0.2977747321128845,-0.3606155812740326,0.3310837149620056,-0.07611870765686035,-0.02308916486799717,-0.1409444510936737,-0.05687888711690903,-0.11441248655319214,-0.03485192358493805,-0.0632198229432106,0.09248533844947815,0.23514921963214874,0.10374148935079575,0.06311780214309692,-0.07072225958108902,-0.026817286387085915,0.06359601765871048,0.04362665116786957,0.0019631274044513702,-0.3166692852973938,-0.18480300903320312,-0.1966308057308197,-0.01733042672276497,-0.06358444690704346,-0.03846464678645134,-0.1507282257080078,-0.04299388825893402,-0.11220738291740417,-0.19713810086250305,0.01496831513941288,-0.04325743392109871,-0.014883489347994328,-0.08540979772806168,0.08920413255691528,-0.2790042757987976,0.08980324864387512,-0.23473791778087616,-0.20358605682849884,0.007374461740255356,0.3123323619365692,-0.03236596658825874,0.07853562384843826,0.050306763499975204,-0.26392462849617004,0.082661934196949
-0.11864890158176422,-0.02720801718533039,-0.25284361839294434,-0.14451304078102112,-0.08525010943412781,0.05111110582947731,0.11013729870319366,0.08017319440841675,-0.14826492965221405,0.015438715927302837,-0.1980155110359192,-0.09088579565286636,-0.163161963224411,0.23007337749004364,-0.23357616364955902,0.2166106402873993,0.051377229392528534,0.11994007229804993,0.09946753829717636,-0.3643714189529419,-0.17753617465496063,0.020482199266552925,-0.04406566917896271,-0.21016259491443634,0.0530080571770668,0.07692214101552963,0.15442843735218048,-0.13836981356143951,0.05706579238176346,0.23462584614753723,-0.07128287106752396,-0.031880736351013184,-0.01629386655986309,-0.011784717440605164,0.02697233483195305,-0.2904816269874573,0.07223579287528992,0.07342790067195892,-0.06630965322256088,-0.03141140937805176,-0.0018883112352341413,0.021087750792503357,-0.19621144235134125,-0.2914472222328186,0.3006667196750641,-0.06403707712888718,0.16604630649089813,-0.00610411586239934,-0.15459313988685608,0.09994997084140778
0.1843680590391159,-0.07316591590642929,0.12963666021823883,-0.09303365647792816,0.04735511541366577,0.045355089008808136,0.010411348193883896,0.1593257635831833,-0.08776839077472687,0.26976755261421204,0.1909112185239792,-0.06136873736977577,0.0749717578291893,0.22931534051895142,0.12811870872974396,0.24449129402637482,0.15456445515155792,0.38305559754371643,0.03873470425605774,-0.009075479581952095,-0.17706409096717834,0.10808752477169037,-0.02358441799879074,-0.16477937996387482,0.058602575212717056,-0.05805692449212074,-0.09061218798160553,-0.270542174577713,0.13847067952156067,-0.2228679060935974,0.09316406399011612,-0.0937759205698967,-0.11286170035600662,0.05864782631397247,0.1054040789604187,-0.26334524154663086,0.09634647518396378,-0.13899964094161987,-0.054366376250982285,-0.035716235637664795,0.20138487219810486,0.17933472990989685,-0.0037350021302700043,0.07793992757797241,0.013059109449386597,-0.20122942328453064,0.008727985434234142,0.08467715978622437,0.057801503688097,-0.24870428442955017
0.10912637412548065,-0.031309474259614944,-0.29058000445365906,-0.23152348399162292,-0.3095806837081909,0.038987450301647186,0.07598341256380081,0.03702442720532417,-0.08936820179224014,0.08612409234046936,-0.04961801692843437,-0.20405052602291107,-0.26047369837760925,-0.07904582470655441,-0.20720241963863373,-0.09217654913663864,0.01414409652352333,-0.17349889874458313,0.08041445910930634,-0.22479148209095,-0.12656712532043457,-0.06891081482172012,0.15039898455142975,-0.14582207798957825,0.13989166915416718,-0.17856894433498383,0.047327183187007904,0.06189167872071266,0.22967387735843658,-0.08082925528287888,-0.10616525262594223,-0.0950377881526947,-0.1905054897069931,-0.08136110752820969,-0.10865233838558197,0.05505092069506645,0.05197557434439659,-0.08431883156299591,-0.14214399456977844,-0.09269735962152481,0.012197721749544144,0.09121566265821457,-0.14249366521835327,0.007930104620754719,0.18552346527576447,0.005052865948528051,-0.0075012738816440105,-0.12433408200740814,0.031609371304512024,0.2076973021030426
0.12794314324855804,0.0015167611418291926,0.13017265498638153,0.005162373650819063,-0.049149151891469955,-0.30485799908638,-0.12447478622198105,-0.06044862046837807,0.3102456033229828,0.08778151124715805,0.32642754912376404,0.06682372838258743,0.12460356950759888,-0.19243064522743225,-0.004947373643517494,-0.16771365702152252,-0.05436232313513756,-0.1293286234140396,0.11972332745790482,0.2805221378803253,0.06484723836183548,-0.0003071395040024072,-0.1620575189590454,0.05284343659877777,0.042306095361709595,-0.0063484665006399155,-0.07845111191272736,0.13548128306865692,0.17571580410003662,-0.06732180714607239,-0.014458752237260342,0.03218705952167511,-0.025398485362529755,0.12109262496232986,0.15147821605205536,0.1642938256263733,0.017858775332570076,-0.050899773836135864,-0.03684525936841965,0.04374806955456734,0.1956077367067337,-0.00457755196839571,-0.017303163185715675,-0.0508720688521862,-0.42539218068122864,0.09353882819414139,-0.0367579348385334,-0.30619317293167114,-0.034479983150959015,-0.048585306853055954
-0.0382523350417614,0.2104455828666687,-0.10702446103096008,0.15113073587417603,0.1665414571762085,0.0906897708773613,-0.14076633751392365,0.08465033769607544,0.03845052793622017,0.0844690129160881,-0.12066950649023056,-0.04289684072136879,0.13987520337104797,0.09994631260633469,-0.04095526784658432,-0.18228964507579803,0.04404587671160698,0.026910051703453064,0.22149522602558136,-0.1086629182100296,0.0010148972505703568,0.07560752332210541,-0.06000925973057747,-0.009361941367387772,0.0181355569511652,-0.16738928854465485,0.03494606539607048,-0.09762686491012573,0.09400197863578796,-0.042620863765478134,-0.08773908764123917,-0.14053140580654144,0.06303346902132034,0.06114588677883148,-0.002920999191701412,-0.053764648735523224,-0.043738771229982376,-0.003477010875940323,-0.02315419726073742,-0.056721724569797516,0.1585373878479004,-0.054196324199438095,0.07485612481832504,-0.02314823679625988,-0.0574907623231411,0.05402504280209541,-0.3153937757015228,-0.041499052196741104,-0.10470319539308548,0.2071514129638672
0.049460310488939285,0.10321373492479324,-0.07459753751754761,0.02664816565811634,0.1191248670220375,-0.02137460745871067,-0.01855793409049511,-0.11672252416610718,-0.0362333282828331,-0.08757276833057404,-0.053839754313230515,-0.102199487388134,0.030766543000936508,0.20762193202972412,0.031174207106232643,-0.1055101528763771,0.08168719708919525,-0.08531364798545837,-0.06302334368228912,-0.16883789002895355,-0.2972095012664795,-0.1011299267411232,0.23732420802116394,0.27237221598625183,0.081590436398983,-0.015542601235210896,0.13506707549095154,-0.023447619751095772,-0.028313379734754562,-0.007314187008887529,0.03925276920199394,0.04617736488580704,0.13484841585159302,0.3440517783164978,-0.17370963096618652,0.1601596176624298,0.07151568681001663,-0.15977494418621063,0.1812659502029419,-0.03983211889863014,-0.15693874657154083,-0.05512851104140282,-0.060337889939546585,0.04771720990538597,0.14295126497745514,-0.033091675490140915,-0.06328386068344116,0.09763379395008087,0.00930055696517229,0.16285225749015808
0.02428548038005829,-0.19359959661960602,-0.08999170362949371,-0.16209261119365692,-0.26312482357025146,0.23173420131206512,0.09812536090612411,-0.1409396082162857,0.14691044390201569,-0.07350146025419235,0.11382728815078735,0.14331631362438202,0.0355362743139267,0.086589016020298,0.016163205727934837,-0.16316241025924683,-0.11720038950443268,-0.20245541632175446,0.21611280739307404,0.05508649721741676,0.22549082338809967,-0.0014850676525384188,0.20433008670806885,0.20382997393608093,0.27272742986679077,-0.03348010033369064,-0.129450723528862,-0.23263192176818848,0.19690263271331787,0.07886512577533722,-0.09396536648273468,0.05631239712238312,-0.0637129545211792,0.14553377032279968,-0.10499334335327148,0.15707698464393616,0.1670851856470108,-0.21893823146820068,-0.15145424008369446,0.030221862718462944,-0.11714551597833633,0.24068740010261536,0.03105233609676361,-0.0036800315137952566,-0.1360466033220291,-0.09647952765226364,-0.014100845903158188,-0.047690942883491516,0.021474679931998253,0.26159510016441345
0.009812446311116219,-0.029937786981463432,0.028233088552951813,-0.031082138419151306,-0.051573194563388824,0.15219177305698395,-0.12480580806732178,0.15284894406795502,-0.13412810862064362,-0.017668912187218666,0.014996708370745182,-0.13832804560661316,0.0580216608941555,0.002435304457321763,-0.051061924546957016,-0.09763407707214355,0.19673128426074982,-0.08869071304798126,-0.018928298726677895,-0.2293737381696701,0.089448943734169,0.05929609388113022,0.07126791030168533,0.0024023898877203465,-0.04377366974949837,-0.07089342921972275,0.004410729277879,-0.03865787759423256,0.07746125757694244,0.0293461624532938,0.032885242253541946,-0.10364342480897903,0.026611002162098885,-0.26104798913002014,-0.1082819327712059,-0.038194335997104645,0.13418477773666382,-0.08294804394245148,0.03549932688474655,-0.019305022433400154,0.013132977299392223,0.042872145771980286,-0.13172070682048798,0.03659340366721153,0.04822322726249695,-0.05945074185729027,-0.00807478278875351,0.0038153724744915962,0.0017863783286884427,0.28228017687797546
-0.12846945226192474,-0.07403106987476349,0.0017106937011703849,0.11123088747262955,-0.037374287843704224,-0.24305298924446106,0.1397959291934967,0.11631350219249725,-0.021746104583144188,-0.2049672156572342,0.09881637990474701,0.15130159258842468,0.1675174981355667,-0.07551208138465881,-0.09581432491540909,0.1325162798166275,-0.0913146436214447,0.0246433038264513,-0.16695281863212585,0.20334157347679138,0.13148903846740723,0.05222256854176521,-0.0847223699092865,0.007326665800064802,-0.03308926895260811,-0.11484508216381073,0.0705525130033493,-0.1535542905330658,-0.3306770920753479,-0.11932594329118729,0.15940217673778534,0.2906056046485901,0.16294671595096588,0.009349391795694828,0.224554181098938,-0.013456562533974648,-0.0796634629368782,-0.28581395745277405,0.22311334311962128,0.04210595786571503,-0.08536125719547272,-0.09304255992174149,-0.2304576188325882,0.10459242016077042,-0.11376094818115234,0.06561470776796341,-0.08085589110851288,0.013225207105278969,0.01493600383400917,0.09541092067956924
-0.017876531928777695,-0.32277435064315796,0.2114086151123047,0.029491227120161057,-0.0731961727142334,-0.06713288277387619,0.20206622779369354,0.04925534129142761,0.12256640195846558,-0.035411447286605835,0.016116535291075706,0.3305043876171112,0.17899641394615173,-0.06810837239027023,-0.029371730983257294,0.19485916197299957,0.17217351496219635,-0.11110331118106842,-0.06613513827323914,0.06931350380182266,0.10994890332221985,0.15056972205638885,-0.11042862385511398,0.0173407644033432,-0.17525891959667206,0.0389590747654438,-0.055189721286296844,-0.04932777211070061,-0.06331168115139008,0.03570128604769707,-0.056706205010414124,0.2812809944152832,-0.17476199567317963,-0.2980744242668152,0.09343603253364563,-0.09381400793790817,-0.1607360690832138,-0.09240628778934479,0.09181664884090424,-0.009581808000802994,0.04340988025069237,-0.018093856051564217,-0.010221034288406372,-0.023774320259690285,-0.002242197748273611,0.08257695287466049,0.16100941598415375,-0.07199714332818985,-0.29873719811439514,-0.1379132866859436
-0.010072505101561546,-0.014704220928251743,-0.22391006350517273,0.033410798758268356,0.01605113595724106,-0.09800887852907181,0.21027207374572754,-0.21338357031345367,-0.044802431017160416,-0.1147214025259018,-0.10207896679639816,0.0419817753136158,0.0024483073502779007,-0.20644304156303406,0.06330802291631699,-0.0008107961039058864,0.017864763736724854,-0.25082987546920776,-0.2200133055448532,0.07630529254674911,0.052175816148519516,0.22011332213878632,-0.0315188430249691,0.012401793152093887,-0.08006614446640015,0.07992395013570786,-0.048979029059410095,0.025271283462643623,0.06440075486898422,-0.027936158701777458,0.053543027490377426,-0.07235913723707199,-0.03449515253305435,0.36158958077430725,0.03946579247713089,0.16020913422107697,-0.05610685795545578,0.09962069243192673,0.09525614976882935,0.09282121807336807,-0.160539910197258,-0.056837234646081924,0.11813613772392273,0.03678341954946518,-0.08896953612565994,-0.04676971957087517,0.04480675607919693,0.12486150115728378,0.12221206724643707,-0.17225861549377441
0.04651836305856705,0.13963682949543,-0.08279237151145935,-0.08932605385780334,0.09360548853874207,-0.11769284307956696,-0.17293663322925568,0.23893538117408752,-0.08040162920951843,-0.07923294603824615,-0.05168918892741203,-0.20713339745998383,0.19805122911930084,0.2777383625507355,-0.08195938169956207,-0.1589370220899582,0.09843990951776505,-0.10186509788036346,0.2253863364458084,-0.1099374070763588,-0.05928732454776764,-0.11486442387104034,0.14943940937519073,0.18199442327022552,0.15376435220241547,0.13105888664722443,0.037365976721048355,0.361303448677063,-0.04245293512940407,-0.005727820098400116,-0.08651725947856903,-0.018690675497055054,0.32193559408187866,-0.14160960912704468,-0.11238840967416763,-0.042742010205984116,0.09255194664001465,-0.029554931446909904,0.2607077360153198,-0.009509396739304066,0.1237739846110344,-0.1102643832564354,-0.07779745757579803,-0.036367978900671005,-0.1291152685880661,-0.07586269825696945,0.08191737532615662,-0.15571458637714386,-0.023874815553426743,0.22049716114997864
-0.03131718933582306,0.08278480172157288,0.037681955844163895,0.12765122950077057,0.16313429176807404,-0.07376248389482498,0.08411994576454163,-0.02832573652267456,-0.257609099149704,-0.17164266109466553,-0.06011056527495384,-0.2698512077331543,0.12083170562982559,-0.011279845610260963,0.054258644580841064,0.09048911929130554,0.05081477016210556,0.39869529008865356,-0.02601628378033638,0.01370367594063282,-0.21500861644744873,-0.09445462375879288,0.03290989249944687,-0.030346890911459923,-0.20256763696670532,0.01204301230609417,0.022908547893166542,0.06324324011802673,-0.2011283040046692,0.03657897189259529,0.12550309300422668,-0.07225584238767624,0.030690092593431473,0.25983506441116333,0.1462237387895584,-0.05738260596990585,-0.17938779294490814,0.08111847192049026,0.2553263306617737,0.19462068378925323,-0.267206072807312,-0.05116382986307144,0.048226986080408096,0.1336643099784851,0.01390381995588541,0.062226392328739166,-0.09050434082746506,0.22052879631519318,0.11416246742010117,0.0878303050994873
0.15047873556613922,0.11305107921361923,0.16079603135585785,-0.060433339327573776,-0.08083047717809677,-0.17992670834064484,-0.058456216007471085,-0.09614797681570053,0.009264244697988033,0.04308820888400078,0.07067789137363434,0.10950177907943726,-0.1932189017534256,-0.20996707677841187,0.0461764819920063,-0.03446894884109497,0.06561332941055298,0.022296544164419174,0.021313605830073357,0.12364593148231506,-0.007540620397776365,0.16740068793296814,-0.011318745091557503,-0.11578039079904556,-0.104766346514225,0.03803694620728493,0.09088673442602158,-0.009316659532487392,0.19074475765228271,-0.1642715334892273,0.08364351838827133,-0.15999913215637207,-0.032081227749586105,-0.09523852169513702,0.08007781952619553,-0.11616925895214081,-0.05431614816188812,0.15654653310775757,-0.09258265048265457,0.049116212874650955,0.13137148320674896,-0.059737637639045715,-0.25557348132133484,0.06865914911031723,0.06951305270195007,-0.12287521362304688,-0.18929317593574524,-0.06803613901138306,0.11587842553853989,-0.049665890634059906
-0.15179316699504852,0.011981003917753696,-0.14387984573841095,0.07630474865436554,-0.04625425860285759,0.2630184590816498,0.05616367980837822,-0.2310839146375656,0.1481325924396515,0.07997681200504303,-0.033935803920030594,0.21220754086971283,-0.0030620708130300045,-0.0056563434191048145,-0.051848988980054855,-0.0962684229016304,-0.2347535341978073,-0.12202830612659454,0.06344806402921677,0.140716090798378,0.04514245316386223,0.014342299662530422,0.019023213535547256,0.010637959465384483,0.11139456927776337,-0.02570333518087864,-0.12155915796756744,-0.08301222324371338,0.14589382708072662,0.21576189994812012,-0.1293620616197586,0.007747992407530546,0.006068122573196888,0.05256577208638191,0.05830705538392067,-0.026098202913999557,0.06694232672452927,0.05929247662425041,-0.2196502387523651,0.0411476232111454,0.07272902876138687,0.037135012447834015,0.004160217009484768,-0.011842066422104836,0.07954923063516617,0.04332873970270157,-0.054649367928504944,-0.20244558155536652,-0.05316818132996559,-0.03781803324818611
0.12895916402339935,-0.041928958147764206,0.1968534141778946,-0.003290415508672595,0.2026299089193344,-0.12335263937711716,-0.18309351801872253,-0.14033198356628418,0.1538979560136795,-0.24913209676742554,0.21563592553138733,0.18180662393569946,-0.1846712827682495,0.0014499288517981768,-0.04523520544171333,-0.2608070373535156,-0.03360539674758911,-0.1581791788339615,-0.21339713037014008,0.1197025254368782,0.13389952480793,-0.06927066296339035,-0.21539387106895447,0.2057579606771469,-0.03091362491250038,0.09873378276824951,-0.04254452884197235,0.3901020288467407,-0.004420352168381214,-0.13614438474178314,-0.027044571936130524,0.048698317259550095,0.011713623069226742,0.1123683899641037,0.012757259421050549,0.2972339987754822,-0.29965224862098694,0.0006878810818307102,0.0387052521109581,0.26460957527160645,-0.055763352662324905,-0.26787254214286804,0.3775429427623749,-0.04943093657493591,-0.036286890506744385,0.08437264710664749,-0.2381414771080017,-0.20917755365371704,-0.033442262560129166,-0.14921708405017853
0.23498454689979553,-0.05411352962255478,-0.04640249162912369,-0.10338389873504639,-0.1230214387178421,0.07523009926080704,-0.21965935826301575,0.18988803029060364,0.06021176278591156,0.06769177317619324,-0.08934064954519272,-0.0477125309407711,-0.4326126277446747,-0.019321702420711517,-0.06186725199222565,-0.23546478152275085,-0.17725786566734314,-0.08095908910036087,0.26909857988357544,-0.2529006898403168,-0.04653836786746979,0.30284613370895386,-0.1316385716199875,-0.15884390473365784,0.29179441928863525,-0.045344557613134384,0.05898765102028847,-0.01100314874202013,0.07019966840744019,0.03493649140000343,-0.034311506897211075,-0.05346165597438812,0.06705229729413986,0.13430187106132507,-0.0715545043349266,0.06407858431339264,0.22688278555870056,0.054338905960321426,-0.06849122792482376,0.040028493851423264,-0.08195672929286957,-0.0561082549393177,-0.05204245075583458,0.21473746001720428,0.020003220066428185,-0.12846821546554565,-0.08103694766759872,0.13695086538791656,-0.006461407523602247,0.05061960965394974
-0.1828421652317047,-0.0957663282752037,-0.05804284289479256,-0.05925530195236206,0.01116587221622467,0.20585446059703827,0.23214256763458252,-0.0020204612519592047,-0.019991127774119377,0.18163587152957916,-0.13794280588626862,0.12447896599769592,0.19590671360492706,0.12622451782226562,0.09240864217281342,0.2410876303911209,0.20570223033428192,0.03710346296429634,-0.06308383494615555,-0.16288653016090393,0.03416520357131958,0.1547255516052246,0.16001296043395996,0.15044371783733368,0.048283595591783524,0.023927710950374603,-0.11305364221334457,-0.34570518136024475,-0.09573100507259369,0.17220933735370636,-0.2093227356672287,0.1590689718723297,0.0802137553691864,0.0014252837281674147,-0.11667712777853012,-0.04412475973367691,0.1788797378540039,-0.053173817694187164,0.2262001782655716,0.081397645175457,0.03013710305094719,0.20998871326446533,-0.24232038855552673,-0.05860721319913864,-0.06269524991512299,-0.10125064104795456,-0.011759130284190178,-0.13015802204608917,-0.07862531393766403,0.08233638852834702
0.00430435361340642,-0.02399156428873539,0.014782924205064774,-0.20139290392398834,0.030452311038970947,-0.21935056149959564,-0.015306179411709309,0.4020841121673584,-0.1547657996416092,0.13201932609081268,0.09961917251348495,-0.10301864147186279,-0.022375386208295822,0.1560177206993103,0.01721807010471821,0.17167013883590698,0.07882422208786011,0.10077632963657379,-0.16932621598243713,0.04049987345933914,0.02709456905722618,-0.18025967478752136,-0.0023605285678058863,-0.15358997881412506,-0.09270196408033371,-0.17601054906845093,0.15437784790992737,0.21569348871707916,-0.13932445645332336,-0.07399138808250427,0.0519581139087677,-0.03316491097211838,0.012021590024232864,0.11448115110397339,0.025839263573288918,-0.30125892162323,0.19050827622413635,-0.09921970218420029,0.05829499289393425,-0.12400293350219727,0.10206910222768784,0.054393235594034195,-0.05779962241649628,-0.014256737194955349,-0.12498235702514648,0.01531094778329134,-0.12879331409931183,-0.15014681220054626,-0.09899752587080002,-0.03007197007536888
