0.014950184151530266,0.013697369955480099,-0.01642988808453083,0.03459995239973068,0.026715517044067383,-0.12201333791017532,-0.0813051238656044,-0.006731600500643253,-0.17973725497722626,0.14216969907283783,0.004458849783986807,0.3161323666572571,-0.05223583057522774,-0.21432125568389893,-0.005204120650887489,0.1320895403623581,-0.13809356093406677,-0.13638797402381897,0.03153592348098755,-0.030898593366146088,0.1436513364315033,-0.02991785854101181,0.169894739985466,0.16024093329906464,-0.1775251179933548,-0.3906431496143341,0.2721135914325714,0.12230829894542694,0.006999023724347353,0.10605381429195404,-0.24754828214645386,0.0880950316786766,-0.06374897062778473,-0.057047002017498016,-0.07622120529413223,-0.08049675822257996,-0.19211766123771667,0.05128367617726326,-0.06515911221504211,-0.05443118140101433,0.009164893068373203,0.07907544821500778,0.002571772551164031,0.03559766337275505,0.041699472814798355,-0.07144626975059509,-0.08527664840221405,0.20103266835212708,0.12828359007835388,0.0462479442358017
0.011331608518958092,0.1784006506204605,-0.012196501716971397,0.45399489998817444,0.1130833625793457,0.10606227815151215,-0.022638369351625443,0.03057853877544403,0.09182091057300568,0.04153836891055107,0.0374477244913578,-0.012788919731974602,-0.033871542662382126,0.08932866156101227,0.1196671798825264,0.15612736344337463,-0.27559521794319153,0.010725968517363071,0.05494271591305733,-0.2633034884929657,-0.06762199103832245,0.1580399125814438,-0.02371394820511341,0.01883081905543804,0.1015162393450737,0.08065091818571091,0.10661478340625763,-0.05035923793911934,0.08496125042438507,-0.12313181906938553,0.011729540303349495,-0.13760194182395935,-0.09102719277143478,-0.024245169013738632,0.13724203407764435,0.1217813491821289,-0.028759967535734177,-0.06693051010370255,-0.11293637007474899,0.04438143968582153,0.04777522385120392,-0.06738616526126862,0.16087935864925385,0.37268728017807007,-0.18431836366653442,-0.03337903693318367,-0.04373473301529884,-0.050624385476112366,0.18617339432239532,0.0015278832288458943
-0.005882852245122194,0.10519777238368988,-0.15374013781547546,-0.0862254649400711,0.052273400127887726,0.010657495819032192,-0.1133653074502945,0.12910692393779755,0.16269610822200775,-0.10518313199281693,0.29229408502578735,0.038065794855356216,0.17031946778297424,0.029229093343019485,-0.0776074156165123,0.00477222166955471,0.07878439128398895,-0.22813333570957184,-0.30234888195991516,-0.21595370769500732,-0.003586761187762022,0.02941880188882351,0.11433908343315125,0.14395397901535034,-0.13117264211177826,-0.09288351237773895,-0.22299903631210327,0.13189660012722015,-0.06753245741128922,0.03459741175174713,0.26093295216560364,0.03659581020474434,-0.11850142478942871,0.07997855544090271,-0.231728196144104,-0.0970308780670166,-0.12795628607273102,0.057139359414577484,-0.001477693091146648,-0.10301612317562103,-0.03386816009879112,0.0018733118195086718,0.19282770156860352,0.08226559311151505,0.0654742568731308,-0.03864191100001335,0.1001860499382019,-0.14627143740653992,-0.05851423367857933,-0.02660258859395981
0.08979611843824387,-0.0500803217291832,0.07367200404405594,-0.05341470241546631,-0.06646690517663956,-0.03268389031291008,0.030186953023076057,-0.007570495363324881,0.064201720058918,-0.0403296984732151,-0.04270673543214798,-0.20877353847026825,0.12720833718776703,-0.5018846392631531,0.036508601158857346,0.10962320864200592,-0.028887314721941948,-0.15277530252933502,0.05065805837512016,-0.3361492156982422,-0.007847853936254978,0.04457644745707512,-0.017476066946983337,0.0666527971625328,0.08413528650999069,-0.004127847962081432,0.08594334125518799,0.008812934160232544,0.08410204201936722,-0.06716614216566086,0.11713634431362152,0.04648517817258835,0.09044810384511948,-0.12352695316076279,0.1616506725549698,0.02583424374461174,-0.030595162883400917,0.07200837135314941,0.21750928461551666,-0.06753619760274887,0.07967235893011093,0.12279848754405975,0.01580304093658924,-0.026022400707006454,-0.08201640844345093,-0.09995431452989578,0.14433296024799347,0.003909447230398655,0.006819562986493111,-0.06853768974542618
0.05579572170972824,-0.16467079520225525,-0.11838369071483612,0.06221850588917732,-0.07132048904895782,-0.0946458950638771,0.24713923037052155,-0.05075490102171898,-0.06051585450768471,0.0013283699518069625,0.22131645679473877,-0.0037284467834979296,0.12499397993087769,0.051545072346925735,-0.029942426830530167,0.03439006954431534,0.12161596864461899,-0.06193290278315544,0.3459666669368744,0.022130224853754044,-0.24049392342567444,0.08649319410324097,0.18806864321231842,0.07584453374147415,0.051773153245449066,0.14122937619686127,-0.0401059165596962,0.05565313622355461,-0.009410815313458443,0.13212592899799347,-0.09085627645254135,0.05262886360287666,-0.15518152713775635,-0.09110082685947418,-0.20266158878803253,0.015633126720786095,-0.1655873954296112,-0.34569934010505676,0.07965847849845886,0.012471267022192478,-0.07639829814434052,0.08497335016727448,-0.050524692982435226,-0.0077851442620158195,-0.07832615822553635,-0.04576610028743744,-0.12643006443977356,0.1199951246380806,0.03737025707960129,-0.1511916220188141
-0.1394340693950653,0.039829786866903305,0.04829041659832001,-0.026029083877801895,0.0059500751085579395,0.11194576323032379,0.027083467692136765,0.1483691930770874,0.001332881860435009,-0.09502115100622177,0.013925911858677864,0.0035513569600880146,-0.13166068494319916,-0.18611736595630646,0.11838290840387344,0.05486441031098366,-0.04498060792684555,0.19002372026443481,0.21053269505500793,-0.3206278383731842,-0.11588742583990097,-0.15494289994239807,0.05921134352684021,-0.19904711842536926,0.11547774821519852,0.013543255627155304,-0.11505351960659027,0.09630172699689865,0.09877223521471024,0.20260171592235565,0.1854604035615921,0.07363373786211014,-0.09445472061634064,-0.04908418282866478,0.09606410562992096,-0.2427280694246292,-0.04666142165660858,-0.02729904279112816,-0.23139688372612,0.040672868490219116,0.026076819747686386,-0.1377694308757782,0.09353754669427872,-0.006040104664862156,0.04886523634195328,0.090178482234478,-0.3422846794128418,-0.0041951388120651245,0.007356312591582537,0.20672084391117096
-0.16600249707698822,-0.044351726770401,-0.08501287549734116,-0.06304401159286499,0.00839660782366991,-0.049223270267248154,0.160626620054245,-0.3698001801967621,0.03232068568468094,-0.0559246651828289,-0.059839051216840744,-0.003431569319218397,0.12447430193424225,-0.06552107632160187,-0.13835018873214722,0.07699260115623474,-0.09262730926275253,0.08782544732093811,-0.10763203352689743,-0.19747047126293182,0.04454809054732323,-0.1474958062171936,0.13318610191345215,-0.49130210280418396,-0.163932204246521,-0.05509088933467865,-0.05433522164821625,-0.04603547975420952,-0.06953606754541397,0.04898041859269142,0.025762850418686867,-0.08710284531116486,-0.24228571355342865,-0.13419026136398315,0.16125135123729706,0.0638882964849472,-0.08757762610912323,-0.00018290954176336527,-0.11871034651994705,-0.03496710583567619,0.042037174105644226,-0.09088360518217087,-0.0024535858538001776,0.03480798751115799,-0.09090889245271683,-0.04850955680012703,0.2299421727657318,0.14351791143417358,0.05153350532054901,-0.010263757780194283
0.05158165097236633,-0.24373167753219604,-0.041647765785455704,-0.24575839936733246,-0.009897163137793541,0.16957831382751465,0.10649695247411728,0.02936077117919922,-0.015146874822676182,-0.01855202578008175,-0.019093802198767662,0.16287781298160553,-0.2008989453315735,0.2426767498254776,-0.16398288309574127,0.0020804109517484903,-0.01898760348558426,-0.0901992917060852,0.1265290379524231,-0.1967199444770813,-0.03775714710354805,-0.04074619337916374,0.22716841101646423,-0.00797831267118454,0.14010076224803925,-0.22932779788970947,0.02010495960712433,0.10799764096736908,0.03968663513660431,-0.05137645825743675,0.1237916499376297,-0.2086775302886963,0.05012446269392967,0.02325613796710968,0.2739942967891693,0.016815371811389923,0.009805024601519108,0.05686144158244133,-0.016334349289536476,0.027964694425463676,-0.008692743256688118,-0.2479441612958908,0.04066789150238037,-0.06883613020181656,0.0018697410123422742,-0.23222121596336365,0.012803955003619194,0.06394608318805695,0.03302706032991409,-0.20088087022304535
0.2169034779071808,-0.169405996799469,0.027834823355078697,0.055265724658966064,-0.003664173651486635,0.024999108165502548,-0.0779125764966011,-0.14578399062156677,0.13060539960861206,-0.4479309320449829,-0.10108882188796997,-0.004172398243099451,0.23708315193653107,0.170595183968544,0.012041132897138596,0.0910152941942215,0.10918303579092026,0.10238629579544067,0.027036957442760468,-0.18303382396697998,0.04919445142149925,-0.062074095010757446,0.013626914471387863,-0.07355803996324539,0.0763077512383461,-0.10056070983409882,-0.021273301914334297,0.14630767703056335,0.04941462352871895,-0.09816548228263855,-0.1615801602602005,0.08206750452518463,0.12864422798156738,-0.04203168675303459,0.032894302159547806,-0.18527604639530182,0.1385868489742279,-0.11205585300922394,0.10063217580318451,0.3533678650856018,0.01424148865044117,0.06334778666496277,0.02105044759809971,0.18576858937740326,0.028551464900374413,0.01978578045964241,0.08547802269458771,0.0853913277387619,-0.05455303192138672,0.13596075773239136
0.12138938158750534,0.019272729754447937,-0.038154058158397675,-0.2054881900548935,0.06984061002731323,0.009146337397396564,0.01663360930979252,0.3512928783893585,0.14735347032546997,-0.020296361297369003,-0.01580144837498665,0.030741367489099503,0.033856768161058426,-0.14250315725803375,-0.013329840265214443,-0.0644122064113617,-0.12703679502010345,0.005814867559820414,0.06274330615997314,-0.06440699845552444,0.05937740579247475,-0.0952918753027916,-0.11803504824638367,0.042066268622875214,0.011196144856512547,-0.023440390825271606,-0.112794429063797,-0.06970016658306122,-0.17062172293663025,-0.06385871767997742,-0.29215213656425476,-0.15459051728248596,-0.03125275298953056,0.1491909921169281,0.03385188803076744,0.1754295527935028,-0.07055255025625229,-0.030587129294872284,-0.2664859890937805,-0.1281946897506714,0.29122671484947205,-0.004566716030240059,0.13444431126117706,-0.020081231370568275,-0.05376583710312843,0.062369298189878464,0.10349269211292267,0.05395032837986946,0.19309194386005402,-0.05342880263924599
-0.11177732795476913,0.12532004714012146,0.005919117946177721,-0.06797489523887634,0.0034774355590343475,0.03580008074641228,0.30371034145355225,-0.24871280789375305,0.042592603713274,0.049107760190963745,-0.09767378866672516,0.049681130796670914,-0.016287926584482193,-0.018862847238779068,-0.08012212812900543,-0.21422253549098969,-0.247885063290596,0.24889416992664337,-0.2979021668434143,-0.24378514289855957,0.03370499610900879,-0.07908729463815689,0.1679311841726303,0.4196198880672455,-0.002315659774467349,0.03839090093970299,-0.027283668518066406,-0.03425625339150429,-0.22468315064907074,0.07176340371370316,-0.17509789764881134,0.00862722285091877,0.30646082758903503,-0.13121606409549713,-0.03674674034118652,0.002486452227458358,0.0328948087990284,-0.05426027998328209,0.09447025507688522,0.05058189854025841,0.06321413815021515,-0.05960751697421074,0.046560823917388916,-0.037881430238485336,0.054453346878290176,0.0620390959084034,0.0502571277320385,-0.20788806676864624,-0.10218969732522964,0.2405470609664917
-0.088265560567379,0.04423421621322632,-0.06344176828861237,0.05087342485785484,-0.05898980796337128,-0.08537734299898148,0.26047632098197937,0.028070449829101562,0.0005923836724832654,0.23449692130088806,0.02550577186048031,0.22369875013828278,-0.06315786391496658,0.008434486575424671,0.09502062201499939,0.14991044998168945,0.1800767481327057,0.2912670075893402,-0.19724103808403015,0.05379946529865265,-0.014664349146187305,-0.058402907103300095,-0.09151742607355118,-0.2362240105867386,0.19982825219631195,0.030712157487869263,-0.14830109477043152,0.32599687576293945,-0.06822353601455688,0.0019860602915287018,0.11781946569681168,0.06574349105358124,0.22023701667785645,-0.07482637465000153,0.2821689546108246,0.04493718594312668,0.20015665888786316,-0.04844028502702713,0.09115864336490631,0.008188368752598763,0.2464912384748459,0.26556622982025146,0.0913621112704277,0.15964634716510773,0.12229591608047485,-0.00784366950392723,-0.10445988923311234,-0.08608267456293106,0.08049911260604858,0.02500295452773571
-0.06357251107692719,0.3619759976863861,-0.32869383692741394,-0.011389130726456642,-0.08995845168828964,0.06546652317047119,-0.04458659514784813,-0.05011766031384468,-0.016010191291570663,-0.10325708985328674,0.22939571738243103,0.05206878110766411,0.22063075006008148,0.017204636707901955,0.4297763705253601,0.07402574270963669,0.034222956746816635,0.041046299040317535,0.2274881899356842,-0.014413736760616302,0.04038463905453682,0.046315643936395645,0.05005042999982834,-0.1144147589802742,-0.2096163034439087,-0.12442140281200409,0.034471068531274796,-0.039937593042850494,0.03349647298455238,0.10366259515285492,-0.028744298964738846,-0.5521532893180847,0.00822125468403101,0.07202322036027908,0.3435075581073761,-0.012673573568463326,0.10793568938970566,-0.049085114151239395,0.07270295172929764,-0.02966960519552231,-0.0024685775861144066,-0.04954390600323677,-0.2085188329219818,-0.08165101706981659,0.15315748751163483,0.03761937841773033,-0.09825337678194046,-0.0712331011891365,0.013329782523214817,0.14020971953868866
0.10794787108898163,0.10693589597940445,0.0222860686480999,-0.15726199746131897,0.022330090403556824,-0.12219177931547165,-0.17473968863487244,-0.17454400658607483,-0.04437950626015663,-0.2866840958595276,-0.054915763437747955,-0.09116079658269882,-0.3687308132648468,0.17232543230056763,0.04443929344415665,0.13352787494659424,-0.1962626725435257,0.01673700660467148,-0.0990811288356781,-0.052832312881946564,-0.2746467590332031,-0.012133944779634476,0.19223886728286743,-0.2032630890607834,-0.14505848288536072,0.016819356009364128,-0.1348302960395813,0.03609691932797432,0.07776941359043121,-0.02473435364663601,-0.08436084538698196,-0.16081230342388153,0.025463076308369637,-0.10233541578054428,-0.026798663660883904,-0.1423109918832779,-0.1830965131521225,0.014299890026450157,0.13064493238925934,0.034233447164297104,0.006815474480390549,0.19647641479969025,-0.031837597489356995,-0.05530131980776787,-0.03872697427868843,0.03964993357658386,-0.09629475325345993,-0.14443372189998627,-0.022984536364674568,-0.07487882673740387
-0.006031309254467487,0.16045548021793365,0.01905149407684803,0.03653474524617195,-0.14653439819812775,0.06048547476530075,0.020663555711507797,0.15409182012081146,-0.0697537362575531,0.04057791084051132,0.02202630788087845,0.018724046647548676,-0.053120728582143784,0.19376744329929352,0.0838727355003357,0.22587306797504425,-0.024653200060129166,0.026046130806207657,0.0894184410572052,-0.14947664737701416,-0.18112343549728394,0.010358080267906189,-0.008214826695621014,-0.06138346344232559,0.23886539041996002,-0.08136969059705734,-0.006506800185889006,-0.0858929380774498,0.10290390998125076,0.001821794081479311,0.03443145379424095,0.2775496244430542,0.061217050999403,0.0482344888150692,0.07727402448654175,-0.014434408396482468,-0.014326969161629677,-0.0049286652356386185,0.05606386438012123,-0.15939685702323914,-0.045795831829309464,0.024610694497823715,-0.16250811517238617,-0.123997762799263,-0.07392991334199905,0.3853783905506134,0.4610521197319031,0.185678169131279,-0.004861363209784031,0.11376018822193146
0.15630172193050385,-0.031338758766651154,0.0037043141201138496,0.06085170805454254,0.08748918026685715,0.1753404140472412,0.23888419568538666,-0.013242455199360847,-0.09604137390851974,-0.2110743522644043,-0.05834423378109932,0.027353813871741295,0.045091792941093445,0.026361901313066483,0.08544855564832687,0.05919327214360237,0.13668856024742126,0.2091752290725708,-0.044659893959760666,0.20244500041007996,-0.17375050485134125,-0.14412197470664978,-0.18877583742141724,-0.019305836409330368,-0.02092997170984745,-0.09022737294435501,0.14778050780296326,0.002061286475509405,-0.0263155996799469,-0.1103646457195282,0.010792569257318974,0.052527450025081635,-0.16050969064235687,0.1537141501903534,0.04080388695001602,-0.13075144588947296,-0.017931725829839706,0.06983760744333267,0.21411342918872833,-0.2213919311761856,0.05805624648928642,-0.06556521356105804,0.11598146706819534,0.036561671644449234,-0.14537900686264038,0.09777417778968811,-0.07681576162576675,-0.25351306796073914,-0.05843498557806015,0.047889359295368195
-0.01877732202410698,-0.23351846635341644,-0.037120889872312546,-0.11339781433343887,0.08894921839237213,0.11286916583776474,-0.06312663108110428,-0.16289830207824707,0.0940568745136261,0.029921043664216995,-0.034997712820768356,-0.00387137895449996,-0.02508470229804516,0.10335351526737213,0.06577078253030777,0.127943217754364,0.025178365409374237,-0.17919182777404785,-0.07552401721477509,0.12153232842683792,-0.27220454812049866,0.008213482797145844,0.1536301225423813,-0.08483784645795822,-0.07476820051670074,-0.04129147529602051,-0.08072566986083984,0.09585622698068619,-0.026202263310551643,-0.10229562968015671,0.004076036624610424,0.09726691991090775,-0.06089446693658829,-0.07203146070241928,0.021947896108031273,0.359795480966568,-0.012964899651706219,-0.038098398596048355,0.017261922359466553,0.09937784075737,0.060868240892887115,-0.12593525648117065,-0.10247919708490372,-0.0501701757311821,-0.13894139230251312,-0.07127662748098373,-0.10498661547899246,-0.0293378084897995,-0.026028847321867943,0.4218268394470215
-0.060283273458480835,0.020035941153764725,0.09611613303422928,0.06618031114339828,-0.10290823131799698,0.2181449979543686,0.01764310896396637,-0.22716937959194183,-0.083648681640625,-0.05971306934952736,0.18556919693946838,-0.05520249530673027,0.15230534970760345,0.1448356658220291,0.05771965906023979,-0.09349887073040009,0.02527116797864437,0.0658014565706253,0.0847565159201622,0.13801181316375732,0.15952613949775696,-0.12123347818851471,-0.14165805280208588,0.17542357742786407,0.046419695019721985,0.11001063883304596,-0.036794066429138184,-0.09754727780818939,0.20405711233615875,-0.046893924474716187,0.05866845324635506,-0.05868566781282425,0.05214623361825943,0.273052841424942,0.30931490659713745,0.28911763429641724,-0.22729793190956116,0.051891028881073,-0.07517576962709427,-0.06061273068189621,-0.06222930923104286,0.24241913855075836,0.22650890052318573,-0.10209493339061737,0.09971968084573746,0.09280708432197571,-0.1490236520767212,0.0912463515996933,0.12243957072496414,0.01030384749174118
0.0656781941652298,-0.03376036509871483,0.32510414719581604,0.11464613676071167,-0.021910633891820908,0.0014696222497150302,-0.10214739292860031,-0.2785620391368866,-0.021141430363059044,0.038193825632333755,0.1666654348373413,0.040723398327827454,-0.14271266758441925,0.011151213198900223,0.15982885658740997,-0.015511834062635899,0.007377987261861563,-0.20866696536540985,0.06082974374294281,-0.06226595863699913,0.13560731709003448,-0.08285462856292725,0.13735635578632355,0.12060683965682983,0.11781604588031769,0.005267743486911058,-0.07277180999517441,-0.14260980486869812,0.13671252131462097,0.08669458329677582,-0.02807915396988392,-0.0986044630408287,-0.24727527797222137,-0.10150012373924255,-0.07082740217447281,-0.03645126149058342,0.1896330565214157,-0.03668466955423355,0.0790092945098877,-0.12498043477535248,0.28930649161338806,-0.06614039093255997,-0.07991834729909897,0.09759233146905899,0.050773728638887405,0.03782036527991295,0.0027921623550355434,0.013405987061560154,0.021390380337834358,0.04184164106845856
0.05039646849036217,-0.07376580685377121,-0.024253904819488525,0.03172016888856888,-0.2694971263408661,-0.06777172535657883,0.02490583062171936,-0.058729156851768494,0.14902323484420776,-0.006205548066645861,-0.2054722011089325,0.04717911034822464,-0.24951928853988647,-0.0402386449277401,0.11591638624668121,-0.06246094033122063,0.14312557876110077,0.3553265333175659,0.03274253383278847,-0.13617031276226044,-0.03692316263914108,0.04010958597064018,-0.09114213287830353,0.18966147303581238,-0.2504640221595764,-0.1817239671945572,-0.18823514878749847,0.06714030355215073,-0.13545769453048706,-0.15075471997261047,0.20614545047283173,0.04568234086036682,-0.10322001576423645,0.08849424868822098,0.10165037959814072,0.13109765946865082,0.11180265992879868,-0.01962772011756897,-0.013714856468141079,0.01472023967653513,-0.08924294263124466,-0.10900010168552399,0.11617839336395264,-0.031078588217496872,-0.24668067693710327,-0.13140812516212463,0.05961708351969719,0.20801880955696106,0.09094459563493729,-0.07208430022001266
0.12469067424535751,0.13282990455627441,-0.03497184440493584,0.08474814891815186,-0.05808144435286522,-0.18455693125724792,0.03265594691038132,0.2482389509677887,-0.002197003224864602,-0.06965558230876923,-0.11328868567943573,-0.034260839223861694,0.05191029608249664,-0.1763821393251419,0.06232328712940216,0.12034489214420319,-0.023736629635095596,-0.0683712512254715,-0.02912561409175396,0.31939032673835754,0.16101500391960144,-0.042006153613328934,0.3186507225036621,-0.16299067437648773,0.07540316134691238,-0.057022105902433395,-0.19648610055446625,-0.07811880856752396,-0.045164819806814194,-0.08660825341939926,0.011118214577436447,-0.08559121191501617,-0.017370402812957764,0.07183520495891571,0.20724216103553772,0.0546419732272625,-0.013674541376531124,0.0852278545498848,0.019522428512573242,-0.08492512255907059,-0.01840253733098507,-0.11440467089414597,0.191151425242424,0.030880635604262352,-0.05625384673476219,0.10855288803577423,-0.01531484816223383,0.11902248114347458,-0.35179832577705383,0.059532903134822845
-0.14620016515254974,-0.20204778015613556,0.09315615147352219,-0.0008044817368499935,-0.12897157669067383,-0.32368233799934387,0.0589415468275547,0.09238394349813461,0.04149927571415901,0.12477154284715652,-0.014706526882946491,0.05264711007475853,-0.050104960799217224,-0.1668165773153305,0.022331105545163155,-0.24392138421535492,0.06584127247333527,0.08259619027376175,0.05014025792479515,-0.1283259391784668,0.05987680330872536,0.05145350098609924,0.0496034137904644,-0.12708725035190582,0.09450077265501022,-0.2471069097518921,-0.005425821058452129,0.01619439385831356,0.1389569193124771,-0.05791771039366722,0.06591574102640152,-0.009159306064248085,-0.013712672516703606,0.13622312247753143,-0.054250769317150116,0.28265684843063354,-0.03582340106368065,-0.05828608572483063,0.013436234556138515,0.22831185162067413,-0.0637553483247757,-0.050715211778879166,-0.05286030471324921,-0.005959242582321167,0.1814633011817932,0.25418636202812195,0.12972478568553925,-0.41175365447998047,0.05494295433163643,-0.11667732149362564
0.14566750824451447,-0.05528053641319275,-0.01336788572371006,0.054557811468839645,-0.1656845062971115,0.07826576381921768,-0.0904669240117073,0.041345320641994476,-0.43998438119888306,0.012619931250810623,0.11006495356559753,0.03366396948695183,-0.013747378252446651,-0.014692983590066433,-0.0677645206451416,0.1071307584643364,0.03702213615179062,-0.10219306498765945,0.07222232222557068,-0.06838418543338776,-0.07467114925384521,-0.018216188997030258,-0.08573995530605316,-0.01538069173693657,-0.24721603095531464,0.13122735917568207,-0.2399759441614151,0.1923779547214508,-0.1134493499994278,-0.15504200756549835,-0.2916085124015808,0.0310614462941885,0.0045220088213682175,0.002896827645599842,0.009189162403345108,0.009934342466294765,-0.09827139973640442,0.19654692709445953,0.021681029349565506,0.09110213071107864,-0.053409986197948456,-0.23758745193481445,-0.05761022865772247,0.18109484016895294,0.11513011902570724,-0.09452728182077408,0.1030041053891182,-0.21783798933029175,-0.09660529345273972,0.00371664110571146
0.11036679148674011,-0.2917434871196747,-0.007905236445367336,0.08532696962356567,0.12423881888389587,0.2754882574081421,-0.08957374840974808,0.09815474599599838,-0.11329902708530426,0.2605801522731781,-0.15784788131713867,-0.04622543603181839,-0.036734797060489655,0.19359448552131653,0.10197634994983673,-0.12859126925468445,0.022828128188848495,-0.025107987225055695,0.06771823018789291,-0.3608836829662323,0.062361832708120346,0.08749498426914215,-0.04654249921441078,0.0018268327694386244,-0.010634229518473148,0.0806296169757843,-0.03394702449440956,-0.09167338162660599,-0.1388184130191803,0.18497195839881897,-0.021911149844527245,-0.15221640467643738,-0.19391794502735138,-0.04247952252626419,-0.03479192778468132,-0.06387955695390701,-0.16446521878242493,-0.031328003853559494,-0.0998103991150856,0.08433558791875839,0.008130434900522232,0.22242945432662964,0.14429762959480286,0.02603905461728573,-0.11698787659406662,-0.008970467373728752,0.13845519721508026,-0.10680719465017319,-0.2944161891937256,0.12147945910692215
-0.03527640178799629,0.01942097581923008,0.23105652630329132,-0.06545375287532806,-0.0861969143152237,-0.03005634993314743,0.0028565446846187115,0.035799503326416016,0.1262277513742447,-0.041739802807569504,0.1968376338481903,0.1605595350265503,0.24872927367687225,-0.0669175237417221,-0.11182539910078049,0.14637866616249084,-0.1360958218574524,0.223954975605011,-0.022568203508853912,-0.07103095203638077,-0.4082397222518921,0.09208628535270691,-0.050838008522987366,0.010486189275979996,-0.11186966300010681,-0.14234231412410736,0.13808462023735046,0.18932858109474182,0.005493927281349897,0.04568249732255936,-0.05551080033183098,-0.22580674290657043,0.006143389735370874,0.008511845953762531,0.09939448535442352,0.18038268387317657,0.18580158054828644,0.03998425230383873,-0.24493202567100525,-0.023897038772702217,-0.13747306168079376,0.14784042537212372,-0.02738906256854534,0.07102070748806,-0.22158274054527283,-0.0035521076060831547,-0.16207759082317352,0.25392797589302063,-0.1428394317626953,-0.25095096230506897
-0.022778144106268883,0.03451978787779808,0.023450864478945732,0.01741602085530758,-0.1153009757399559,-0.13050198554992676,-0.1878686547279358,0.05319242924451828,0.16546687483787537,0.06495824456214905,0.053223151713609695,-0.09215904027223587,-0.01210089959204197,0.18748214840888977,-0.31535303592681885,0.040220022201538086,0.061132919043302536,0.13526107370853424,0.27723005414009094,0.04296152666211128,0.059885215014219284,0.032095663249492645,-0.12813863158226013,0.19074147939682007,-0.04565751552581787,-0.06198934465646744,-0.041204627603292465,0.08011963963508606,-0.023923374712467194,-0.08154904842376709,-0.04848337545990944,-0.13831639289855957,0.08489339053630829,0.030533496290445328,0.13128946721553802,-0.106035016477108,0.03477596119046211,-0.14428679645061493,-0.19620007276535034,-0.24950993061065674,-0.03587499260902405,0.122682586312294,-0.012716740369796753,0.07478370517492294,-0.007614521309733391,-0.201631098985672,0.0922466367483139,-0.3471727669239044,-0.051668595522642136,0.2716723382472992
0.03066466934978962,0.08041289448738098,0.014932766556739807,-0.31117114424705505,-0.19151875376701355,0.16740335524082184,0.008603512309491634,-0.12072714418172836,-0.005679483059793711,0.011047793552279472,-0.04626189172267914,-0.11097700148820877,0.0420103594660759,-0.08440499007701874,0.028647687286138535,0.11404930055141449,-0.13419011235237122,0.02216395176947117,0.028825953602790833,0.17342184484004974,0.18274441361427307,0.31841257214546204,0.0012916518608108163,-0.04191341996192932,0.008740125223994255,-0.01209084689617157,0.13958585262298584,0.09140773862600327,0.13127170503139496,0.1318986713886261,0.05034581199288368,-0.14541752636432648,-0.029162341728806496,-0.1388723999261856,-0.07790035754442215,0.055344440042972565,-0.03535963594913483,-0.07563959807157516,-0.029652008786797523,0.014200896956026554,0.04342750832438469,0.016931353136897087,0.08136375993490219,0.45427948236465454,-0.05432071536779404,0.18771992623806,0.05246785655617714,0.07959146797657013,-0.0018817889504134655,0.08858545124530792
0.15629833936691284,0.18475210666656494,0.005539455451071262,-0.09368187189102173,-0.03506122902035713,-0.1899002194404602,0.04360640421509743,0.06057538837194443,-0.10917187482118607,0.17740760743618011,0.11288467794656754,-0.23635655641555786,0.029476964846253395,0.2006981074810028,0.07362276315689087,-0.05780959501862526,0.08301791548728943,0.06532998383045197,-0.19941052794456482,-0.061637815088033676,0.15179398655891418,-0.2417626976966858,0.07729075849056244,-0.08765672147274017,0.06242077052593231,0.08484797179698944,0.15958070755004883,-0.04323997721076012,0.06499727815389633,0.049763426184654236,0.03232584893703461,0.0881754532456398,-0.01608828455209732,0.08084277808666229,0.2887725532054901,0.16481444239616394,0.03775057941675186,0.08727353066205978,-0.013419199734926224,0.05608038231730461,-0.06423815339803696,0.07319673895835876,-0.15582393109798431,0.21880826354026794,-0.4516286849975586,0.12671500444412231,-0.23955464363098145,0.1362990438938141,0.05700333043932915,-0.0061630019918084145
-0.04279901832342148,0.11868587881326675,0.19998157024383545,-0.10947258770465851,0.20940478146076202,0.06565770506858826,0.04660332202911377,0.033609673380851746,0.01803494803607464,0.025750504806637764,0.04706624895334244,0.0103243263438344,-0.11013737320899963,-0.12689681351184845,0.1497272104024887,-0.2057776153087616,0.1252717226743698,-0.05741650238633156,0.06470689177513123,0.20779407024383545,0.09658235311508179,-0.07829564064741135,0.21035486459732056,-0.03612104803323746,0.04322375729680061,0.14560075104236603,0.0365641713142395,0.29358500242233276,0.03561100363731384,-0.13192954659461975,-0.0138833774253726,-0.06985079497098923,-0.07742037624120712,0.01654498279094696,-0.04674142971634865,-0.03480136767029762,-0.05946725979447365,-0.13886170089244843,-0.08791305124759674,0.03659584000706673,-0.20387916266918182,0.02103971503674984,0.0012077835854142904,-0.11357776820659637,-0.13316787779331207,-0.10860013216733932,0.3251569867134094,0.006912367418408394,0.05584930628538132,0.06968754529953003
-0.03866429999470711,0.016801290214061737,-0.0694713443517685,-0.11325079202651978,-0.1975213885307312,-0.0779823586344719,-0.03286745399236679,0.13740554451942444,0.06940365582704544,-0.30261239409446716,-0.2151477187871933,0.28214994072914124,0.1135997623205185,0.03312775492668152,-0.07349126785993576,-0.05399326607584953,-0.18673059344291687,-0.3093225061893463,-0.011580657213926315,-0.2502664029598236,0.13927441835403442,-0.05388101190328598,0.20347748696804047,-0.07072346657514572,-0.22187836468219757,0.3228679895401001,0.07432682067155838,0.05094584822654724,0.2246669977903366,0.045350611209869385,0.10079149901866913,-0.1306748241186142,-0.1288946270942688,0.07705975323915482,-0.0019522461807355285,0.12757793068885803,0.13276779651641846,0.05024776980280876,-0.0773586705327034,-0.09632349759340286,-0.057224858552217484,0.08110818266868591,0.016581768169999123,-0.149445042014122,-0.20305022597312927,0.038472604006528854,-0.0589958056807518,-0.08463331311941147,0.022482773289084435,-0.048220422118902206
-0.09707045555114746,-0.10913896560668945,-0.014797977171838284,-0.0882381945848465,0.07008922845125198,-0.08686753362417221,0.03744172304868698,0.08045569807291031,0.27779343724250793,0.24180112779140472,0.1256040334701538,0.0359947644174099,-0.12069721519947052,-0.03100600838661194,0.0549151673913002,0.008525798097252846,0.15772980451583862,0.11582284420728683,0.048256903886795044,-0.04316110908985138,-0.02467341721057892,-0.22940057516098022,0.08250297605991364,0.013799794018268585,-0.08551421016454697,0.2488856017589569,0.3459964096546173,0.039224401116371155,-0.018041078001260757,-0.2863651514053345,-0.033342380076646805,0.034263305366039276,-0.0285788681358099,0.09336026757955551,0.03652103990316391,-0.10511620342731476,-0.05375731736421585,-0.10690668970346451,0.23946647346019745,0.02275543101131916,0.1303553730249405,-0.09883323311805725,-0.00717853382229805,0.13745896518230438,0.30495285987854004,0.2127762734889984,-0.05984228849411011,0.19821004569530487,-0.10472459346055984,0.006699571385979652
-0.17382800579071045,0.02778763882815838,-0.08470110595226288,-0.08372490853071213,0.035935528576374054,-0.1627616435289383,0.03296545147895813,0.06206892803311348,-0.23977269232273102,0.05905317887663841,-0.021080803126096725,-0.22537663578987122,-0.011792046949267387,0.11349502950906754,0.043988678604364395,0.10602087527513504,-0.027595680207014084,-0.12718725204467773,-0.03263217210769653,-0.09436540305614471,-0.14454028010368347,0.00954260304570198,0.03360183537006378,-0.05884653329849243,-0.16065210103988647,-0.12449710816144943,0.09955773502588272,0.1700361669063568,0.13316790759563446,0.04476745054125786,-0.2801192104816437,-0.10812447965145111,-0.07887504994869232,-0.013177243061363697,0.02845144458115101,0.03301716968417168,0.27691787481307983,-0.06391029804944992,0.049613356590270996,0.006819762755185366,-0.049595315009355545,-0.010192791931331158,0.3405841886997223,-0.04656479135155678,-0.01679493673145771,0.1550261676311493,-0.04510073736310005,0.12839874625205994,0.12442981451749802,0.0018046825425699353
-0.04600844532251358,-0.06977972388267517,0.06695985049009323,0.13070866465568542,0.05969981849193573,-0.11234809458255768,0.12447315454483032,0.09757620841264725,0.025009561330080032,-0.18824106454849243,-0.16893832385540009,-0.133636936545372,0.15963603556156158,0.027489477768540382,-0.002784097334370017,-0.06423016637563705,-0.032246604561805725,-0.07336544990539551,-0.1212589219212532,-0.05860380455851555,0.17093490064144135,-0.04802105948328972,-0.26362743973731995,0.1394840031862259,0.06705014407634735,-0.030235538259148598,-0.05114397034049034,0.3346218466758728,0.15185484290122986,-0.004484742414206266,0.1927354633808136,-0.21025139093399048,0.05892735719680786,-0.16782061755657196,-0.06618358939886093,0.036403097212314606,-0.2148798108100891,0.05520770698785782,0.021364131942391396,-0.13653165102005005,0.21302250027656555,-0.07391100376844406,-0.11105849593877792,-0.09279068559408188,0.0418907068669796,0.22322122752666473,-0.0808861032128334,0.20678724348545074,-0.05928480252623558,0.035915128886699677
0.058646444231271744,0.11018875986337662,-0.17165374755859375,-0.17147058248519897,0.10301917791366577,-0.1545673906803131,0.035849716514348984,-0.07701364904642105,0.0012794636422768235,0.015418860130012035,-0.09424237906932831,0.06376058608293533,0.07694072276353836,-0.033034663647413254,0.1473328322172165,0.02239971049129963,-0.11824111640453339,0.2489137500524521,-0.0030497685074806213,-0.12441369891166687,-0.12508636713027954,-0.14224790036678314,-0.20290134847164154,0.06828388571739197,0.11288238316774368,-0.08981997519731522,0.027205105870962143,-0.08547613024711609,0.19171349704265594,-0.05397465080022812,-0.09037431329488754,0.07126626372337341,0.038356564939022064,0.08557424694299698,-0.24189721047878265,0.20030853152275085,0.02027888223528862,0.04140830039978027,-0.11406025290489197,-0.13410373032093048,0.1595933586359024,-0.09221000969409943,0.09539557248353958,0.2784889340400696,0.14761614799499512,-0.3381602168083191,0.10602471977472305,0.08269304782152176,-0.28952670097351074,-0.06671707332134247
-0.014284631237387657,-0.0881141647696495,-0.09734436124563217,0.01962338015437126,0.085334911942482,-0.03489295765757561,-0.05807262659072876,0.1015283539891243,-0.020379912108182907,0.00012056049308739603,-0.04803178831934929,0.006087615620344877,-0.08692905306816101,-0.05689099431037903,-0.046514708548784256,0.24039162695407867,-0.07719593495130539,-0.00608464889228344,0.013283803127706051,0.22856304049491882,-0.024152450263500214,-0.24107205867767334,-0.2764858305454254,0.3380143344402313,-0.02428731508553028,0.06957298517227173,0.0032339347526431084,-0.08674114942550659,-0.01653951033949852,0.3751892149448395,0.1558309942483902,-0.1723211705684662,-0.07299430668354034,0.07100841403007507,0.0833510234951973,0.023654839023947716,0.007428004406392574,-0.019110800698399544,-0.05808524042367935,0.259139746427536,-0.01366978045552969,-0.01159434113651514,0.09361345320940018,0.16265138983726501,0.07590962201356888,0.04560209438204765,0.25877055525779724,-0.17811205983161926,-0.009905589744448662,0.020693562924861908
0.017205188050866127,0.30968141555786133,0.019754430279135704,-0.10995728522539139,-0.004667111672461033,-0.11191008239984512,-0.022832520306110382,-0.11829155683517456,0.10786405205726624,0.13441628217697144,-0.09672081470489502,0.1620435118675232,-0.0411994643509388,-0.022422052919864655,-0.0028126195538789034,0.11592241376638412,0.03797989338636398,-0.24559375643730164,-0.23455891013145447,-0.05586180463433266,0.13343319296836853,-0.05399792268872261,-0.40075358748435974,-0.01538059115409851,0.18103227019309998,-0.04855790361762047,-0.1292167454957962,-0.02706189639866352,-0.02964271605014801,-0.12477899342775345,-0.19684278964996338,-0.10719554871320724,0.011418365873396397,0.09793245047330856,0.09576468914747238,-0.02321896143257618,0.05912138521671295,-0.3032318949699402,0.21927349269390106,0.004324827343225479,-0.19069211184978485,-0.10746300220489502,0.025946704670786858,0.06036370247602463,-0.04837465658783913,0.09509400278329849,-0.13427220284938812,0.050834208726882935,-0.14131544530391693,0.18375959992408752
0.15048542618751526,0.07316870987415314,0.2789655327796936,0.11895346641540527,-0.016766929998993874,-0.018627014011144638,0.18755072355270386,-0.03743817284703255,-0.07685855776071548,-0.05303221195936203,-0.10745358467102051,-0.07268236577510834,0.0029823053628206253,0.08730928599834442,0.1378748118877411,0.15108250081539154,0.19230355322360992,-0.09208887815475464,-0.05110272765159607,-0.14610502123832703,-0.08980708569288254,0.02091566100716591,0.07759220153093338,-0.37333163619041443,-0.10341241955757141,0.04117080196738243,0.07844818383455276,-0.04058763384819031,-0.037575338035821915,0.28663909435272217,0.11787457019090652,-0.042635686695575714,0.4042370319366455,0.3666125535964966,0.018209870904684067,-0.004722002428025007,-0.10680155456066132,-0.08762262761592865,0.19561932981014252,-0.028322862461209297,0.1413712203502655,-0.185251846909523,0.09479078650474548,0.1525954008102417,0.06795787066221237,-0.1361781358718872,0.018910221755504608,0.1010424941778183,0.10920975357294083,0.14472083747386932
-0.2108004093170166,0.218053936958313,0.0026349497493356466,0.030799932777881622,0.024135982617735863,0.15770624577999115,0.02119029499590397,0.1318354606628418,0.02136208862066269,-0.1496739536523819,-0.2734682857990265,-0.1076631247997284,-0.03019598126411438,-0.03078191727399826,-0.12064000219106674,0.14577223360538483,0.22564509510993958,-0.2258622646331787,-0.036094143986701965,-0.02802211232483387,-0.040681179612874985,-0.0969565212726593,0.22199445962905884,0.10760769248008728,-0.057763297110795975,-0.1493508368730545,-0.16239820420742035,0.012073654681444168,-0.02329767309129238,-0.09825846552848816,-0.13938495516777039,-0.019196923822164536,-0.07359200716018677,0.17333796620368958,-0.017215076833963394,0.13702258467674255,0.0003090011596214026,0.007260745856910944,-0.2550153136253357,-0.16600728034973145,-0.07245571911334991,0.18008919060230255,-0.23459450900554657,0.16757290065288544,0.044585615396499634,0.000538900843821466,-0.12159978598356247,-0.05300102382898331,0.019789310172200203,-0.2096286565065384
0.16876596212387085,0.35024043917655945,-0.05836523324251175,0.14614488184452057,-0.0863671600818634,0.1043146625161171,-0.06459193676710129,-0.10578135401010513,-0.09748144447803497,0.06679456681013107,-0.043684374541044235,-0.1191907674074173,0.04040657728910446,-0.12476956099271774,-0.22026361525058746,-0.13570986688137054,0.23578445613384247,0.14885947108268738,-0.053786858916282654,0.09247906506061554,-0.1298004388809204,0.10555048286914825,0.015530625358223915,0.12650002539157867,0.07945237308740616,0.09452112019062042,0.18955479562282562,0.061434727162122726,0.1333402544260025,-0.0513722188770771,0.06390250474214554,-0.07291921973228455,-0.23463074862957,0.19406123459339142,-0.06682620197534561,0.031061626970767975,-0.06031356751918793,-0.14320196211338043,0.009695506654679775,0.23270240426063538,0.18695440888404846,0.03355284035205841,0.009143990464508533,-0.2634308934211731,0.023098981007933617,0.07068352401256561,0.09975698590278625,0.023656103760004044,-0.07753816992044449,0.11326399445533752
-0.050023213028907776,0.18910814821720123,0.17266607284545898,-0.19602927565574646,-0.22298136353492737,-0.14204388856887817,0.16023942828178406,0.19696658849716187,0.09326239675283432,-0.02670399285852909,0.0007012849673628807,0.027119573205709457,0.17066657543182373,0.30112317204475403,0.19536422193050385,0.10311136394739151,-0.10506106168031693,-0.09751299768686295,0.1835852414369583,-0.04274190217256546,0.003473373129963875,0.002228869590908289,-0.09766384959220886,-0.08873120695352554,-0.025131352245807648,-0.1120588630437851,0.09017793834209442,-0.02547944150865078,-0.21789199113845825,0.003366602584719658,0.024697091430425644,0.1274118572473526,-0.21142131090164185,-0.16213254630565643,0.1685534119606018,0.07191016525030136,-0.050465717911720276,0.1933097392320633,0.016829021275043488,0.18088795244693756,0.008719316683709621,-0.0018671014113351703,0.021003905683755875,-0.0273493230342865,0.23197686672210693,-0.24971453845500946,-0.0829567164182663,-0.008931023068726063,-0.012639353051781654,-0.04296066612005234
-0.002768544480204582,0.2286069691181183,0.03820281848311424,-0.06700140982866287,0.2676401138305664,0.0893697515130043,-0.07279618084430695,0.10152098536491394,-0.05377012863755226,-0.07174516469240189,-0.004248457495123148,0.13454194366931915,0.004714534617960453,0.04806927964091301,-0.11580314487218857,-0.12303336709737778,-0.13355974853038788,-0.0015180372865870595,0.3855525553226471,-0.11044105887413025,0.12769204378128052,-0.00034639047225937247,-0.032186467200517654,-0.08513269573450089,-0.22202418744564056,-0.09069307893514633,-0.08945394307374954,0.017463883385062218,0.012333705089986324,0.1620347648859024,0.047229353338479996,-0.014543079771101475,-0.10398122668266296,-0.11944150179624557,0.01716638170182705,0.25412899255752563,0.050023701041936874,0.17898254096508026,0.33355796337127686,0.0978476032614708,-0.021861150860786438,0.022586021572351456,0.08851765096187592,0.16669468581676483,-0.08443191647529602,0.023845864459872246,-0.07806997746229172,0.14853142201900482,-0.020114153623580933,0.05524042993783951
0.04325186461210251,0.06580375880002975,-0.0022845095954835415,0.08128998428583145,0.05162306874990463,0.22648681700229645,-0.21515606343746185,-0.03806479647755623,-0.025438396260142326,-0.03666743263602257,0.04776924103498459,-0.05277319625020027,0.011346706189215183,0.0669388622045517,0.009001295082271099,-0.05840570852160454,-0.24094736576080322,-0.06377788633108139,0.02216220833361149,0.08547423779964447,0.09215785562992096,0.06854420155286789,-0.036234982311725616,0.06979701668024063,-0.2688639760017395,-0.06863100081682205,-1.5066820196807384e-05,0.1694866120815277,0.031208127737045288,0.30274108052253723,-0.109231136739254,0.19195318222045898,0.08532259613275528,-0.10843203961849213,0.15755389630794525,0.05930307134985924,-0.06714344024658203,-0.328815758228302,-0.09856143593788147,-0.06024684011936188,0.17255067825317383,-0.07388955354690552,-0.00786422286182642,-0.06978708505630493,-0.003948277328163385,0.001052867155522108,0.01069475058466196,-0.2489846795797348,-0.1848842203617096,-0.19486430287361145
0.3533886671066284,0.08185627311468124,-0.05472000688314438,0.17315340042114258,-0.0487174428999424,0.044174451380968094,0.016874684020876884,-0.026431670412421227,0.012399336323142052,0.006213691085577011,-0.09335880726575851,-0.07085216045379639,-0.06350066512823105,-0.07720980048179626,-0.03814638778567314,-0.025594456121325493,-0.051977116614580154,0.10589338093996048,-0.13508303463459015,-0.14388999342918396,-0.022391164675354958,-0.07551398128271103,0.05456818267703056,-0.08620397746562958,0.020050443708896637,-0.014997880905866623,0.09244264662265778,0.10653825104236603,0.002433991990983486,0.24142059683799744,0.08071014285087585,-0.050131265074014664,-0.06600890308618546,-0.1735832840204239,0.03658677265048027,0.27766069769859314,0.13411854207515717,-0.037137724459171295,-0.09106609225273132,-0.21139687299728394,-0.22503916919231415,0.027901610359549522,0.035439275205135345,-0.0031373079400509596,0.3292587101459503,0.1410314440727234,-0.0967106968164444,-0.009466170333325863,0.14702855050563812,-0.021183226257562637
0.1059570387005806,0.16040948033332825,0.08010739088058472,-0.02482347935438156,0.008115551434457302,-0.05357319489121437,0.022028693929314613,-0.121266670525074,-0.010614135302603245,-0.01856842078268528,0.009049506857991219,0.07961122691631317,-0.006545781157910824,0.09112509340047836,0.08555804938077927,0.07841908186674118,0.4096836447715759,-0.11456802487373352,0.10296987742185593,-0.08849091827869415,-0.052575740963220596,-0.020654840394854546,-0.04947260394692421,-0.015445364639163017,-0.07684686034917831,-0.010129459202289581,0.05090045556426048,-0.2531437277793884,0.07642713934183121,-0.11396105587482452,0.01131729781627655,-0.037728387862443924,0.3363461196422577,-0.35856571793556213,0.0453636571764946,-0.004931783769279718,-0.07905679941177368,0.0558820404112339,-0.09277137368917465,0.07170897722244263,0.06553014367818832,-0.09765434265136719,0.16607427597045898,-0.02634473703801632,-0.12598173320293427,0.10918691009283066,0.052213408052921295,-0.12311957031488419,-0.00217323936522007,-0.02387678250670433
-0.21251420676708221,0.017200222238898277,-0.07441235333681107,0.054592475295066833,-0.06408272683620453,-0.017280379310250282,-0.317512571811676,0.026887429878115654,-0.06942430138587952,-0.18772649765014648,0.11067219823598862,0.09167061001062393,-0.11567040532827377,-0.07525209337472916,0.018842296674847603,-0.1417677402496338,0.0641024187207222,0.14675702154636383,-0.02407960779964924,-0.1188950166106224,0.05216263607144356,-0.031067561358213425,0.04026257246732712,0.09996636211872101,0.1525786966085434,0.06110614910721779,0.3073551654815674,0.07080002874135971,-0.36618250608444214,0.15724585950374603,-0.0640360414981842,-0.07934136688709259,-0.005195754114538431,-0.09325163811445236,-0.042373448610305786,0.18063116073608398,-0.03142489120364189,-0.1544780731201172,0.05738212540745735,-0.10716283321380615,0.07566383481025696,-0.006686793640255928,0.10094112157821655,0.07435663044452667,-0.035521235316991806,-0.06073960289359093,-0.008800978772342205,0.054371319711208344,-0.02443326637148857,0.02937718853354454
0.039567992091178894,0.11458390951156616,-0.007424384355545044,0.18971441686153412,-0.43006694316864014,0.20665280520915985,-0.027369260787963867,-0.018136469647288322,0.15626157820224762,0.09068666398525238,0.04412155970931053,-0.07792670279741287,0.021134966984391212,0.010875554755330086,-0.022422749549150467,0.00041304610203951597,-0.057956960052251816,-0.09864889830350876,0.19398139417171478,0.03839845210313797,0.007003293372690678,-0.3675816059112549,0.11633619666099548,-0.20132902264595032,-0.007025697268545628,-0.19927693903446198,0.036492329090833664,0.12284929305315018,-0.09764722734689713,-0.07845576852560043,-0.004835039377212524,-0.08463739603757858,0.2952171862125397,-0.07250682264566422,-0.26564455032348633,-0.04553265869617462,0.02236597053706646,0.010534771718084812,0.08942566066980362,0.031308528035879135,-0.03264794871211052,0.0751878172159195,0.024439441040158272,-0.23755936324596405,-0.22713926434516907,-0.02942076325416565,-0.10681500285863876,-0.0642554834485054,0.022539662197232246,-0.07769788056612015
0.11707901209592819,0.032104551792144775,0.050699930638074875,-0.23959705233573914,0.11554853618144989,-0.10786464065313339,0.02874171733856201,0.08841980248689651,-0.2932596206665039,-0.0804595947265625,-0.1213487982749939,0.015158141031861305,0.12264333665370941,-0.031982727348804474,-0.021450797095894814,0.06044076755642891,-0.1573725938796997,-0.16494661569595337,-0.0029752706177532673,-0.025128887966275215,0.011936708353459835,-0.1689600646495819,0.08343244343996048,-0.08565321564674377,-0.12982596457004547,-0.08608130365610123,-0.006837604567408562,-0.15879946947097778,-0.14575999975204468,-0.47316527366638184,0.3848371207714081,-0.0834919661283493,0.13665546476840973,0.08281278610229492,-0.05751913785934448,-0.01721334643661976,0.11525844037532806,-0.16765840351581573,-0.1656430959701538,-0.013265875168144703,0.05643432214856148,0.06235979497432709,-0.07119230180978775,0.024921705946326256,0.06973817944526672,0.041599664837121964,0.014023751020431519,0.001950567588210106,-0.00585783738642931,-0.0009375117369927466
-0.09404316544532776,0.023967765271663666,0.07002770900726318,-0.1394212245941162,0.07597460597753525,-0.15967124700546265,-0.4274800717830658,-0.18505723774433136,-0.02338601090013981,0.4035108983516693,-0.15034528076648712,0.052059657871723175,0.3491028845310211,0.0453292652964592,0.16506193578243256,0.06971445679664612,-0.04493893310427666,0.24892856180667877,0.03307173401117325,0.18762820959091187,-0.228700652718544,0.005107260774821043,0.11169900000095367,0.15388749539852142,0.14363931119441986,0.10472090542316437,-0.03094446286559105,-0.007206029258668423,0.041133735328912735,0.08031068742275238,-0.07364363968372345,-0.003261835314333439,-0.02213447354733944,-0.1878844052553177,-0.07105889916419983,-0.22858259081840515,-0.09465522319078445,-0.11880458146333694,0.2769450545310974,-0.040226634591817856,0.01773996092379093,-0.157449409365654,0.04822501167654991,0.07666729390621185,0.06920826435089111,0.07807677984237671,-0.09212760627269745,-0.17726750671863556,0.1937774121761322,-0.11855760216712952
0.029063915833830833,0.049368392676115036,-0.11357510089874268,0.0792672336101532,-0.11801036447286606,0.04747592657804489,-0.008447479456663132,0.041053127497434616,0.047325704246759415,-0.02937552146613598,-0.049142930656671524,0.1258893460035324,-0.01493469811975956,0.06851953268051147,-0.014824307523667812,-0.4194115698337555,-0.028818385675549507,-0.3399794101715088,0.058902669697999954,0.2413104921579361,-0.31063076853752136,-0.1340835988521576,-0.1747487187385559,0.027834616601467133,-0.010995112359523773,-0.1580563187599182,-0.031080275774002075,-0.059189245104789734,-0.05896696448326111,0.04658760130405426,0.01888333633542061,0.09916982054710388,0.057084016501903534,0.009626060724258423,0.1679760366678238,-0.16513767838478088,-0.017014319077134132,0.09989576041698456,-0.011986221186816692,-0.05477529019117355,0.05857877433300018,0.017401723191142082,-0.004465968813747168,0.28787124156951904,0.11389148235321045,-0.042267002165317535,0.08833590149879456,0.1421191692352295,-0.05022596940398216,0.12656906247138977
0.13758979737758636,0.1096186414361,-0.07810339331626892,-0.01748424768447876,0.05281907692551613,-0.1460597664117813,0.010192375630140305,-0.39351221919059753,0.15491406619548798,0.038753293454647064,-0.12078642845153809,-0.0052146753296256065,-0.002467414131388068,-0.02976333722472191,0.07292263954877853,0.08309310674667358,-0.06657299399375916,-0.09556355327367783,0.1937083899974823,-0.12689490616321564,-0.07204573601484299,0.038942333310842514,-0.03112293966114521,0.03186449781060219,0.14952969551086426,-0.02871944010257721,0.029500098899006844,0.18072374165058136,-0.20442765951156616,0.06574377417564392,0.09745348989963531,0.08068084716796875,0.14655622839927673,0.12032342702150345,-0.0653168335556984,-0.04658788815140724,0.09522159397602081,0.16998298466205597,-0.132828950881958,-0.05361538752913475,0.05374251306056976,-0.03447183221578598,0.05378720536828041,-0.040716517716646194,-0.06578762829303741,0.2104521095752716,-0.0283820740878582,-0.06477271765470505,-0.0621926486492157,-0.11895500868558884
