-0.09540758281946182,-0.02942866086959839,0.11039189994335175,0.23443560302257538,-0.08502380549907684,-0.11668569594621658,-0.09052973985671997,0.03509954735636711,0.06057394668459892,0.03498241677880287,0.06686282902956009,0.084581658244133,0.26050376892089844,-0.12436583638191223,-0.10314559936523438,-0.03318605571985245,-0.12561795115470886,-0.1022832989692688,0.13615576922893524,0.10990298539400101,-0.01779482327401638,0.3518769145011902,0.02584272436797619,0.06806477159261703,0.032709211111068726,0.03855428099632263,0.41465795040130615,-0.21524669229984283,0.05409594252705574,0.07503238320350647,-0.20890316367149353,-0.03333378583192825,0.01357804425060749,0.07697580754756927,-0.15892453491687775,0.15657545626163483,0.10461140424013138,0.081296406686306,0.059570953249931335,-0.20424580574035645,-0.03163935989141464,0.06888523697853088,0.19008152186870575,-0.09048639982938766,0.06137288734316826,-0.08036506175994873,-0.1202012225985527,-0.06167340278625488,0.2058989405632019,-0.2236304134130478
0.1717856377363205,-0.20372872054576874,-0.012282966636121273,0.09283547103404999,-0.06728798896074295,-0.160080686211586,0.09503202885389328,-0.17962335050106049,0.3267657458782196,-0.29714855551719666,-0.41207921504974365,-0.06357696652412415,0.42183366417884827,0.07270844280719757,0.10425116121768951,0.12059073895215988,-0.07923620939254761,-0.24205516278743744,0.32294368743896484,-0.28296011686325073,0.043656300753355026,-0.42833805084228516,-0.34402862191200256,0.005656922236084938,0.29239383339881897,0.4636872708797455,0.030681349337100983,0.10470665991306305,-0.19846589863300323,0.2005862593650818,-0.12418434768915176,0.09234986454248428,0.07357320189476013,-0.04218703880906105,-0.0774843692779541,0.1761309802532196,0.17601296305656433,-0.04880184680223465,0.01760673150420189,0.2278212308883667,-0.11524563282728195,-0.29633209109306335,0.2476181834936142,0.039104294031858444,-0.20467177033424377,0.12090931832790375,0.25250405073165894,-0.21536785364151,-0.12377201020717621,-0.025605112314224243
0.048042457550764084,-0.042778778821229935,0.11033321171998978,-0.0677226111292839,0.2192816138267517,0.15722036361694336,0.07347048074007034,0.1483192890882492,-0.002098004799336195,0.08657191693782806,0.01786978356540203,0.045436352491378784,-0.12932351231575012,0.04710474982857704,0.10762756317853928,-0.0181778222322464,0.21431317925453186,0.07858787477016449,-0.00999625027179718,0.059699419885873795,0.10567798465490341,-0.38220924139022827,0.0015108571387827396,0.13543297350406647,0.22143793106079102,-0.035700954496860504,-0.28197959065437317,0.1854119449853897,-0.15000146627426147,-0.0449618361890316,0.024059820920228958,-0.024919014424085617,-0.0993536040186882,-0.21623192727565765,-0.011083552613854408,-0.098091721534729,-0.04743554815649986,0.1371719241142273,-0.0705728679895401,0.09737949073314667,0.10997717082500458,0.15476158261299133,-0.21336229145526886,-0.02443600818514824,0.09702817350625992,0.21430766582489014,0.21528786420822144,0.07795930653810501,-0.0992574468255043,0.09834538400173187
0.0019711751956492662,0.16490957140922546,0.11273270100355148,-0.06274251639842987,-0.16444344818592072,-0.060186780989170074,0.21796932816505432,0.23243999481201172,0.06910749524831772,0.14145496487617493,0.09883562475442886,0.04447814077138901,-0.13920944929122925,-0.08409737050533295,0.03140328451991081,-0.14296402037143707,-0.08166096359491348,0.11343958973884583,-0.2907111346721649,0.0371430329978466,-0.08469711989164352,0.03195863217115402,0.24943098425865173,-0.3091394901275635,-0.16124744713306427,-0.09137455374002457,-0.14304417371749878,-0.1537407636642456,0.23447957634925842,0.16240833699703217,0.0677454024553299,-0.21202586591243744,-0.18513144552707672,0.08383473008871078,0.11268925666809082,-0.1774473637342453,-0.03698071464896202,-0.14277219772338867,0.07469247281551361,0.03769674524664879,-0.04473421350121498,0.10265690088272095,-0.20450907945632935,-0.03446546941995621,0.08699312806129456,-0.1712181717157364,-0.10268290340900421,0.10346224904060364,0.07245181500911713,-0.24470725655555725
0.25388258695602417,0.01408341620117426,-0.077933169901371,0.10236161947250366,-0.2080003023147583,0.2276942878961563,0.10633109509944916,-0.16383324563503265,0.010253841988742352,-0.1815839409828186,0.08742552995681763,-0.018955456092953682,-0.13213230669498444,0.11525189131498337,0.10972078889608383,-0.18566694855690002,-0.12782008945941925,0.17001032829284668,-0.06148502230644226,-0.09048829972743988,-0.04691667482256889,-0.23361238837242126,-0.03146966174244881,-0.3016355335712433,-0.27661633491516113,-0.08189728856086731,-0.4227544963359833,-0.03953526169061661,0.007854745723307133,0.11263898760080338,0.19410404562950134,-0.06595828384160995,0.28747886419296265,-0.10148172080516815,0.29991045594215393,-0.04430115595459938,-0.2711011469364166,0.22114139795303345,-0.04472493752837181,0.06552237272262573,-0.08817624300718307,-0.17321598529815674,0.07359127700328827,-0.02670864947140217,-0.18797677755355835,-0.38695839047431946,0.1546611487865448,-0.07012837380170822,0.25663408637046814,0.09192639589309692
-0.1820935755968094,0.15050481259822845,0.009558921679854393,0.03271377831697464,0.11378500610589981,0.3270614743232727,-0.00010533366003073752,0.11923158913850784,-0.324864000082016,-0.007599378004670143,0.1619528979063034,0.1070408895611763,-0.1980607658624649,0.13783791661262512,-0.056404877454042435,-0.27294617891311646,0.04274113476276398,0.2522496283054352,-0.13244470953941345,0.1507362574338913,0.26380616426467896,0.02335658296942711,0.1238740012049675,-0.1590486466884613,-0.3130309581756592,-0.0985121950507164,-0.14316008985042572,-0.2117096185684204,0.011599593795835972,-0.042601678520441055,0.2845541536808014,-0.09661620110273361,-0.011425484903156757,0.16562792658805847,0.19222339987754822,-0.028464488685131073,-0.2089398354291916,-0.01356746256351471,0.047276757657527924,-0.0544893853366375,0.14204901456832886,0.03480154648423195,-0.1488930732011795,-0.12260258942842484,0.3314102292060852,-0.11458472162485123,0.19963973760604858,0.010583777911961079,0.0013680835254490376,0.33958154916763306
0.0500270240008831,-0.09742876887321472,-0.2233102023601532,0.06804235279560089,-0.14282602071762085,-0.06304711848497391,0.18842479586601257,-0.12129822373390198,0.16396261751651764,-0.20550331473350525,-0.1514309197664261,0.02226211316883564,0.00694286497309804,0.12191617488861084,-0.05142443999648094,0.021323319524526596,-0.14915640652179718,0.10794448107481003,-0.06445208936929703,-0.09625160694122314,-0.039721887558698654,-0.16790974140167236,0.015934374183416367,-0.10803704708814621,-0.021268967539072037,0.09021946787834167,-0.040809765458106995,0.01766929216682911,-0.10826810449361801,-0.019274696707725525,0.05294974520802498,-0.0322968028485775,-0.051873594522476196,-0.08211814612150192,0.09596891701221466,-0.04504062607884407,0.02158484049141407,-0.11358322203159332,0.1637202799320221,0.1349271833896637,-0.10956557840108871,-0.000998630071990192,-0.13078458607196808,0.23735493421554565,-0.12056773155927658,0.14368192851543427,0.0850922167301178,-0.00987259391695261,0.22543175518512726,-0.001757731894031167
-0.018727824091911316,-0.16652995347976685,-0.03894095495343208,0.16111861169338226,-0.14015908539295197,-0.026376571506261826,0.1354106217622757,-0.28875699639320374,0.09502790868282318,-0.14717461168766022,0.1598048210144043,0.06406121701002121,0.026073794811964035,0.06388278305530548,-0.05240534245967865,-0.17357157170772552,-0.125641331076622,-0.05593857541680336,-0.15624305605888367,-0.06086239218711853,0.02435113489627838,0.29898950457572937,0.14771313965320587,-0.08284254372119904,-0.1641552448272705,-0.1749662458896637,-0.1576126217842102,-0.21804185211658478,-0.03857513889670372,0.05448145791888237,-0.09764713048934937,0.07299298048019409,0.06332476437091827,0.018376503139734268,-0.03243342041969299,0.007326195482164621,0.001331377774477005,-0.10853485763072968,-0.02961631305515766,-0.047185152769088745,-0.1932729333639145,0.08776231855154037,-0.0788659080862999,0.21281591057777405,0.07146991044282913,-0.02415255829691887,0.18564294278621674,-0.029102150350809097,0.27476805448532104,-0.17196428775787354
0.20443913340568542,0.1314440816640854,0.21597987413406372,0.08106008917093277,0.012700271792709827,0.27648723125457764,-0.011189213953912258,-0.09072377532720566,-0.12825147807598114,-0.09218841046094894,0.027868395671248436,0.08615178614854813,-0.13751718401908875,0.022076750174164772,0.10531359165906906,-0.058831509202718735,0.018994741141796112,0.21587945520877838,-0.023055242374539375,-0.1961180418729782,-0.0211847685277462,-0.3425467610359192,-0.09923994541168213,0.05968799069523811,-0.030634643509984016,-0.31353142857551575,-0.49457451701164246,0.11263254284858704,-0.2374913990497589,0.040836431086063385,-0.15131418406963348,0.07579337805509567,-0.21482154726982117,-0.12816259264945984,0.17937269806861877,-0.0915936604142189,-0.10650652647018433,0.23734894394874573,-0.08231394737958908,0.2869280278682709,0.15976278483867645,0.023397322744131088,0.0869302898645401,-0.13206161558628082,-0.0609709732234478,0.18913894891738892,0.26846957206726074,0.008828618563711643,-0.199448361992836,0.16234050691127777
0.07374667376279831,0.006785467732697725,0.25528672337532043,-0.10318314284086227,-0.07601635158061981,0.25746026635169983,-0.3025490939617157,-0.042491365224123,-0.32359588146209717,0.13746842741966248,-0.0173630453646183,-0.00148864951916039,-0.0083457687869668,-0.10440156608819962,-0.09447600692510605,0.14777231216430664,-0.050464559346437454,0.06926653534173965,0.14101049304008484,0.048984214663505554,-0.001483685220591724,-0.37197256088256836,-0.05007365718483925,0.21200470626354218,0.2478368580341339,-0.07620679587125778,-0.22312302887439728,0.08527202904224396,-0.149370476603508,0.03979817405343056,0.09358695149421692,0.2444605827331543,0.025909075513482094,-0.38741999864578247,0.02484455518424511,-0.03892779350280762,-0.020867658779025078,0.3807462453842163,0.05317642539739609,0.27558955550193787,0.2421560287475586,0.15622326731681824,0.1708877682685852,0.032862238585948944,-0.17998194694519043,0.012259287759661674,-0.0007179279928095639,0.015447700396180153,-0.21586661040782928,0.3236720561981201
0.2691461145877838,-0.022755153477191925,0.012092703953385353,-0.07698532193899155,-0.10295169055461884,0.29305580258369446,-0.0667916089296341,-0.16805805265903473,-0.07303784787654877,0.022245977073907852,-0.04564141854643822,0.01300086360424757,0.32085320353507996,-0.15159279108047485,0.015731696039438248,0.10677371919155121,-0.12771621346473694,-0.030188782140612602,0.24676160514354706,-0.32228606939315796,0.03603668138384819,-0.2260035276412964,0.043846145272254944,-0.10444144159555435,-0.03932878375053406,0.07267526537179947,-0.09014055877923965,0.0006709975423291326,0.07653181254863739,0.1437770575284958,0.0024075235705822706,0.023073840886354446,0.022916419431567192,0.13979291915893555,0.17743833363056183,0.05870853364467621,0.01818014495074749,-0.033452294766902924,-0.07570692151784897,0.24037641286849976,-0.022211499512195587,-0.10080733895301819,0.2411315143108368,0.011731178499758244,-0.09203802794218063,-0.1971839815378189,0.193807914853096,-0.12474459409713745,-0.08802478015422821,0.027710644528269768
-0.06334756314754486,-0.16016358137130737,0.08749253302812576,0.039590999484062195,0.16315320134162903,-0.2329508662223816,-0.1103329136967659,-0.2496471107006073,0.1661456972360611,-0.013558546081185341,-0.023170579224824905,0.041915081441402435,-0.004752518609166145,0.09214328229427338,-0.23304995894432068,0.10630754381418228,0.1381632536649704,-0.11329933255910873,0.25094082951545715,0.076600082218647,0.05776148661971092,0.08718694001436234,0.0028693033382296562,0.09614807367324829,0.24958723783493042,-0.0682041272521019,0.13011282682418823,0.018247434869408607,-0.14507997035980225,-0.04779145494103432,-0.20374695956707,0.08036287873983383,-0.06399529427289963,0.12229854613542557,0.022274991497397423,0.06034313887357712,0.11128288507461548,0.21278516948223114,-0.09273722767829895,0.029416939243674278,0.14996790885925293,-0.0869886577129364,0.19490763545036316,-0.13113637268543243,-0.05023857206106186,0.048391569405794144,-0.07968028634786606,-0.0752170979976654,0.027304086834192276,-0.2200954556465149
0.07478506863117218,0.01703011803328991,-0.09771230816841125,0.15732216835021973,-0.0035445496905595064,0.3754434883594513,0.17693474888801575,-0.23589566349983215,0.07640525698661804,0.13509602844715118,0.10886122286319733,-0.024652495980262756,-0.007904738187789917,0.3201061189174652,0.010847905650734901,-0.03777780383825302,0.013584986329078674,0.06605841219425201,0.0019168156431987882,-0.06039761006832123,-0.03416292741894722,-0.007615776266902685,-0.040530044585466385,0.0680125430226326,-0.021540677174925804,-0.09237856417894363,-0.11128906905651093,-0.08345915377140045,-0.08180321007966995,0.08646289259195328,-0.08839187026023865,-0.03878610581159592,0.16039623320102692,-0.09545160084962845,0.020586811006069183,-0.07027628272771835,-0.07996353507041931,0.16402961313724518,-0.05494938790798187,-0.027378886938095093,0.020910179242491722,0.04763396829366684,-0.014905795454978943,-0.0801556333899498,0.14792855083942413,-0.13601186871528625,0.17788471281528473,-0.09090802073478699,0.04110722243785858,-0.12329550832509995
-0.08371881395578384,-0.09913565218448639,-0.03869260475039482,0.12836450338363647,-0.10410891473293304,0.14543357491493225,-0.0584978312253952,-0.12312892824411392,-0.10130146890878677,0.14290851354599,0.035520464181900024,0.2153865396976471,0.2722862660884857,-0.03982871025800705,0.05087988078594208,0.02933349646627903,0.0407419316470623,-0.29174742102622986,-0.15768790245056152,0.21622620522975922,0.022663326933979988,0.15826153755187988,0.077168308198452,0.11606968939304352,0.0866851657629013,-0.08283550292253494,0.013548358343541622,-0.21175454556941986,-0.04090965911746025,-0.13881944119930267,-0.0684046596288681,0.19341793656349182,0.19629918038845062,-0.12261735647916794,0.09510865807533264,-0.020035289227962494,-0.027077307924628258,0.3126835227012634,-0.24775546789169312,-0.1876184642314911,0.0982508584856987,0.09392589330673218,0.027028977870941162,-0.048302847892045975,0.023395776748657227,0.059014905244112015,0.11782029271125793,-0.03021497093141079,0.10006991028785706,0.07418256998062134
0.16207066178321838,0.08443998545408249,0.1481495052576065,-0.1474529206752777,-0.21671123802661896,-0.05281900241971016,0.10252059996128082,-0.042963795363903046,0.23862287402153015,0.16838191449642181,0.022715847939252853,0.0455453060567379,0.06280992925167084,-0.12121423333883286,0.0025816005654633045,0.15433369576931,-0.3263644874095917,-0.1071653664112091,0.04595283791422844,-0.08082053810358047,-0.1607455164194107,0.18978752195835114,0.003646403318271041,-0.14706788957118988,-0.0043844967149198055,-0.002852632664144039,0.17635945975780487,-0.12176309525966644,0.26931267976760864,0.15275467932224274,-0.02004077285528183,-0.015277883969247341,0.09466923773288727,0.12314730137586594,0.1699284464120865,0.03074711561203003,-0.07276495546102524,-0.04460883140563965,-0.14905281364917755,0.027207667008042336,-0.15201115608215332,0.015590457245707512,0.09522107243537903,-0.013866066932678223,-0.10901384800672531,-0.15250611305236816,0.005253005772829056,-0.05587458238005638,-0.02480592578649521,-0.3239714503288269
-0.09832524508237839,0.06799890100955963,-0.13240523636341095,0.10546271502971649,-0.07919373363256454,-0.08162251114845276,-0.11396107822656631,0.1952294409275055,-0.1716529279947281,0.17730242013931274,-0.012758796103298664,-0.025508824735879898,0.16892573237419128,-0.23542220890522003,-0.07413141429424286,0.132816344499588,0.027711259201169014,-0.21737709641456604,0.007297160103917122,0.32459813356399536,0.190964937210083,0.21600104868412018,0.10603110492229462,-0.013471154496073723,0.13209211826324463,-0.015332995913922787,0.1303996741771698,-0.007918084971606731,0.32263174653053284,-0.024475501850247383,-0.08974618464708328,-0.020450914278626442,0.25457537174224854,0.21811284124851227,0.06352760642766953,0.12363498657941818,-0.026141438633203506,0.011329304426908493,0.05348533019423485,-0.45467957854270935,0.44937002658843994,0.028829801827669144,0.11563740670681,-0.18533720076084137,0.025466253980994225,-0.15244299173355103,-0.07055416703224182,-0.021207444369792938,0.06821185350418091,-0.23758259415626526
-0.023887738585472107,0.04205259680747986,0.32258158922195435,-0.0639362633228302,0.2836149334907532,-0.07603773474693298,-0.19339990615844727,0.17373104393482208,-0.08373495191335678,0.16762225329875946,0.05229413881897926,-0.10996037721633911,-0.14112548530101776,-0.11884903162717819,-0.16220884025096893,-0.15891331434249878,0.18755166232585907,-0.029235051944851875,0.2756125330924988,0.2814452648162842,0.03834977746009827,0.22436560690402985,0.042272452265024185,0.20172850787639618,0.18242253363132477,-0.13388720154762268,0.25759851932525635,0.11104995757341385,0.1726401299238205,0.07554855197668076,-0.03387797996401787,-0.05746055766940117,0.13262034952640533,0.1978181153535843,0.07132624089717865,0.0988578051328659,0.0232644472271204,0.09392011165618896,0.08116299659013748,-0.20158956944942474,0.30728381872177124,0.022419586777687073,-0.0058096484281122684,-0.163496732711792,0.04346739128232002,-0.09928369522094727,-0.0659823790192604,-0.11944691836833954,-0.04552101343870163,-0.14453648030757904
0.04811523109674454,0.13279063999652863,0.030965102836489677,-0.12772201001644135,-0.196004718542099,-0.14418970048427582,-0.11629853397607803,0.13914313912391663,-0.0637630745768547,-0.24896878004074097,-0.16879203915596008,-0.1516263335943222,0.021773263812065125,-0.3524320423603058,0.058529362082481384,0.24398665130138397,-0.002344793174415827,0.022251617163419724,0.14727291464805603,-0.10865749418735504,0.03386285528540611,-0.28247448801994324,-0.11101841181516647,0.005974194500595331,0.15157532691955566,0.2598227858543396,0.20472945272922516,0.12671375274658203,-0.012075749225914478,0.13492679595947266,-0.0023216083645820618,-0.12919354438781738,0.04294772073626518,-0.23722992837429047,-0.13353051245212555,0.10206231474876404,-0.03930753096938133,0.0017653132090345025,-0.009694688022136688,0.0649101659655571,0.23846469819545746,-0.1173117458820343,0.1580432653427124,-0.1054060161113739,-0.09389863908290863,-0.2687399387359619,0.07186055928468704,-0.1005990207195282,-0.14252950251102448,0.37513333559036255
-0.08738891780376434,-0.02386070042848587,-0.1499961018562317,0.3053751587867737,-0.09135274589061737,0.0694229006767273,0.09996648132801056,-0.4342360496520996,0.10193758457899094,-0.07629536092281342,0.11094930768013,0.07982385903596878,0.23591861128807068,0.2352333962917328,0.21465153992176056,-0.2160765379667282,-0.27305397391319275,-0.19256649911403656,-0.26597681641578674,-0.14376763999462128,-0.13543318212032318,0.13138459622859955,-0.02820049785077572,0.08268433064222336,-0.18171076476573944,0.07483556866645813,-0.06540612876415253,-0.2909095883369446,-0.09548919647932053,0.032779768109321594,-0.0945339947938919,0.2278982400894165,0.3864663243293762,-0.27628111839294434,0.012207010760903358,-0.1700599491596222,0.11013922095298767,0.07852648943662643,-0.36901456117630005,-0.08409951627254486,-0.12571299076080322,0.038210611790418625,-0.3058890700340271,-0.17002244293689728,0.10509701073169708,-0.12317096441984177,0.12601523101329803,-0.14590035378932953,0.13540002703666687,-0.03474154695868492
-0.15300129354000092,-0.09546194225549698,-0.07929732650518417,0.15657150745391846,0.15671303868293762,-0.15946370363235474,0.10256871581077576,-0.2630981504917145,0.1953379511833191,-0.07603874802589417,-0.020901430398225784,-0.03878500312566757,0.06864146143198013,0.22376930713653564,0.03169811889529228,0.07841306924819946,0.09667812287807465,-0.1607813537120819,-0.08312610536813736,0.1506451666355133,-0.049228817224502563,0.056965988129377365,-0.09250335395336151,0.23017701506614685,-0.07163255661725998,0.12335479259490967,0.028933927416801453,0.013974332250654697,-0.08609329909086227,-0.02506781741976738,-0.2841774523258209,0.14608745276927948,0.11647779494524002,-0.14610008895397186,-8.558811532566324e-05,0.0006422053556889296,0.20906716585159302,0.13782113790512085,-0.029193773865699768,-0.17583179473876953,0.009912210516631603,0.05173803120851517,0.0014170112553983927,-0.1225418746471405,0.09466217458248138,0.08550865948200226,0.03711429610848427,-0.22286665439605713,-0.02257748693227768,0.051943518221378326
0.08840321749448776,0.21228137612342834,0.053257472813129425,-0.057091888040304184,0.046008285135030746,0.16683022677898407,0.039374612271785736,-0.10521173477172852,0.08237902075052261,-0.12539906799793243,-0.027660522609949112,0.001134656835347414,0.32666176557540894,-0.1470501720905304,0.24603314697742462,0.05256860703229904,-0.1186198815703392,-0.09121450036764145,0.1525106281042099,-0.355101078748703,0.04506320133805275,-0.011069885455071926,-0.05925661697983742,-0.10498784482479095,0.059490930289030075,0.06602227687835693,-0.04861966148018837,-0.04088184982538223,0.160501167178154,0.14798426628112793,0.0525386743247509,0.13333646953105927,0.10829992592334747,0.13435964286327362,0.02065613865852356,0.2531496286392212,-0.10209789872169495,0.10554017126560211,-0.08847019821405411,0.11038536578416824,-0.05132676661014557,-0.10818284004926682,0.18788307905197144,-0.009077251888811588,-0.10811042040586472,-0.17291240394115448,0.16438940167427063,-0.22084054350852966,-0.07054900377988815,0.08576244115829468
0.055382948368787766,-0.03472692891955376,0.008276167325675488,0.17010697722434998,-0.026780540123581886,0.03726975619792938,-0.03710540756583214,-0.05174299329519272,0.09833100438117981,-0.060700055211782455,0.022226840257644653,-0.029322020709514618,0.0054378872737288475,-0.02650667540729046,0.1277286410331726,0.08056844025850296,0.029178166761994362,-0.04244007170200348,-0.06013696640729904,0.05815117433667183,0.07157345116138458,0.03575741499662399,-0.06797387450933456,0.18815337121486664,-0.08287259191274643,-0.016314085572957993,-0.07533709704875946,-0.08174177259206772,-0.08411842584609985,0.12665210664272308,-0.20967049896717072,0.04339855536818504,0.11263279616832733,-0.2880394756793976,-0.0297258198261261,-0.021709147840738297,0.058686912059783936,0.06324512511491776,0.044759009033441544,-0.08732875436544418,0.13431675732135773,-0.028696924448013306,0.027942350134253502,0.0047291540540754795,0.026224736124277115,-0.06517346203327179,0.07852206379175186,-0.12171027809381485,0.05579405650496483,0.09025058150291443
0.09454640001058578,-0.09826552867889404,0.008550109341740608,-0.03338652104139328,0.03195446357131004,-0.07107538729906082,-0.026808368042111397,0.1789398044347763,-0.07170205563306808,0.15491913259029388,-0.02910596691071987,-0.06890588253736496,-0.023796401917934418,-0.11654016375541687,-0.2188282310962677,0.13332578539848328,0.0784289613366127,0.1991356760263443,-0.06677606701850891,-0.015277525410056114,-0.014840727671980858,-0.1746455878019333,0.0453319288790226,0.0851433128118515,0.14300541579723358,0.03156976029276848,0.12141598016023636,0.08996925503015518,0.011879505589604378,0.061096251010894775,0.06524452567100525,-0.18838971853256226,-0.2396162897348404,0.06510718166828156,0.011242709122598171,-0.17597854137420654,0.0551433339715004,-0.12093552947044373,0.19655437767505646,0.06944627314805984,0.08011127263307571,0.15081122517585754,-0.01975896582007408,0.08420966565608978,-0.026792289689183235,-0.049352556467056274,-0.03484315052628517,0.009018601849675179,-0.08841957151889801,-0.0013321490259841084
-0.07028650492429733,0.0410885252058506,-0.005851168185472488,-0.0037145703099668026,0.2902214527130127,-0.09053102880716324,0.09256967902183533,-0.1022128164768219,0.06399267911911011,-0.08344380557537079,-0.09188155084848404,-0.09226212650537491,-0.1358608901500702,0.07657786458730698,0.13580210506916046,0.04397815465927124,0.054346952587366104,-0.10087216645479202,0.09181367605924606,-0.06775718182325363,-0.02429398149251938,0.08789797127246857,0.00300999591127038,0.03441224619746208,0.005301854573190212,0.058213524520397186,0.06724205613136292,0.0856737494468689,-0.009657579474151134,-0.10878957808017731,-0.0959397628903389,0.0081168906763196,-0.059531938284635544,0.29717645049095154,0.05839603766798973,0.259155809879303,0.026757344603538513,-0.15100322663784027,-0.20506541430950165,0.0021990216337144375,-0.0242043137550354,-0.20079316198825836,-0.10667487978935242,-0.12064749747514725,0.03617352247238159,0.06488749384880066,0.03082146868109703,-0.023004211485385895,-0.145268514752388,-0.28684544563293457
0.04578172415494919,-0.0318528451025486,0.2597479224205017,-0.24817337095737457,0.08691976964473724,-0.1513066440820694,-0.11234605312347412,-0.032056935131549835,0.050720080733299255,-0.05922389402985573,-0.12127730250358582,-0.1822901964187622,0.09727051854133606,-0.2562859356403351,0.021406326442956924,0.21882496774196625,0.09615274518728256,-0.017330709844827652,0.20166850090026855,0.10861275345087051,0.016445768997073174,-0.13600200414657593,-0.07751178741455078,0.12758928537368774,0.2641527056694031,0.052710242569446564,0.021834613755345345,0.2189009189605713,-0.02348439209163189,0.17658904194831848,-0.07766999304294586,0.000425534148234874,0.0011672754772007465,0.13587996363639832,-0.06042295694351196,0.09260722249746323,0.09862370043992996,-0.08306670933961868,-0.04436385631561279,0.0917699933052063,0.28823378682136536,-0.14905962347984314,0.24463962018489838,-0.07508779317140579,-0.1349080204963684,0.06741698831319809,-0.1793162226676941,-0.02034952864050865,-0.2948710322380066,-0.11347522586584091
-0.06135106831789017,-0.09637445211410522,0.033295996487140656,-0.09791119396686554,-0.19900904595851898,0.0428319126367569,0.14539428055286407,-0.024324046447873116,0.19462327659130096,-0.20644111931324005,0.04103993624448776,-0.0921817496418953,0.007768947631120682,-0.020754842087626457,-0.10787799954414368,-0.08946976065635681,0.005646186415106058,0.18273243308067322,-0.19161851704120636,0.014286758378148079,-0.005534847732633352,-0.12553741037845612,0.025136232376098633,-0.07810967415571213,-0.21337181329727173,-0.009705808013677597,-0.04205963760614395,0.040361542254686356,-0.11154623329639435,0.06930671632289886,0.04106507822871208,-0.15477167069911957,0.10610796511173248,0.09200228750705719,0.002405825536698103,-0.16992807388305664,0.04758438095450401,-0.13360704481601715,0.040306489914655685,0.06386405229568481,-0.23917555809020996,0.08073154836893082,-0.07553866505622864,0.21540309488773346,-0.053216200321912766,0.20503433048725128,-0.19364291429519653,0.16819898784160614,-0.07856196910142899,-0.056042127311229706
-0.12917159497737885,-0.09721606969833374,-0.09500516206026077,0.03160259872674942,0.025450630113482475,-0.019649064168334007,-0.17564678192138672,-0.10469670593738556,-0.009125163778662682,-0.035641901195049286,0.0554547943174839,-0.038762420415878296,0.25574105978012085,-0.12663359940052032,-0.17224040627479553,0.2250334769487381,0.012746116146445274,-0.35838985443115234,-0.06857185065746307,0.08624482899904251,0.1879284828901291,0.20923486351966858,-0.04413432255387306,0.07539369910955429,0.19013281166553497,0.08035655319690704,0.3780081570148468,-0.034435685724020004,-0.05527319014072418,-0.27389439940452576,-0.06023068353533745,0.021619455888867378,0.12398378551006317,-0.15765424072742462,-0.13895834982395172,0.14796331524848938,0.004293680191040039,0.1035078689455986,0.09788896888494492,-0.21901892125606537,0.04251664876937866,0.1335849016904831,0.1528119146823883,-0.03485487401485443,0.03679271414875984,-0.1445464938879013,-0.06830614060163498,0.07253856211900711,0.0006092526018619537,0.07632935792207718
-0.09306555986404419,-0.06183867156505585,0.07473225891590118,0.08544587343931198,0.03142841160297394,0.4130116105079651,0.0028601556550711393,0.04485006257891655,-0.12230270355939865,0.0996137410402298,0.20828382670879364,0.1009225845336914,-0.42206597328186035,0.23839427530765533,-0.03833599388599396,-0.17659807205200195,0.18501393496990204,0.3127138316631317,-0.2427130937576294,-0.13270483911037445,-0.03593067079782486,-0.22595782577991486,-0.009386321529746056,0.049600545316934586,-0.016298959031701088,-0.1478058099746704,-0.2384769469499588,0.13344025611877441,-0.2206355780363083,-0.04664354398846626,0.15830089151859283,-0.016925860196352005,-0.18714594841003418,-0.11454514414072037,-0.051335547119379044,-0.2295747995376587,0.07529082149267197,0.12621261179447174,-0.1390582174062729,0.2479962557554245,0.05009466037154198,0.012607863172888756,-0.11561330407857895,-0.0051158517599105835,0.13038644194602966,0.06466497480869293,0.07431021332740784,0.021501734852790833,-0.08013521134853363,0.16974258422851562
0.09550473093986511,0.10805020481348038,0.14924895763397217,0.05466562509536743,-0.11047732084989548,-0.062047671526670456,0.014297861605882645,0.1167852059006691,-0.12996616959571838,-0.01838984154164791,-0.07056599110364914,0.04985293745994568,0.024713100865483284,-0.1477908492088318,0.05057856813073158,-0.007548255380243063,0.06868378818035126,0.06900611519813538,0.13780523836612701,-0.14800213277339935,0.024244973435997963,-0.14045342803001404,0.07859130948781967,0.05594364553689957,-0.05108017101883888,-0.21599538624286652,-0.1371801644563675,0.10841714590787888,0.0564669668674469,0.14469093084335327,0.03859037533402443,-0.0974910706281662,0.043508026748895645,0.11193762719631195,0.1467609405517578,0.11614811420440674,-0.15338176488876343,0.03325705975294113,-0.1204674243927002,0.04639819636940956,0.27540114521980286,-0.11133655905723572,0.4066948890686035,-0.09397369623184204,-0.08982806652784348,-0.20824317634105682,-0.057372964918613434,-0.14690729975700378,-0.017621934413909912,0.13617989420890808
0.05278867110610008,0.05091533064842224,-0.05687837302684784,-0.049871038645505905,-0.013524001464247704,0.10327399522066116,-0.05683163180947304,0.050539106130599976,-0.1757277399301529,0.033215541392564774,0.05801365524530411,-0.023884182795882225,-0.1612589806318283,0.06933271884918213,0.04581234231591225,-0.3096049427986145,0.17997170984745026,0.11478602141141891,-0.07730592042207718,-0.05049266666173935,-0.00895940326154232,-0.009281579405069351,0.0971626415848732,0.017867909744381905,-0.09589316695928574,-0.1363246589899063,-0.19922398030757904,0.04529827460646629,0.08321025222539902,-0.05298265814781189,0.0350235179066658,0.09211672097444534,-0.05176718160510063,-0.3703109622001648,0.10452054440975189,-0.2387046217918396,-0.22916828095912933,-0.07078363746404648,0.010762298479676247,0.10397419333457947,0.1695687174797058,-0.016550444066524506,-0.16228525340557098,-0.14589044451713562,-0.02077292650938034,-0.12572313845157623,-0.1733817458152771,-0.027252579107880592,-0.049489643424749374,0.061047572642564774
-0.017760826274752617,0.09098358452320099,0.19144415855407715,-0.32002341747283936,-0.13023695349693298,-0.17625698447227478,0.004710624925792217,0.11292664706707001,0.0035157601814717054,0.1337898224592209,0.0795203372836113,-0.02567041665315628,-0.08232536911964417,-0.15308432281017303,-0.052356936037540436,0.12959077954292297,0.014244422316551208,0.034787919372320175,0.1466670036315918,-0.006178917828947306,-0.0791645273566246,-0.036187585443258286,0.055000025779008865,-0.15314263105392456,0.14783380925655365,-0.03456498309969902,-0.18899865448474884,0.22443243861198425,0.1387210637331009,0.0452737957239151,0.012558513320982456,-0.033704131841659546,0.10126616805791855,0.07820286601781845,-0.1141592338681221,0.04204556718468666,-0.06995934247970581,-0.17193566262722015,-0.06002306565642357,0.2509557604789734,0.1371387541294098,0.0497235506772995,0.16153791546821594,0.0817059725522995,-0.117164745926857,-0.05793510377407074,-0.08960625529289246,0.0732882022857666,-0.1066831424832344,-0.017243532463908195
0.03851652890443802,0.11094436794519424,-0.28213316202163696,0.004417708143591881,-0.20454742014408112,0.2529714107513428,0.05792924016714096,0.15130022168159485,-0.03857698291540146,0.08152565360069275,0.027329178526997566,0.048741936683654785,-0.016260752454400063,-0.01854446530342102,0.12021146714687347,-0.055803969502449036,-0.006837960332632065,0.2306280881166458,-0.23018011450767517,-0.041697680950164795,-0.0675475150346756,-0.1262897551059723,-0.07916693389415741,-0.055046435445547104,-0.2829568386077881,0.16052557528018951,-0.030228571966290474,-0.09011731296777725,-0.003688222961500287,-0.04774542525410652,0.17033468186855316,-0.13720673322677612,-0.08848506212234497,-0.0237568411976099,-0.018933061510324478,-0.037816040217876434,-0.1735994815826416,-0.21553553640842438,0.08641081303358078,-0.017286516726017,-0.24001306295394897,-0.05235233157873154,-0.10818079113960266,0.12667520344257355,0.0557255782186985,-0.13123518228530884,-0.017656350508332253,0.07439728826284409,0.03305427357554436,-0.03480257838964462
-0.012599513866007328,0.027658894658088684,-0.29506537318229675,-0.010869359597563744,-0.2491157501935959,-0.10867725312709808,0.219339057803154,-0.17034585773944855,0.14248496294021606,-0.1595483124256134,-0.03274012729525566,-0.027847936376929283,0.0824897438287735,0.14195945858955383,0.1932622492313385,-0.0065712714567780495,-0.06559629738330841,-0.042647045105695724,-0.03342151269316673,-0.15843188762664795,-0.15062320232391357,-0.15381181240081787,-0.012078688479959965,-0.07951705902814865,-0.19945089519023895,0.1461809128522873,-0.07763911038637161,-0.06165057420730591,0.04051167517900467,-0.0032291137613356113,-0.025968270376324654,-0.03845598176121712,0.14201748371124268,-0.0027905770111829042,-0.028344102203845978,-0.054215699434280396,-0.03948138281702995,-0.10396216064691544,0.03949831798672676,0.06091628223657608,-0.20515525341033936,-0.07018403708934784,0.058407723903656006,0.14030364155769348,-0.043359845876693726,-0.009637468494474888,-0.13413742184638977,-0.14994579553604126,0.14331229031085968,-0.017389288172125816
-0.004129975568503141,-0.11014146357774734,-0.008162310346961021,-0.24263720214366913,-0.20852655172348022,-0.01678387075662613,-0.10192136466503143,0.13055364787578583,0.09649766981601715,0.03761869668960571,-0.046042174100875854,-0.18554732203483582,0.018685175105929375,-0.14392371475696564,0.02506476454436779,0.02024691551923752,0.11739884316921234,0.06096239015460014,-0.12225690484046936,0.07304228097200394,-0.08073435723781586,0.011788342148065567,0.011624223552644253,-0.17771288752555847,-0.14556355774402618,0.031595807522535324,0.14526931941509247,0.2039346694946289,0.24758578836917877,-0.0843864306807518,0.001258570933714509,-0.07368279993534088,-0.03082507848739624,-0.15593187510967255,-0.20358693599700928,0.06250956654548645,-0.0888596773147583,-0.4465028643608093,0.10794203728437424,-0.03936291113495827,-0.13748346269130707,-0.10460434854030609,-0.04645471274852753,0.20051030814647675,-0.029924504458904266,-0.10280357301235199,-0.24654355645179749,0.10593705624341965,-0.016209159046411514,-0.1238941177725792
0.06443937122821808,0.1772320717573166,0.024495378136634827,0.1253732442855835,-0.03930455818772316,0.014196019619703293,0.09917006641626358,-0.17011168599128723,-0.04103869944810867,0.08218356966972351,0.04900577664375305,0.29966893792152405,0.26202720403671265,0.11461787670850754,0.06788817793130875,-0.12674061954021454,-0.11300604790449142,-0.2399270236492157,0.15496578812599182,-0.03554826229810715,0.17504289746284485,0.22602395713329315,-0.0010576591594144702,0.22176387906074524,-0.18307790160179138,-0.20035769045352936,-0.19227513670921326,-0.05827091634273529,-0.03986421599984169,0.015136544592678547,0.07250162959098816,0.14615193009376526,0.08363165706396103,0.04299510642886162,0.0035000331699848175,0.10816202312707901,-0.08189994096755981,0.09983578324317932,-0.12959358096122742,-0.06880997866392136,-0.03820681571960449,-0.05512157827615738,0.11179386079311371,-0.1078978106379509,0.1733224093914032,0.05528552085161209,0.10801494121551514,-0.10804756730794907,0.09375052154064178,-0.12652350962162018
-0.1382172405719757,-0.057867083698511124,-0.174131840467453,0.12253206223249435,0.008018992841243744,-0.17016708850860596,-0.11275604367256165,0.13804398477077484,-0.06280813366174698,0.11699595302343369,0.03213551640510559,-0.010392166674137115,0.2226436585187912,-0.12764523923397064,-0.017496047541499138,-0.02516888827085495,0.06003355607390404,-0.04040418192744255,-0.13169793784618378,-0.04724174737930298,0.06403043121099472,0.03411593660712242,-0.08692663908004761,0.15603506565093994,0.10412681102752686,0.14146023988723755,0.19287258386611938,-0.09526237100362778,-0.11372703313827515,-0.06296218931674957,-0.03877082094550133,0.03447028994560242,-0.03327289596199989,-0.4405638873577118,-0.18700256943702698,-0.10742191970348358,-0.005990882404148579,0.18313422799110413,-0.024565555155277252,-0.1260494440793991,0.16061797738075256,0.14437627792358398,0.012796932831406593,0.023805323988199234,0.105444997549057,-0.16513869166374207,0.1006803959608078,-0.021453969180583954,0.07325373589992523,0.3632729947566986
0.08941878378391266,0.10672890394926071,0.1889985203742981,0.014950461685657501,-0.05638347938656807,-0.1458156555891037,0.07994391769170761,0.0545668825507164,0.06786780804395676,-0.025993555784225464,0.03868599981069565,0.09332547336816788,-0.044038157910108566,0.02435705065727234,0.06513562798500061,0.020498186349868774,0.05798421800136566,-0.025584012269973755,0.13976861536502838,0.01596553437411785,-0.07858309149742126,0.2233453243970871,-0.06463521718978882,0.10053814202547073,-0.055458515882492065,-0.10114409774541855,-0.20392216742038727,0.12896238267421722,0.06113678961992264,0.021468868479132652,-0.02101793885231018,-0.05142047256231308,-0.11474752426147461,-0.18694698810577393,0.12014053761959076,-0.09995368123054504,-0.039503227919340134,-0.09956762194633484,-0.06601651012897491,-0.12388033419847488,0.004264187533408403,0.02162732556462288,0.1189747303724289,-0.11019011586904526,-0.11240958422422409,0.12775391340255737,0.043096378445625305,0.03447689488530159,0.09331223368644714,0.13967077434062958
0.07534261792898178,0.10704752057790756,0.2992331087589264,-0.29591140151023865,-0.036775846034288406,0.12262289226055145,0.10785134136676788,-0.002672835486009717,0.27665457129478455,-0.12951228022575378,0.087010957300663,0.012169328518211842,-0.3025253415107727,-0.04579474776983261,-0.07222424447536469,0.019581245258450508,-0.12438031286001205,0.0767337754368782,-0.10470104962587357,0.07820329070091248,0.0064413053914904594,0.3684545159339905,0.0912238210439682,-0.18340276181697845,-0.2847580909729004,-0.10408130288124084,0.004691023379564285,0.02914063073694706,0.32245832681655884,0.17208465933799744,0.33776986598968506,-0.10622407495975494,-0.07538533955812454,0.31581366062164307,0.19575724005699158,0.11634410917758942,-0.14124490320682526,-0.2816099226474762,0.08045676350593567,0.17570900917053223,-0.10668299347162247,-0.20888277888298035,-0.0016222235281020403,0.21684043109416962,-0.022399328649044037,-0.2041313350200653,-0.07079171389341354,-0.028401196002960205,0.03524166718125343,-0.10667505860328674
0.06907790154218674,-0.02250796929001808,0.09125316888093948,0.060342900454998016,0.23983557522296906,-0.02547244355082512,-0.1375100314617157,-0.23771265149116516,-0.2089262455701828,0.11530029028654099,-0.1794075220823288,0.03930987790226936,0.02687661722302437,0.11745449155569077,-0.08502895385026932,-0.018992219120264053,0.03604994714260101,-0.04480767250061035,0.13842497766017914,-0.18328185379505157,0.0790831670165062,-0.3053201735019684,-0.16787153482437134,0.4289930760860443,0.23126190900802612,0.09994430840015411,-0.11492641270160675,0.09086146950721741,-0.37651872634887695,0.18694652616977692,-0.046776022762060165,0.2491307258605957,-0.03956441953778267,-0.4312886595726013,-0.07819708436727524,-0.017402874305844307,0.2266414612531662,0.2806245684623718,0.04091837257146835,0.16473686695098877,0.19641825556755066,0.05258268862962723,-0.011495952494442463,-0.12540577352046967,0.0945674255490303,0.008443936705589294,0.1321997195482254,-0.2057063728570938,-0.16334225237369537,0.30150023102760315
0.04044698178768158,0.06463608145713806,0.09458394348621368,-0.07691124081611633,-0.007434233091771603,-0.025391973555088043,0.09402583539485931,0.020399482920765877,0.11862140148878098,-0.09779898077249527,0.0423101969063282,-0.11189762502908707,-0.031226733699440956,-0.011027958244085312,0.10984383523464203,0.10362262278795242,-0.059984032064676285,0.08920023590326309,0.024641774594783783,-0.2156750112771988,0.008798499591648579,-0.3136351406574249,-0.037193141877651215,-0.06315132975578308,-0.0927576944231987,-0.0007389408419840038,-0.06414569169282913,0.10326750576496124,0.11564109474420547,0.152664452791214,0.030050301924347878,0.021473804488778114,-0.16895438730716705,0.014301210641860962,0.22341404855251312,-0.09734956175088882,-0.033332571387290955,-0.11745976656675339,-0.12215074151754379,0.16128522157669067,-0.07074098289012909,-0.06055693328380585,-0.008164138533174992,0.11600184440612793,-0.09982555359601974,-0.0797237977385521,-0.08636526018381119,-0.10650253295898438,-0.22733651101589203,-0.019365279003977776
-0.09521707892417908,0.10932596027851105,-0.09652797877788544,-0.009261058643460274,0.30441081523895264,-0.1652141511440277,0.17514845728874207,-0.09441553801298141,0.21617592871189117,0.031207427382469177,0.08250659704208374,0.034067463129758835,0.16466809809207916,-0.10116284340620041,-0.1538352072238922,-0.2520458996295929,0.1634621024131775,-0.003484289161860943,-0.029299141839146614,0.23231300711631775,-0.07242198288440704,0.48248761892318726,0.09077303111553192,0.18619905412197113,-0.06712991744279861,-0.008650424890220165,0.3485904037952423,-0.12647227942943573,-0.018353169783949852,-0.03480470925569534,-0.16339796781539917,-0.13738219439983368,-0.17623765766620636,0.08749266713857651,-0.031713299453258514,-0.012608097866177559,-0.0411825031042099,0.05213575065135956,-0.0822630524635315,-0.2625705599784851,-0.25474056601524353,0.021479960530996323,-0.11452119052410126,-0.05947155877947807,0.2013963907957077,0.021746337413787842,-0.1025363951921463,0.05319373682141304,0.1387609839439392,-0.1267656534910202
-0.1762315183877945,-0.30247384309768677,-0.1754293590784073,0.051553186029195786,-0.057612571865320206,-0.09909282624721527,-0.006089305970817804,0.1311062127351761,0.1278885453939438,0.03254835680127144,-0.10170427709817886,-0.06955516338348389,-0.03852387145161629,0.09349361062049866,-0.1387699693441391,-0.09091328084468842,0.07250989973545074,0.027287987992167473,-0.21774369478225708,-0.1133778840303421,-0.14864389598369598,0.126163050532341,0.010988599620759487,-0.2137516885995865,-0.06206022948026657,0.2043149620294571,0.1377616673707962,-0.12315519899129868,0.03870736062526703,-0.05021078884601593,0.008013950660824776,0.03609033301472664,-0.014406159520149231,-0.13342389464378357,-0.13463103771209717,-0.19741764664649963,0.19814033806324005,-0.07046796381473541,0.08080468326807022,-0.014113658107817173,-0.2528913617134094,0.037943340837955475,-0.1469389945268631,0.27974364161491394,-0.14568479359149933,0.018727939575910568,-0.15925811231136322,0.026157911866903305,0.1881292313337326,-0.02143794670701027
-0.12173589318990707,0.031147031113505363,0.13724686205387115,-0.09279397130012512,0.03473280742764473,-0.056971319019794464,0.07127479463815689,0.029172701761126518,-0.041858527809381485,0.10057929903268814,-0.10063586384057999,-0.044189270585775375,-0.15527088940143585,0.019130051136016846,-0.16462866961956024,0.06576769053936005,0.09782654792070389,0.0473238006234169,0.21620672941207886,0.32134127616882324,-0.008388017304241657,-0.01259641908109188,-0.05913902446627617,0.0477764718234539,-0.00798035692423582,-0.12233281135559082,0.1398451030254364,0.12148100137710571,0.03602038696408272,0.1136779636144638,0.06468018144369125,-0.07390748709440231,-0.05294825881719589,0.06938276439905167,0.11049840599298477,-0.020631464198231697,0.01581442914903164,0.0014385080430656672,0.008187265135347843,0.0651223286986351,0.1331716626882553,-0.10873518884181976,0.19428247213363647,-0.10068711638450623,-0.013081350363790989,0.03325430303812027,-0.22061821818351746,0.001545362058095634,-0.03121541440486908,-0.33546653389930725
-0.020391829311847687,0.030917279422283173,0.0012912694364786148,-0.07931583374738693,-0.2843509912490845,-0.038487136363983154,-0.15945684909820557,0.020914802327752113,-0.06131919473409653,-0.1867399662733078,-0.01653391681611538,-0.04555310681462288,0.1427021473646164,-0.192915141582489,0.15686148405075073,0.008624624460935593,-0.1364002525806427,-0.04413290694355965,0.03314575180411339,-0.23013220727443695,-0.014025473967194557,-0.10934286564588547,0.04844008386135101,-0.2129814624786377,0.06234806776046753,0.0653933435678482,0.05155765265226364,0.028697671368718147,0.11688677966594696,0.01035261806100607,0.005018562078475952,-0.06359115988016129,-0.002469455124810338,-0.1009991243481636,-0.13955114781856537,0.022207578644156456,-0.0025113702286034822,0.05171351507306099,0.0005066175945103168,0.11337243020534515,-0.06779298931360245,-0.09398254007101059,0.1420862227678299,-0.05890035256743431,-0.2133016288280487,-0.10047070682048798,0.012834280729293823,-0.030425887554883957,-0.02988913655281067,0.18036305904388428
-0.14919854700565338,-0.20926295220851898,-0.25579726696014404,0.18055303394794464,0.02796175703406334,0.06433693319559097,-0.22581201791763306,0.03402697294950485,-0.10566972941160202,0.060282740741968155,-0.02360493689775467,-0.13293951749801636,0.04860302433371544,0.06430134177207947,-0.236541748046875,0.062264855951070786,0.0807637944817543,-0.06116436421871185,-0.2944094240665436,-0.12610143423080444,-0.02246023528277874,-0.14736956357955933,-0.19627870619297028,0.12170875817537308,0.131291925907135,0.25288745760917664,0.26941606402397156,0.13818790018558502,-0.18015998601913452,-0.22962698340415955,0.1952332705259323,0.08603189140558243,0.08177096396684647,-0.12828795611858368,-0.2592487931251526,-0.10226333141326904,0.14958028495311737,0.013395379297435284,0.18862676620483398,0.05294494330883026,0.06067156046628952,0.18589718639850616,-0.10360510647296906,0.1753140538930893,0.13022902607917786,-0.16569022834300995,0.008399349637329578,-0.049670081585645676,0.004759707022458315,0.039810530841350555
-0.07328907400369644,-0.13670703768730164,-0.07886344194412231,0.08515758812427521,0.04052407294511795,-0.23570795357227325,-0.05002382770180702,0.010377868078649044,0.2062101513147354,-0.20710590481758118,0.006850589998066425,-0.0038418828044086695,0.19853581488132477,-0.17234614491462708,-0.07976596802473068,0.06706173717975616,-0.001274829264730215,-0.17800922691822052,0.0961853489279747,0.07976267486810684,-0.15802469849586487,0.41107091307640076,-0.16889509558677673,0.005816098302602768,0.08816991746425629,0.09932081401348114,0.1821397840976715,-0.008246553130447865,-0.01746334135532379,-0.041876766830682755,-0.23201347887516022,0.051647067070007324,0.020599614828824997,0.0468742735683918,-0.2994755208492279,0.07137875258922577,0.08273808658123016,-0.23238356411457062,0.13524551689624786,-0.1490323692560196,-0.28645390272140503,0.07292023301124573,0.07340593636035919,0.08978769928216934,-0.1393938660621643,-0.03909924998879433,-0.12489520758390427,0.03621592000126839,0.04332404211163521,-0.2161722481250763
-0.09103863686323166,-0.11225153505802155,-0.27410611510276794,0.013148649595677853,-0.11392482370138168,-0.015240958891808987,-0.04439174383878708,0.021290743723511696,0.17895765602588654,-0.09170699119567871,0.047455769032239914,0.02783384546637535,-0.018560873344540596,0.0565570630133152,-0.07518540322780609,-0.14323323965072632,0.08376507461071014,-0.05024705082178116,-0.2869656980037689,0.02003359980881214,-0.05046364292502403,0.2085111290216446,0.05832638591527939,-0.3382626175880432,-0.03502562642097473,-0.006070394534617662,-0.0461885891854763,-0.018759960308670998,0.08429563790559769,-0.26226121187210083,0.11498592048883438,-0.020603124052286148,-0.10406123101711273,-0.08876629918813705,-0.0323663204908371,-0.18372602760791779,0.01636483520269394,-0.3297419250011444,0.060054633766412735,-0.060428421944379807,-0.30688589811325073,0.055566076189279556,-0.16912376880645752,0.10675498098134995,-0.017225418239831924,-0.03177013620734215,0.04915807023644447,0.12969626486301422,0.07001528143882751,0.028589146211743355
0.13183030486106873,0.09914903342723846,0.046670492738485336,-0.03299180790781975,-0.1787872016429901,0.08520427346229553,0.040511734783649445,0.03555665165185928,-0.11784159392118454,0.19517378509044647,0.045634906738996506,0.13130426406860352,0.139583557844162,0.029254917055368423,0.2151689976453781,0.05184493958950043,0.0970810130238533,-0.12931811809539795,0.06607978045940399,-0.079936683177948,0.060786522924900055,-0.19447660446166992,0.10620848834514618,0.1453484296798706,0.05069655925035477,-0.10864890366792679,-0.04159252345561981,0.22041437029838562,0.10973481088876724,-0.0396520234644413,0.10032033920288086,0.007717033848166466,0.25909265875816345,0.06526719033718109,0.024111615493893623,0.09832913428544998,-0.24243533611297607,0.24102000892162323,-0.1477525383234024,0.07981915771961212,0.14560960233211517,-0.11994975805282593,0.1434471756219864,0.02133108302950859,0.013939965516328812,-0.12871286273002625,0.057164374738931656,-0.08043215423822403,0.1348256766796112,0.03913983330130577
0.0785975530743599,0.06593579798936844,-0.06646405160427094,-0.1375522017478943,-0.3129001557826996,-0.0454074926674366,0.044755566865205765,-0.10840878635644913,-0.045817624777555466,-0.06278296560049057,-0.015513532795011997,-0.08811373263597488,-0.048908136785030365,0.02504216693341732,0.10133139789104462,0.17209334671497345,-0.1786947250366211,0.08239082992076874,-0.042611848562955856,-0.09283679723739624,-0.14540216326713562,-0.32977810502052307,-0.040662284940481186,-0.16859808564186096,-0.08694267272949219,0.2053873986005783,-0.10332892835140228,0.028050972148776054,-0.018353881314396858,0.05483608692884445,0.08922477066516876,-0.12118774652481079,0.015631090849637985,-0.21653147041797638,0.04584568366408348,-0.22802995145320892,-0.044732317328453064,-0.042722176760435104,-0.024917764589190483,0.19161468744277954,-0.029701819643378258,0.037967950105667114,0.06878624856472015,-0.1583472490310669,-0.16580988466739655,-0.10639239102602005,0.016275528818368912,0.00033087588963098824,-0.07626203447580338,0.16458989679813385
-0.10557971894741058,-0.2917558252811432,0.040214382112026215,-0.0889112576842308,-0.046996407210826874,-0.19175101816654205,-0.027780355885624886,0.13789796829223633,0.027838831767439842,-0.22666609287261963,-0.1613651067018509,-0.13244690001010895,-0.1581287682056427,-0.18956877291202545,-0.10873539745807648,-0.03904030844569206,0.03771715983748436,0.1286383420228958,-0.0813351571559906,0.21329796314239502,0.12311765551567078,-0.09772127866744995,0.05257691442966461,-0.09379339963197708,0.03270768001675606,0.1291002631187439,0.05832867696881294,0.03716174513101578,-0.006304254289716482,0.003409419674426317,-0.027403244748711586,-0.0025952300056815147,-0.27416160702705383,-0.031854212284088135,-0.08352138847112656,-0.026825806125998497,0.24106350541114807,-0.28709012269973755,0.18348830938339233,0.1609734147787094,-0.019383039325475693,0.05090061202645302,-0.14979751408100128,0.11725689470767975,-0.02478213794529438,0.18953698873519897,-0.0788065493106842,0.08998975157737732,-0.1657683551311493,-0.21143710613250732
