0.18710167706012726,0.08956408500671387,0.039801448583602905,-0.18865583837032318,0.10372243076562881,0.0485399104654789,0.06934873014688492,-0.027362002059817314,0.16682521998882294,-0.13047364354133606,0.32654908299446106,-0.013953331857919693,-0.08039744943380356,-0.05036858096718788,-0.011498171836137772,0.1134285107254982,-0.009199656546115875,0.10932212322950363,0.08593785762786865,0.035123322159051895,0.13457703590393066,0.24496278166770935,0.17974403500556946,0.019301773980259895,0.03508811444044113,0.22206932306289673,-0.07991095632314682,0.011242073029279709,-0.23994188010692596,0.002950380789116025,-0.06241282448172569,0.20130988955497742,-0.04934651777148247,-0.26310428977012634,-0.00810023583471775,-0.1956186592578888,-0.0806804820895195,-0.08824549615383148,-0.04446987062692642,-0.15023060142993927,-0.077311672270298,0.07660667598247528,0.11123930662870407,0.17506667971611023,-0.037074100226163864,0.08193250745534897,-0.12589095532894135,0.2844850420951843,-0.3869566321372986,-0.280293732881546
-0.022006386891007423,-0.029826490208506584,-0.01825922355055809,0.11054569482803345,0.12678971886634827,-0.02195514552295208,-0.030454684048891068,-0.20768766105175018,0.01080287341028452,-0.03220067173242569,-0.08641389012336731,-0.0815676897764206,0.01736879162490368,0.07243957370519638,0.06263358145952225,0.15136763453483582,-0.14550837874412537,-0.027127977460622787,-0.30858179926872253,0.08415742963552475,-0.057894058525562286,-0.04077202454209328,0.1097145602107048,0.16219472885131836,-0.026197094470262527,-0.0738338828086853,-0.08704163134098053,0.10141628980636597,0.2916945815086365,0.15923649072647095,0.06756485253572464,-0.003108065342530608,-0.014959645457565784,0.16705524921417236,0.3462686538696289,0.19722452759742737,0.3560028076171875,-0.001254308968782425,0.25574517250061035,0.11152750253677368,-0.21824640035629272,-0.1501617133617401,-0.1019633412361145,0.23712873458862305,0.2234508991241455,-0.06365123391151428,0.17555774748325348,-0.20620547235012054,-0.019109616056084633,0.16149252653121948
-0.01297556422650814,-0.1732984483242035,0.2817822992801666,-0.06799394637346268,-0.11988966912031174,-0.10047361999750137,0.14705462753772736,-0.08575163036584854,0.05256172642111778,-0.2571469247341156,0.12656687200069427,-0.14350715279579163,-0.0020296694710850716,0.05709235742688179,0.10117454081773758,-0.02192358300089836,-0.0721481442451477,-0.08056420087814331,0.13524559140205383,-0.12149526923894882,0.05038832873106003,0.04331783577799797,-0.062376171350479126,0.033866338431835175,0.13098135590553284,0.039919979870319366,0.12132710218429565,-0.11976119875907898,-0.20974381268024445,-0.12100137770175934,-0.012720182538032532,-0.07140647619962692,0.30034035444259644,0.04351536184549332,0.15120083093643188,0.2398967742919922,0.1650669127702713,0.004952686373144388,0.07350162416696548,0.17027108371257782,0.04974137619137764,0.06295917183160782,-0.12379121780395508,-0.0434834361076355,-0.28913673758506775,0.04258796200156212,-0.07765711098909378,0.061975639313459396,0.052477117627859116,0.11333495378494263
0.2359170764684677,0.07718375325202942,-0.21857523918151855,-0.20306774973869324,0.14608506858348846,-0.04433892294764519,-0.08131086826324463,0.03887677192687988,0.1737542748451233,0.06701148301362991,0.05361136421561241,0.21060697734355927,-0.09169955551624298,0.10931040346622467,-0.02847890369594097,-0.0343673937022686,-0.12024932354688644,0.16320465505123138,0.3982189893722534,0.21751415729522705,0.1742706000804901,0.2788829803466797,0.04416920617222786,-0.15384112298488617,-0.14095021784305573,0.13755904138088226,-0.17720946669578552,0.1711777299642563,-0.17171946167945862,-0.2517768144607544,-0.030900917947292328,0.1136225163936615,-0.33818569779396057,-0.07206408679485321,-0.38728177547454834,-0.12572112679481506,-0.1531868278980255,0.07040512561798096,-0.07967749238014221,0.004909410607069731,0.32250070571899414,0.16651651263237,0.17189881205558777,0.027080537751317024,-0.19877487421035767,0.1434132307767868,-0.07134538143873215,0.3994623124599457,0.03105437569320202,0.07371930032968521
-0.0433398112654686,0.03896608203649521,-0.10530132800340652,-0.014597460627555847,-0.1427183896303177,-0.04143733158707619,-0.15263253450393677,0.03457934036850929,0.011614012531936169,-0.13872303068637848,0.05858101695775986,0.17424185574054718,0.0737491324543953,-0.13204620778560638,-0.06104515865445137,0.05327191576361656,0.00804116390645504,-0.26385974884033203,-0.007190213073045015,-0.04057404026389122,0.18150848150253296,-0.04071836173534393,-0.015167261473834515,-0.10311486572027206,-0.018242377787828445,-0.0103843305259943,0.010833554901182652,0.0360928550362587,0.09355811029672623,-0.03911794722080231,-0.021086998283863068,0.03019418753683567,-0.03216693550348282,-0.053262706845998764,-0.18412663042545319,-0.24433742463588715,-0.2292240560054779,-0.06669723242521286,-0.022185230627655983,-0.18795813620090485,0.02787415124475956,0.0879376083612442,0.02529837191104889,0.12388938665390015,0.00235251197591424,0.0813031867146492,-0.056844986975193024,0.10814526677131653,0.08532378822565079,-0.0728968158364296
-0.27370843291282654,0.17850373685359955,0.02727583609521389,0.06090279296040535,-0.04643363505601883,0.023926787078380585,-0.07941198348999023,0.028613509610295296,0.05427646264433861,0.1715332418680191,-0.22217707335948944,-0.18123334646224976,-0.28902292251586914,-0.05559491738677025,-0.1351451426744461,-0.1326548457145691,-0.2951031029224396,-0.03947519510984421,-0.11419873684644699,-0.4271168112754822,0.11408036202192307,-0.044707659631967545,0.011053872294723988,-0.033370472490787506,0.03214491903781891,-0.07494977116584778,0.09526658803224564,-0.04153140261769295,-0.08145079016685486,-0.11656296253204346,-0.03895002603530884,-0.11922328919172287,-0.05422857403755188,-0.03316088393330574,-0.30215513706207275,-0.0753486379981041,-0.12884406745433807,-0.010401854291558266,0.014533881098031998,-0.26259204745292664,-0.08213789761066437,-0.029355285689234734,0.20595623552799225,0.23041921854019165,-0.20276330411434174,-0.10714875161647797,-0.13149704039096832,-0.052516598254442215,-0.017081893980503082,0.2547156810760498
0.15996092557907104,0.056990448385477066,-0.07221636176109314,0.05024911090731621,0.08863705396652222,0.007194302044808865,0.043222688138484955,-0.1052023246884346,0.036259591579437256,-0.07648330926895142,-0.02976757101714611,-0.19975703954696655,-0.175018310546875,0.09283888339996338,0.05344526842236519,0.01500425674021244,0.2043963223695755,-0.03295060619711876,-0.07610097527503967,-0.06889355182647705,-0.23202654719352722,-0.09332508593797684,0.2848209738731384,-0.16179513931274414,0.025438228622078896,-0.15439839661121368,0.08172336965799332,-0.08116327971220016,0.034936703741550446,-0.338335245847702,-0.27455076575279236,0.0031448788940906525,-0.04207908734679222,0.154306098818779,-0.21482887864112854,-0.2738804817199707,-0.4427417516708374,0.03851857781410217,0.1557997465133667,0.18369640409946442,0.18099281191825867,-0.28223997354507446,0.0965360552072525,-0.08972936123609543,-0.15869460999965668,-0.03769953176379204,-0.189046248793602,-0.00043212450691498816,0.38855060935020447,-0.03392532095313072
0.030571704730391502,0.14413782954216003,-0.12281335890293121,0.1771089881658554,0.1903255730867386,0.36688318848609924,-0.230243980884552,0.18987344205379486,-0.0009000302525237203,-0.0272075068205595,-0.17827174067497253,-0.10090240836143494,-0.0020252319518476725,0.22822053730487823,-0.0521513856947422,-0.023059023544192314,0.15881101787090302,-0.1370335817337036,0.06795196980237961,0.06320767104625702,-0.34068477153778076,0.11989929527044296,-0.026411602273583412,0.0011378886410966516,-0.036253415048122406,-0.11271676421165466,-0.15898734331130981,-0.1083998754620552,-0.18863466382026672,-0.27250346541404724,-0.163383349776268,0.03736323118209839,-0.10281311720609665,-0.0017133716028183699,-0.0497543066740036,-0.12188249826431274,-0.21948657929897308,-0.031168630346655846,-0.08310969173908234,-0.07559715211391449,0.5489190220832825,-0.17369642853736877,0.09394320100545883,0.1311596781015396,0.25687265396118164,0.12474234402179718,-0.16253124177455902,0.1261884719133377,-0.17552044987678528,-0.08271365612745285
0.006338893435895443,0.12249906361103058,-0.09004438668489456,0.06901614367961884,-0.14441780745983124,0.012995889410376549,0.26209378242492676,-0.3004610240459442,0.04625861719250679,-0.21455876529216766,-0.1657494753599167,-0.21216586232185364,-0.004258696921169758,-0.09300674498081207,0.07907286286354065,0.09434740990400314,0.1055503636598587,-0.07619896531105042,-0.01680108532309532,-0.034553516656160355,0.025768214836716652,0.01901058293879032,0.33961835503578186,-0.24787434935569763,0.04284672811627388,-0.31613728404045105,0.22894801199436188,0.011589991860091686,0.1686321645975113,-0.04520747438073158,0.01927175186574459,0.05789957940578461,0.37064188718795776,-0.13586793839931488,0.13330887258052826,0.12526081502437592,-0.04297826066613197,0.10543354600667953,0.05508799105882645,0.1883082240819931,0.16999182105064392,-0.052666716277599335,-0.1952158361673355,0.0008371189469471574,-0.14841070771217346,-0.03507879003882408,-0.03967675566673279,0.04685360565781593,0.35657742619514465,0.00897357240319252
-0.05703992396593094,-0.02131449431180954,0.08621875941753387,0.18168985843658447,-0.015868233516812325,-0.012302488088607788,-0.056924864649772644,-0.053602203726768494,-0.17771607637405396,-0.08523073047399521,-0.03622816130518913,-0.026336193084716797,-0.09508230537176132,-0.10692170262336731,-0.11472683399915695,0.17706844210624695,-0.09539635479450226,-0.14325988292694092,-0.2102017104625702,-0.3004520535469055,-0.10142794251441956,-0.037359654903411865,-0.0533590242266655,0.06334897875785828,0.04090454801917076,-0.12879911065101624,0.056661978363990784,-0.10255304723978043,0.16621588170528412,0.12797051668167114,0.12543265521526337,-0.10542746633291245,0.16449877619743347,-0.0556471087038517,0.07576363533735275,0.04767527058720589,0.0642210990190506,-0.05192847177386284,0.06555719673633575,-0.15117831528186798,-0.09899518638849258,-0.1621774435043335,0.09537825733423233,0.21262693405151367,0.08431128412485123,-0.1940670758485794,-0.008424155414104462,-0.10444492846727371,-0.1035114973783493,0.08071070909500122
0.04133032262325287,0.10715416818857193,-0.0015952838584780693,-0.024819713085889816,-0.16998687386512756,0.01959020458161831,-0.1095501109957695,0.05169762298464775,-0.024768149480223656,0.008282287046313286,-0.0710279792547226,-0.18093565106391907,-0.011860551312565804,-0.030922023579478264,0.032435342669487,-0.04417884349822998,-0.2432432472705841,0.00027008229517377913,-0.08478687703609467,0.17057906091213226,0.009864738211035728,0.10914530605077744,-0.016227897256612778,-0.2082895189523697,0.14190417528152466,-0.010112096555531025,0.14774131774902344,0.02548826113343239,-0.06208457425236702,-0.07304982095956802,-0.012442984618246555,-0.10588353127241135,0.07563077658414841,-0.010227642953395844,-0.10651152580976486,-0.08485966920852661,-0.10285374522209167,-0.12423524260520935,-0.037703823298215866,-0.08331745862960815,0.004046392161399126,0.28659358620643616,-0.036491312086582184,0.14876946806907654,-0.08578737080097198,-0.12649036943912506,-0.07663428783416748,0.23575517535209656,0.012207708321511745,0.03010580688714981
-0.146528422832489,0.09313952922821045,0.11797298491001129,-0.10525818914175034,-0.08340245485305786,-0.0905679240822792,-0.02652462013065815,-0.2310483753681183,0.0692397728562355,-0.033292729407548904,-0.06139583885669708,0.1336546540260315,-0.0437055267393589,0.07284581661224365,-0.06094593182206154,0.08930516988039017,0.09371445327997208,0.28173863887786865,0.09558942914009094,-0.09101609140634537,0.05675848200917244,-0.055586159229278564,-0.10286489874124527,0.021176842972636223,0.007263686507940292,0.10376192629337311,-0.06018440052866936,-0.2131565511226654,-0.02613971009850502,-0.0712958350777626,-0.20195025205612183,0.04524918273091316,0.11588025093078613,-0.08217767626047134,-0.3250369429588318,0.15065240859985352,-0.06461136788129807,0.0102208461612463,-0.06547436863183975,0.12295164912939072,0.07019247114658356,0.08394057303667068,0.059260327368974686,0.033640459179878235,-0.30228811502456665,-0.07364735007286072,-0.05665108188986778,0.22602500021457672,0.16722016036510468,0.23789748549461365
0.03671380504965782,-0.0966993048787117,-0.10835297405719757,-0.08235098421573639,-0.3351447284221649,0.005318457260727882,0.1482897698879242,-0.21955837309360504,-0.14636635780334473,-0.09408361464738846,-0.10259580612182617,0.043005652725696564,-0.16157682240009308,0.011263919994235039,0.0060875797644257545,0.06385297328233719,0.029666559770703316,0.18092961609363556,0.07041952013969421,-0.10866477340459824,0.19133663177490234,0.01565009541809559,0.005883081816136837,-0.15009453892707825,0.2681442201137543,0.05083978548645973,0.11767147481441498,0.06067539379000664,0.2436295747756958,-0.033549293875694275,0.19786392152309418,-0.005585395731031895,0.056113239377737045,-0.10094866156578064,-0.2991752624511719,0.024936912581324577,-0.01710154488682747,0.17101538181304932,0.13216532766819,-0.026379015296697617,0.25997570157051086,0.0215246994048357,0.12498234212398529,-0.18686042726039886,-0.3547467291355133,0.0642864853143692,-0.22836154699325562,0.21398362517356873,0.2156861275434494,0.08000104874372482
0.03990499675273895,0.13314877450466156,-0.24032443761825562,-0.07404470443725586,0.15877138078212738,0.05845368653535843,-0.20683664083480835,0.29272547364234924,0.007306257728487253,-0.044984351843595505,0.019507229328155518,0.14498701691627502,0.14286261796951294,-0.06826063245534897,-0.0067212386056780815,-0.0024464360903948545,-0.10699736326932907,0.022181713953614235,0.13763447105884552,-0.0647767186164856,-0.16058416664600372,-0.13751113414764404,-0.08001673966646194,-0.07731305062770844,0.12193335592746735,-0.021798815578222275,-0.010269753634929657,0.0784652978181839,-0.043850187212228775,-0.13955114781856537,0.05447807163000107,0.032131291925907135,-0.2949509918689728,-0.22284846007823944,-0.10326765477657318,-0.00046993879368528724,-0.24608324468135834,0.10413271188735962,-0.06055547669529915,-0.10092971473932266,0.18393586575984955,0.16207879781723022,-0.18113821744918823,-0.010040699504315853,0.07666072249412537,0.041051071137189865,-0.1129562184214592,0.0543421246111393,0.13776512444019318,-0.05769381672143936
0.1751948595046997,0.05077922344207764,0.11510764807462692,0.07387002557516098,0.06120751053094864,0.031217841431498528,0.1937168538570404,0.2607233226299286,0.057779379189014435,-0.23942241072654724,0.07205830514431,0.1549566090106964,0.15125620365142822,-0.10080546140670776,-0.1028837189078331,0.04693489149212837,0.10861598700284958,-0.06474421918392181,-0.16903217136859894,0.21872065961360931,0.20068451762199402,-0.010397992096841335,0.11979538947343826,-0.1969720721244812,-0.03342381492257118,0.25061655044555664,-0.01076460536569357,0.27871155738830566,0.04588305950164795,0.15705862641334534,-0.002142030745744705,0.0010886471718549728,-0.19913794100284576,0.01084820181131363,0.10233794152736664,-0.04346391186118126,0.19176676869392395,0.02454688772559166,-0.022660212591290474,-0.05607301741838455,0.07583193480968475,-0.012037761509418488,-0.07927324622869492,0.04084509611129761,0.16312718391418457,0.05560621619224548,-0.11629220098257065,-0.11659228801727295,-0.1312534362077713,-0.10179156064987183
-0.049571968615055084,-0.009445605799555779,-0.1287461519241333,0.22085174918174744,0.18617422878742218,0.008730807341635227,-0.2905251085758209,0.05518173426389694,-0.1163170337677002,0.2759280800819397,-0.045183006674051285,-0.22255603969097137,-0.3085607886314392,0.06988867372274399,0.150392085313797,0.01399635523557663,0.21483631432056427,-0.10788371413946152,-0.3069126009941101,0.09657777845859528,-0.1566711962223053,-0.1415783166885376,0.08435537666082382,-0.0013790909433737397,-0.11031582206487656,-0.0966389924287796,0.09704220294952393,-0.07391684502363205,0.053948014974594116,-0.30818748474121094,-0.06875544786453247,-0.022921595722436905,-0.0862557664513588,0.08823549747467041,0.2946084439754486,-0.2085653692483902,-0.1269993931055069,-0.15072445571422577,0.05629561468958855,-0.05408664420247078,-0.052586302161216736,-0.13113786280155182,0.1413261592388153,-0.09905752539634705,0.1485600471496582,0.00806992407888174,-0.027521831914782524,-0.15139584243297577,-0.1358935683965683,-0.2557707130908966
0.15280203521251678,0.14598557353019714,-0.17169897258281708,0.027092866599559784,0.013398689217865467,0.10260669887065887,0.1623886376619339,0.05295789986848831,0.013020624406635761,0.08886488527059555,-0.10859648883342743,-0.0805886760354042,-0.10361046344041824,0.04490731656551361,-0.04472208023071289,-0.14254075288772583,0.05923750251531601,-0.24496513605117798,0.12452521920204163,-0.06236698478460312,0.22800499200820923,0.3402960002422333,0.2067067176103592,-0.12309823930263519,-0.01576143689453602,-0.11637043207883835,0.3260851502418518,0.08381415903568268,0.04778410121798515,-0.045556411147117615,-0.05430116504430771,0.0698474794626236,0.03094080649316311,-0.3900673985481262,-0.13420024514198303,-0.06467632949352264,-0.16452768445014954,0.0016189729794859886,0.0032427662517875433,-0.07579408586025238,0.06526997685432434,0.1933722347021103,0.17531932890415192,-0.020557865500450134,-0.06547068804502487,0.03058561310172081,0.08366791903972626,0.2001221925020218,-0.016559593379497528,-0.13065725564956665
-0.08176206797361374,0.016645614057779312,-0.009159973822534084,0.03203527629375458,0.1346309334039688,0.03430934622883797,-0.24407511949539185,-0.20262013375759125,-0.031686604022979736,-0.01847834512591362,-0.28356245160102844,-0.10908777266740799,0.003147412557154894,0.0545247420668602,-0.08569104224443436,0.011081758886575699,0.061955250799655914,-0.11305619776248932,0.12029670923948288,0.01970515213906765,-0.16767407953739166,-0.15642403066158295,-0.10850577801465988,0.021599948406219482,0.025059008970856667,0.16805411875247955,-0.18574652075767517,0.00016563294047955424,0.1920914202928543,-0.31406834721565247,-0.04022974520921707,-0.08149876445531845,-0.041565243154764175,0.2262123078107834,-0.13743765652179718,0.07150323688983917,-0.12479880452156067,-0.005502638407051563,0.11312361806631088,0.08004552870988846,-0.002992418594658375,0.030627861618995667,0.010650158859789371,-0.14752735197544098,-0.12574361264705658,-0.11783067137002945,-0.12075420469045639,0.007848478853702545,0.12631621956825256,0.11982516944408417
0.02485070750117302,-0.08385514467954636,-0.13872133195400238,0.11124017089605331,0.09091614931821823,0.0055360510013997555,0.20540384948253632,0.13549630343914032,-0.22484903037548065,0.015310290269553661,-0.10827775299549103,-0.04678339138627052,0.10922964662313461,0.02208339236676693,-0.0067743719555437565,0.05797761306166649,0.06240922212600708,-0.0025568269193172455,-0.004399628844112158,0.18272705376148224,0.019122956320643425,0.26060745120048523,0.16451139748096466,-0.10437549650669098,-0.17219281196594238,0.15189380943775177,0.05345943197607994,0.1218198835849762,0.16403932869434357,0.12051590532064438,-0.008195768110454082,0.11485215276479721,0.0381455272436142,0.04660375416278839,0.15823450684547424,-0.1360221803188324,0.07623452693223953,0.08059576153755188,0.17835359275341034,-0.1040128841996193,0.0008705713553354144,0.08887113630771637,0.008626624010503292,0.049018874764442444,0.1935943365097046,-0.09321975708007812,0.03951427340507507,0.11368296295404434,-0.08515855669975281,-0.19656674563884735
0.15092477202415466,0.08599114418029785,-0.43475577235221863,-0.019921643659472466,-0.11626261472702026,-0.18132641911506653,0.10125098377466202,-0.2339499592781067,0.07442912459373474,0.030030986294150352,-0.15648460388183594,0.011582928709685802,0.17252863943576813,-0.3501106798648834,0.04432116821408272,0.020378051325678825,-0.05395463481545448,-0.16503159701824188,-0.2267092764377594,-0.042735595256090164,-0.045479562133550644,-0.005568002816289663,0.06452475488185883,-0.3118624687194824,-0.08301477879285812,-0.1495480090379715,0.07912154495716095,0.08297787606716156,-0.04147619754076004,0.029456283897161484,0.1594071090221405,-0.019962623715400696,-0.10989069938659668,-0.008770307525992393,0.016275160014629364,-0.11362086236476898,0.055917736142873764,0.04839840158820152,0.04549713805317879,0.09425990283489227,-0.021588291972875595,0.15198563039302826,0.12925367057323456,-0.19596561789512634,0.16293266415596008,0.036484427750110626,0.08305786550045013,0.050289884209632874,0.0005800893413834274,0.042453933507204056
0.26304543018341064,-0.13037608563899994,0.1625351905822754,-0.0934276282787323,0.06524404138326645,-0.05773468688130379,0.16318026185035706,0.13437965512275696,0.20457491278648376,-0.055217113345861435,0.09003878384828568,-0.02264092117547989,-0.14244970679283142,0.04363283887505531,-0.20674166083335876,-0.013681164011359215,0.15169312059879303,0.14906366169452667,0.19023241102695465,0.022599324584007263,-0.07151652872562408,0.31662681698799133,0.07421567291021347,-0.04806211218237877,-0.09665597230195999,0.26457998156547546,-0.07102837413549423,-0.024971475824713707,-0.1972593367099762,0.2307039499282837,-0.24741603434085846,0.033646050840616226,0.12119024246931076,0.016047189012169838,-0.15699990093708038,0.0042265732772648335,-0.01637398824095726,0.07041391730308533,0.09276045858860016,-0.012951618991792202,0.12325739860534668,0.06769808381795883,0.20182636380195618,-0.19152016937732697,0.028384417295455933,-0.08547363430261612,-0.0951528251171112,0.04310755431652069,-0.04709514230489731,0.13604991137981415
0.10623398423194885,0.11867308616638184,-0.0409918874502182,0.24249212443828583,-0.1128903180360794,-0.09659763425588608,0.18363898992538452,0.1373986452817917,0.19050824642181396,0.1461111158132553,-0.08058758825063705,0.1630859524011612,-0.041321221739053726,-0.016116367653012276,0.018734969198703766,-0.0036545039620250463,0.1466882973909378,-0.0462239608168602,-0.08126277476549149,0.02351430617272854,0.1411520391702652,-0.0635107159614563,0.03719700872898102,-0.11325936764478683,0.05959203839302063,0.036108676344156265,-0.061714865267276764,0.11496014147996902,0.13295812904834747,0.12741464376449585,-0.1842835396528244,-0.012089189141988754,-0.1249910295009613,-0.19440427422523499,-0.005797522608190775,-0.03088326007127762,-0.13336928188800812,0.019994838163256645,0.08863511681556702,-0.055809564888477325,0.1686047911643982,-0.15470688045024872,0.07454466074705124,0.0324941985309124,-0.03798192739486694,-0.20985518395900726,-0.13340124487876892,-0.19294749200344086,0.23578095436096191,-0.14731179177761078
0.2120450884103775,-0.007736514322459698,-0.2779775857925415,-0.07064023613929749,0.17574508488178253,0.08243124186992645,-0.06065785512328148,-0.03562553599476814,0.21184951066970825,-0.10158863663673401,-0.2095363289117813,-0.026890289038419724,0.05186804011464119,0.2358676642179489,0.015309481881558895,-0.030198855325579643,0.14151790738105774,-0.1287236511707306,0.027932241559028625,0.25447770953178406,-0.064567930996418,0.008881292305886745,0.046219706535339355,-0.16486689448356628,0.03205164894461632,0.15141212940216064,0.23475338518619537,0.050263769924640656,-0.20098236203193665,-0.30139806866645813,-0.07119666039943695,0.04949352517724037,-0.04169116169214249,0.056343335658311844,0.09124395996332169,0.019624318927526474,-0.27172210812568665,-0.20993341505527496,0.11858823150396347,0.2681737244129181,0.19398090243339539,-0.1862347424030304,-0.09105553478002548,-0.08771292120218277,-0.1359049677848816,-0.004185373894870281,-0.07407272607088089,0.20487383008003235,0.07473241537809372,0.03647778928279877
-0.03235024958848953,0.0035884398967027664,0.19461220502853394,0.20750552415847778,0.17249903082847595,0.0557861365377903,-0.4502088725566864,0.06955981999635696,-0.09239759296178818,-0.056896328926086426,-0.1970071941614151,-0.021749742329120636,-0.05053612217307091,0.02492327243089676,-0.19619055092334747,0.013608621433377266,0.016441913321614265,-0.19670014083385468,-0.15884709358215332,-0.08641888946294785,-0.19303083419799805,0.0940774455666542,-0.07861321419477463,0.0189298614859581,-0.12480010092258453,0.042589180171489716,-0.15254543721675873,-0.057285431772470474,-0.244775652885437,0.028744136914610863,-0.11441152542829514,0.04811839759349823,-0.11786573380231857,0.15683507919311523,0.22649292647838593,-0.15187528729438782,0.07698902487754822,-0.0854293704032898,0.09014362841844559,-0.1916230320930481,0.1256227344274521,0.0071965367533266544,-0.11767140030860901,0.2124914973974228,0.08445479720830917,-0.022532222792506218,-0.15587995946407318,-0.19914551079273224,-0.1133994460105896,-0.11911766231060028
0.04068968817591667,-0.07340630143880844,0.07486561685800552,-0.04262591898441315,0.050722938030958176,-0.2921677231788635,0.11964671313762665,-0.1069759801030159,0.11439085006713867,-0.07193823903799057,0.16070888936519623,0.016472889110445976,-0.120181605219841,-0.07937514781951904,-0.0018097811844199896,-0.009898959659039974,-0.17036207020282745,0.016888700425624847,-0.0478648878633976,-0.2057287096977234,0.11784129589796066,0.24498820304870605,0.004443196579813957,0.06904469430446625,-0.004724352154880762,0.12943996489048004,-0.054084621369838715,0.09929810464382172,-0.06820399314165115,0.19008885324001312,0.08556297421455383,-0.06912676244974136,-0.11398705840110779,-0.1313869059085846,-0.07240235805511475,0.31565311551094055,0.18106970191001892,-0.11236253380775452,0.03910074383020401,0.045196425169706345,-0.06427319347858429,0.0674414336681366,0.0040500289760529995,-0.002365742577239871,-0.1598520427942276,0.17522035539150238,-0.009372763335704803,0.026049822568893433,-0.3489099442958832,0.03485354408621788
-0.03246600180864334,-0.09895679354667664,0.0809812918305397,0.08184464275836945,-0.1741933822631836,0.22530120611190796,0.09410572052001953,-0.16461306810379028,0.03746980428695679,-0.16048455238342285,0.06652093678712845,-0.16144564747810364,-0.2818168103694916,0.08690972626209259,-0.09089453518390656,0.03742368891835213,0.11203406006097794,-0.008047513663768768,0.2388320118188858,-0.13822123408317566,0.14103150367736816,0.061073705554008484,-0.1554303616285324,0.10175547748804092,0.06022442877292633,0.07666286081075668,-0.2262270748615265,-0.14799144864082336,-0.15602359175682068,-0.049767203629016876,-0.08647388219833374,0.06314509361982346,0.08944046497344971,-0.06620530784130096,-0.14660905301570892,0.25876978039741516,-0.040440693497657776,-0.029376545920968056,0.13107749819755554,0.14682398736476898,0.21441343426704407,-0.1752878725528717,0.13165512681007385,-0.13937297463417053,-0.06334130465984344,0.17321379482746124,0.10760308802127838,0.2892959713935852,-0.20483042299747467,0.0650511309504509
-0.12430275976657867,0.052582621574401855,-0.24008184671401978,0.06962732970714569,0.22647584974765778,0.025433911010622978,-0.1313799023628235,0.07393055409193039,0.04804515838623047,0.16630730032920837,-0.21063446998596191,0.10308949649333954,-0.020965341478586197,-0.04542531073093414,0.19533167779445648,0.06972882151603699,0.0252765491604805,0.0694802850484848,0.09035912901163101,0.11176587641239166,-0.15593165159225464,-0.1463581919670105,-0.12690912187099457,0.11012012511491776,-0.13488438725471497,0.0359545461833477,0.046917229890823364,0.10605587810277939,-0.04860695078969002,-0.2251071035861969,0.13574054837226868,0.13687758147716522,-0.29374492168426514,-0.23384341597557068,-0.25990623235702515,0.01551468949764967,-0.16639994084835052,0.008482170291244984,-0.11622259020805359,-0.08911453932523727,0.20247046649456024,0.25460541248321533,-0.05697374418377876,-0.03592400252819061,-0.10632625967264175,-0.06449886411428452,-0.17549289762973785,0.27365395426750183,0.060773253440856934,-0.047498200088739395
0.3227894902229309,-0.09257552027702332,0.057977624237537384,0.1041262075304985,-0.4789116680622101,-0.191152423620224,0.226320281624794,-0.025442015379667282,0.058955688029527664,-0.1429988592863083,0.2327081561088562,0.05968125909566879,-0.04255194589495659,0.2587672770023346,-0.001277352450415492,0.33028796315193176,0.35325610637664795,-0.0010209756437689066,0.08109410852193832,-0.05209009349346161,0.1393452137708664,0.27387818694114685,0.2524408996105194,-0.271433025598526,0.1364389955997467,0.055848389863967896,-0.1456110179424286,0.23321625590324402,0.05141964554786682,0.2796839475631714,0.06324515491724014,0.26728466153144836,0.17909729480743408,-0.18984824419021606,-0.1761886030435562,0.06308882683515549,-0.07628858834505081,0.20663827657699585,0.17139969766139984,0.1393457055091858,0.10420568287372589,0.03323638439178467,0.11763318628072739,-0.23220820724964142,-0.025330018252134323,-0.0923694595694542,-0.031160809099674225,-0.0395970493555069,0.013519410975277424,-0.07385407388210297
-0.05553605407476425,-0.1678619235754013,0.06980868428945541,0.062090758234262466,-0.12536492943763733,-0.030999673530459404,0.23644660413265228,-0.2635621726512909,-0.04094383493065834,-0.0018809817265719175,0.0626978725194931,-0.054143212735652924,0.020101118832826614,-0.13621912896633148,-0.010053625330328941,0.015370250679552555,-0.05304969474673271,-0.019083064049482346,-0.07030432671308517,-0.08040561527013779,0.2671956717967987,-0.29739806056022644,0.17671577632427216,0.02311747334897518,0.20772750675678253,-0.21019044518470764,-0.007801706902682781,0.0388326421380043,0.13328130543231964,-0.08861294388771057,0.43527835607528687,0.06439846754074097,0.1793375462293625,-0.13898363709449768,-0.16124573349952698,0.31296783685684204,0.11819463968276978,-0.023733695968985558,0.053970545530319214,-0.009970496408641338,-0.12072718143463135,0.13444063067436218,-0.2581428587436676,-0.03747973218560219,-0.0645424947142601,-0.21755708754062653,0.23342405259609222,-0.28844645619392395,0.3012787103652954,0.12657830119132996
-0.048195190727710724,0.08754298835992813,-0.33479511737823486,0.09663461148738861,0.15224705636501312,-0.11614052951335907,-0.37575340270996094,0.009944824501872063,-0.09280093014240265,0.05104712024331093,-0.04840144142508507,-0.08482705056667328,-0.04747743159532547,0.28351110219955444,-0.10021466016769409,-0.033836860209703445,0.14150896668434143,0.05861328914761543,-0.25272414088249207,0.1641397923231125,-0.20652617514133453,-0.3704310357570648,0.07522661238908768,-0.19421802461147308,-0.23379813134670258,0.053288936614990234,-0.08913767337799072,0.09116445481777191,0.17846445739269257,-0.1084263026714325,-0.0868716910481453,0.07857701927423477,-0.13778981566429138,0.21220390498638153,-0.07690168917179108,-0.16370517015457153,-0.060463663190603256,0.13112680613994598,-0.028542354702949524,-0.0531005896627903,0.4204127788543701,0.022856537252664566,0.0110944714397192,0.15176063776016235,0.15734022855758667,0.11519987881183624,-0.06680011749267578,-0.001408509910106659,0.13839362561702728,-0.09170189499855042
0.12969793379306793,-0.1367103010416031,-0.08381462842226028,0.23849891126155853,-0.058686308562755585,0.00744739081710577,-0.019961388781666756,0.06653235852718353,0.058188293129205704,0.09897207468748093,-0.18102264404296875,0.21049533784389496,0.18384340405464172,-0.12254682928323746,0.006348271854221821,0.09262324124574661,0.0656806156039238,0.0599413700401783,-0.018393494188785553,0.06179365515708923,-0.01983862742781639,0.12419276684522629,0.09193642437458038,0.09316214919090271,0.009892893023788929,-0.041666775941848755,-0.18579651415348053,0.25341081619262695,0.061139900237321854,0.07791980355978012,-0.10576502233743668,0.22752398252487183,-0.3228691518306732,-0.1623261272907257,0.012770353816449642,0.1268010139465332,0.1311696469783783,0.020167814567685127,-0.1009555459022522,-0.02051478624343872,0.10375500470399857,-0.062334708869457245,-0.09922566264867783,-0.022950172424316406,-0.0016534108435735106,-0.09708438813686371,-0.08503533899784088,-0.00669222604483366,0.07761483639478683,0.10121385753154755
0.09498462080955505,0.1168549582362175,0.029516274109482765,-0.0753847062587738,0.1965237706899643,0.08458111435174942,-0.02104041911661625,0.0032956136856228113,0.14640328288078308,0.17182810604572296,0.1328025758266449,-0.08438447117805481,-0.029199225828051567,0.35241609811782837,-0.15790455043315887,-0.08426093310117722,0.17182967066764832,0.09203474968671799,0.1908416897058487,0.0973384901881218,-0.09343134611845016,0.018681600689888,-0.03864149749279022,0.20296138525009155,-0.012367164716124535,0.07658855617046356,-0.0007404926582239568,-0.20496177673339844,-0.23252786695957184,-0.0564660020172596,-0.01991868205368519,-0.06349345296621323,0.1329466700553894,0.1201072484254837,0.034950532019138336,-0.22692237794399261,0.009070908650755882,-0.10003355890512466,0.04460758715867996,-0.08872494846582413,-0.11623635143041611,-0.1138366088271141,0.08499764651060104,-0.08252065628767014,0.1763020157814026,0.14803582429885864,0.2153993546962738,-0.1180291399359703,-0.24218736588954926,-0.1418960839509964
-0.04184578359127045,-0.14456239342689514,-0.11470592767000198,0.0057111093774437904,-0.06998495012521744,-0.11358914524316788,0.1809328943490982,-0.1517200917005539,-0.14472165703773499,-0.03289041295647621,-0.03292453661561012,0.1617615818977356,0.21385301649570465,-0.0882590040564537,0.194218710064888,0.12160688638687134,0.15574747323989868,0.16475830972194672,0.009350820444524288,0.20976968109607697,0.06135169044137001,-0.15203166007995605,0.14203740656375885,-0.16872142255306244,0.048390794545412064,-0.13401652872562408,-0.07801257818937302,0.012373730540275574,0.027951395139098167,-0.16474102437496185,0.14137457311153412,0.19583579897880554,0.12098442018032074,-0.04509657248854637,-0.11526856571435928,-0.052713267505168915,0.1458669751882553,0.07101880759000778,-0.005476662889122963,0.0975017100572586,-0.16521720588207245,-0.030639229342341423,-0.046389855444431305,0.09326610714197159,0.12168294936418533,0.1947270780801773,-0.14235302805900574,0.01638478972017765,0.18223553895950317,-0.14568167924880981
0.08736215531826019,-0.07483016699552536,-0.16377195715904236,0.03390463814139366,-0.1892172396183014,-0.05569141358137131,0.004499261267483234,-0.07576224952936172,-0.10530921071767807,-0.0845991000533104,-0.0740385577082634,-0.09140130877494812,-0.11974503099918365,0.10683808475732803,-0.04688228666782379,-0.0424075648188591,0.15399475395679474,-0.03888184204697609,-0.09500198811292648,-0.016127092763781548,0.006834796164184809,0.009388945065438747,0.06691576540470123,-0.28952959179878235,0.044965967535972595,0.009621682576835155,0.16286619007587433,0.0023520186077803373,0.11197186261415482,0.23245729506015778,0.018493156880140305,0.15601596236228943,0.15842072665691376,-0.11956606060266495,-0.1380956768989563,-0.06799069046974182,0.054138656705617905,0.068987175822258,0.04019233211874962,0.0918411985039711,0.13223712146282196,0.15405213832855225,0.09617522358894348,-0.11721636354923248,0.11029957979917526,-0.06723625957965851,0.1764431744813919,-0.05910687893629074,0.03576359152793884,-0.12446320056915283
0.09403597563505173,0.0703134685754776,-0.032485395669937134,0.06921513378620148,-0.1554737538099289,0.16721469163894653,0.16551974415779114,-0.28462255001068115,-0.03894130885601044,-0.015095438808202744,0.0238203052431345,-0.1530609130859375,-0.010323748923838139,0.08557341992855072,-0.06436613947153091,0.20534655451774597,0.03110681101679802,-0.05549665540456772,-0.11119864135980606,-0.13806642591953278,0.09941469877958298,-0.04502915218472481,0.13365128636360168,-0.29335686564445496,0.24347412586212158,-0.10948067903518677,0.007032377179712057,-0.09906613826751709,0.0754353255033493,-0.009717351756989956,0.07409338653087616,-0.05865628644824028,0.2890499532222748,-0.060571856796741486,0.1510886549949646,0.09290071576833725,0.20569176971912384,-0.0514158196747303,0.22938936948776245,0.19077545404434204,0.05290744826197624,-0.1107441782951355,0.04465936869382858,-0.003824599552899599,-0.0415479876101017,0.041033606976270676,-0.027250174432992935,-0.00328340707346797,0.09254508465528488,-0.036473654210567474
-0.11108001321554184,-0.1361120343208313,0.20970024168491364,0.013538029976189137,-0.08398421108722687,-0.3514987528324127,-0.28530362248420715,0.04697784036397934,-0.06053002178668976,-0.025675686076283455,0.026275446638464928,0.16180074214935303,-0.024199118837714195,-0.2418716698884964,0.003407987067475915,0.0863909050822258,-0.0003022176679223776,-0.06941177695989609,0.16647447645664215,0.052367668598890305,-0.20482513308525085,0.14185385406017303,-0.13024355471134186,-0.039160098880529404,-0.06102382391691208,0.3398820161819458,-0.220062717795372,0.03509796783328056,0.02825177274644375,-0.15344658493995667,0.1723787933588028,-0.053137727081775665,-0.048643339425325394,-0.053287096321582794,-0.06569818407297134,0.1898886114358902,-0.07635883241891861,-0.02677505649626255,-0.13083890080451965,-0.047622766345739365,0.1496494561433792,-0.05254603177309036,-0.1505124717950821,-0.11275572329759598,-0.07243114709854126,0.1925131380558014,-0.06605712324380875,-0.0006626683752983809,0.05146263167262077,0.22791516780853271
0.09437423944473267,0.16511209309101105,-0.05584660544991493,0.19653157889842987,-0.14849752187728882,0.08804734796285629,0.27778810262680054,0.041924502700567245,-0.037279002368450165,-0.043878380209207535,0.18128587305545807,-0.15928363800048828,-0.08854922652244568,-0.028006980195641518,0.09626907855272293,0.058211252093315125,0.1446935534477234,-0.16484645009040833,0.13487352430820465,0.16374245285987854,0.08706727623939514,0.3266542851924896,0.2429789900779724,-0.27804821729660034,0.00022723892470821738,0.03339632228016853,0.06137967109680176,0.28723058104515076,-0.0760621652007103,0.018646012991666794,0.003487026784569025,0.08485221117734909,0.18501761555671692,-0.13509392738342285,-0.012071605771780014,0.06579434871673584,-0.1468801498413086,-0.025760477408766747,-0.15716198086738586,0.06663729250431061,0.1951603889465332,0.12201125174760818,0.2680177092552185,-0.04133344814181328,0.19867563247680664,0.18154336512088776,-0.08147312700748444,-0.07289965450763702,0.03512363135814667,-0.1816089153289795
-0.1390017718076706,0.012399709783494473,-0.002653618110343814,-0.18110375106334686,-0.10265948623418808,0.15212295949459076,-0.2781672477722168,-0.12435658276081085,0.1287158578634262,0.11736053228378296,-0.19350029528141022,-0.16574588418006897,-0.013319593854248524,0.09899156540632248,0.0095036206766963,-0.17413297295570374,-0.3257739245891571,0.01929025538265705,0.08106623589992523,-0.19877314567565918,-0.11020147800445557,-0.02704484760761261,-0.20410877466201782,0.04996504262089729,-0.028257915750145912,-0.34411847591400146,0.056802935898303986,-0.24837812781333923,-0.14914368093013763,-0.24592210352420807,-0.214959055185318,-0.4714333415031433,0.08041086792945862,0.1845930814743042,0.00540110794827342,-0.0476367324590683,0.029187612235546112,-0.017173219472169876,0.041209928691387177,0.12503397464752197,0.24049943685531616,-0.04427412524819374,0.09276250004768372,-0.0460747629404068,-0.15773148834705353,-0.20891758799552917,-0.09898421168327332,-0.0027620829641819,0.06308697909116745,0.09312133491039276
0.07569880038499832,0.09438949078321457,-0.24872975051403046,-0.10723961889743805,0.06478561460971832,-0.05348089337348938,-0.23782189190387726,0.1439105123281479,-0.008772079832851887,-0.016280274838209152,-0.0745687335729599,0.04315197095274925,-0.21158574521541595,0.1804981380701065,0.12509268522262573,-0.20210649073123932,-0.1496669501066208,-0.1723819077014923,-0.022147154435515404,-0.23354318737983704,-0.295980304479599,0.11063233762979507,-0.09551307559013367,-0.1451101005077362,0.16284340620040894,-0.1942034363746643,0.20290474593639374,-0.21812738478183746,-0.10580728203058243,0.0025615731719881296,0.0009006332256831229,-0.13830368220806122,0.0002886088041123003,0.009771003387868404,0.05769803002476692,-0.09527496993541718,-0.2785724997520447,0.02529008314013481,-0.08489836752414703,-0.14530515670776367,-0.003044671379029751,-0.04661243036389351,0.04338795319199562,0.15672080218791962,0.09017886966466904,-0.13779239356517792,0.05744871124625206,-0.19525165855884552,-0.10524585098028183,-0.09124016761779785
-0.313662588596344,0.09512211382389069,0.07439452409744263,0.06843014061450958,0.013877131044864655,-0.01700354926288128,0.003217272227630019,-0.18319855630397797,-0.057555269449949265,0.262668639421463,-0.011476397514343262,0.05334854871034622,-0.07690425217151642,0.04333781823515892,-0.1248195469379425,-0.022153517231345177,-0.16623274981975555,-0.20387610793113708,-0.06955380737781525,0.035188741981983185,0.015230135060846806,-0.0907510370016098,-0.04692284017801285,0.11098656803369522,0.12115465849637985,-0.21734270453453064,0.24638327956199646,-0.09921775758266449,0.14394676685333252,0.041186559945344925,-0.2718842327594757,-0.04721963033080101,0.1558433473110199,0.046646349132061005,-0.08702826499938965,-0.05248222500085831,-0.15607845783233643,-0.07931671291589737,-0.12460865080356598,-0.006706408224999905,0.12915177643299103,0.033749304711818695,-0.03157871589064598,0.1564716249704361,-0.07697269320487976,0.09794824570417404,-0.020981526002287865,-0.01602879725396633,0.17693500220775604,0.17173221707344055
0.20216861367225647,-0.1140153631567955,-0.3329644501209259,-0.1311333030462265,-0.059801068156957626,-0.15323221683502197,-0.12640635669231415,0.1094571053981781,0.031223319470882416,0.071385957300663,0.032727476209402084,0.19983842968940735,-0.038483068346977234,-0.16324280202388763,0.093470998108387,-0.090513214468956,0.08122607320547104,0.19819192588329315,0.028477521613240242,0.09953492879867554,-0.08439663797616959,-0.30669108033180237,-0.1596677154302597,0.117987722158432,0.22314171493053436,0.28516435623168945,0.018736902624368668,0.1678951382637024,-0.04826197400689125,-0.052403759211301804,0.061297569423913956,0.0736636370420456,-0.1867186725139618,0.039334602653980255,-0.4060819149017334,0.043753791600465775,-0.176749125123024,0.057508744299411774,0.0422888919711113,-0.07293343544006348,0.48375287652015686,0.3215869069099426,-0.20872685313224792,-0.09955142438411713,-0.12712202966213226,-0.08412409573793411,-0.14595597982406616,0.31490370631217957,0.24521781504154205,0.032488420605659485
0.33750879764556885,0.134299635887146,-0.03385144844651222,0.10182603448629379,-0.14275620877742767,-0.1311056762933731,-0.2082485556602478,0.18723152577877045,-0.1373656541109085,0.1580589860677719,0.017789730802178383,0.014232471585273743,-0.22338543832302094,0.0639946460723877,0.18627919256687164,-0.21742425858974457,-0.08540896326303482,0.06918014585971832,0.0691998302936554,-0.10648246109485626,0.1547161340713501,0.11117620021104813,-0.09813281148672104,-0.17120547592639923,-0.03611050546169281,-0.19874905049800873,0.25251901149749756,0.08839535713195801,-0.06594736129045486,-0.01866360381245613,-0.03162526711821556,-0.12562604248523712,0.0065477159805595875,-0.16628801822662354,0.3314465582370758,-0.053221944719552994,0.033697936683893204,0.1608743965625763,0.12150286138057709,-0.1955450028181076,-0.15409855544567108,0.137367382645607,0.22189366817474365,-0.0016040944028645754,-0.09266023337841034,-0.1456531584262848,-0.06682637333869934,-0.05596412718296051,-0.19140058755874634,-0.11426562070846558
0.06421647220849991,-0.05187239125370979,-0.03801567852497101,-0.09327185899019241,0.04085846245288849,0.016352077946066856,-0.03881506994366646,-0.024356458336114883,0.08298654854297638,0.09568312019109726,-0.0464119091629982,0.00707892794162035,-0.12213371694087982,-0.13327950239181519,-0.14557099342346191,-0.033338770270347595,-0.1864348202943802,0.06308896094560623,0.24366523325443268,-0.15524180233478546,0.0854465514421463,0.11249519139528275,0.04984268918633461,0.03434300050139427,-0.022981127724051476,0.10361950844526291,-0.06779970973730087,-0.007543410174548626,-0.03995685651898384,-0.055736735463142395,-0.06153614819049835,0.050747159868478775,-0.12762024998664856,0.0444210022687912,-0.2236015349626541,-0.21408939361572266,-0.1474829465150833,-0.12141521275043488,-0.04516337811946869,-0.06439827382564545,-0.13578547537326813,0.2932438552379608,-0.09123070538043976,0.09223359823226929,-0.16884396970272064,-0.14782822132110596,0.011396478861570358,0.19421391189098358,0.1741686463356018,0.05952809378504753
0.09252145141363144,0.010228373110294342,-0.07232768833637238,0.05877365916967392,-0.07908932864665985,-0.07711289823055267,0.032467275857925415,-0.003869641339406371,-0.06536246836185455,0.09305039793252945,-0.04870518296957016,0.11610011011362076,0.14052243530750275,-0.24084600806236267,0.009688147343695164,0.06915730237960815,-0.09211625903844833,-0.07664799690246582,-0.07468726485967636,-0.03687166050076485,-0.002297796541824937,0.012350090779364109,-0.0009703286923468113,-0.11420679092407227,0.23354442417621613,-0.11834534257650375,0.20993570983409882,0.019734526053071022,-0.04112614318728447,0.16724388301372528,0.015579448081552982,-0.004415219184011221,-0.13120433688163757,-0.08801534026861191,0.11030007153749466,-0.008573926985263824,0.14476870000362396,-0.1277051568031311,-0.08942897617816925,0.03326483070850372,-0.1738111525774002,0.22807522118091583,-0.06237904727458954,0.06962093710899353,-0.08315400034189224,0.020447688177227974,0.08825112134218216,0.02160036750137806,0.018651148304343224,-0.13863639533519745
-0.05688568949699402,-0.1223362609744072,0.03077920526266098,0.18689194321632385,0.08059068024158478,0.12189092487096786,-0.08140375465154648,-0.02961484156548977,0.04249924421310425,0.13726145029067993,-0.110039621591568,-0.2851211726665497,-0.11345665156841278,0.12192307412624359,-0.09914439916610718,0.06625023484230042,0.12381675839424133,-0.13075445592403412,0.015189985744655132,0.00839273352175951,-0.1791532188653946,0.3349158465862274,-0.054833099246025085,0.32795754075050354,-0.3038614094257355,0.015393063426017761,-0.03325602039694786,-0.10365498065948486,0.08966833353042603,-0.0007685759919695556,-0.3155956566333771,0.03989135101437569,0.14279726147651672,0.058104224503040314,-0.006733044981956482,-0.07885046303272247,-0.2299603521823883,-0.139548197388649,-0.055085793137550354,0.14464735984802246,0.05617939308285713,-0.15518899261951447,0.13980719447135925,-0.14104454219341278,0.17851024866104126,0.06065412610769272,0.01826881803572178,0.02056925743818283,-0.18431469798088074,-0.19307948648929596
0.086823970079422,-0.23460501432418823,0.17803224921226501,-0.09172631055116653,-0.08942680060863495,-0.2667716145515442,0.31813469529151917,0.1503196656703949,-0.16746367514133453,-0.08328567445278168,0.18315613269805908,0.047002702951431274,0.10610677301883698,-0.1538466513156891,0.16030360758304596,0.12278162688016891,-0.2226826399564743,0.13999173045158386,-0.15574181079864502,-0.009979108348488808,0.20234857499599457,0.12483394891023636,-0.04756656661629677,0.09928110241889954,0.07608601450920105,0.24272306263446808,0.012403893284499645,0.081914521753788,-0.12715478241443634,0.22931818664073944,0.17629660665988922,0.05237099900841713,0.2832562029361725,0.0018353183986619115,0.060843635350465775,0.12493117898702621,0.053535666316747665,-0.04839897155761719,-0.08083884418010712,-0.09247942268848419,-0.3125307857990265,0.22133184969425201,-0.23692180216312408,-0.05082683637738228,-0.13202908635139465,0.03714383766055107,0.021218784153461456,-0.008909675292670727,-0.099736787378788,-0.10119716823101044
0.36148929595947266,-0.1280355304479599,-0.07116284966468811,0.06783713400363922,-0.05555042624473572,0.1879875659942627,0.30232980847358704,-0.08932817727327347,0.24208985269069672,0.06669995933771133,0.05095271021127701,0.1643926352262497,0.3136669099330902,0.07199389487504959,0.042194098234176636,-0.037180814892053604,0.02804986946284771,0.031605251133441925,0.02290196716785431,0.2193203568458557,0.12284424901008606,0.011712909676134586,0.047137562185525894,-0.17037129402160645,-0.0931258499622345,-0.03492189198732376,-0.0008218290749937296,0.11156174540519714,0.028448285534977913,0.19791235029697418,0.18038761615753174,0.09915340691804886,0.04967035725712776,-0.276496559381485,0.25234299898147583,0.09058777987957001,0.029114501550793648,0.06384377926588058,-0.04363514855504036,0.24202558398246765,-0.2075847089290619,0.2043846696615219,-0.04556083306670189,-0.17796386778354645,0.18009230494499207,0.1307729184627533,0.1518986076116562,0.09308021515607834,-0.06228751316666603,0.023937692865729332
0.07051177322864532,0.16860860586166382,-0.10756605863571167,0.021966252475976944,-0.2426624894142151,0.17895495891571045,-0.013687891885638237,-0.015602914616465569,-0.02137169800698757,-0.0063933259807527065,-0.1735914647579193,-0.01752791926264763,-0.03160397708415985,0.0035117866937071085,-0.004111057613044977,-0.12375858426094055,-0.2204672396183014,-0.036268025636672974,-0.13414925336837769,-0.19655582308769226,-0.08867408335208893,-0.061915136873722076,-0.08651445806026459,-0.19150975346565247,0.045021601021289825,-0.21739451587200165,0.192647323012352,-0.09252054989337921,-0.18473009765148163,0.11146292090415955,-0.17280970513820648,-0.08998934179544449,0.11464614421129227,-0.03689661994576454,0.01757083088159561,-0.16217827796936035,-0.03042902797460556,0.08427746593952179,-0.019901877269148827,-0.06945626437664032,0.026160504668951035,0.03247271105647087,-0.055429376661777496,0.09782274067401886,-0.08097343891859055,-0.026326444000005722,-0.14976342022418976,-0.08952541649341583,0.0559045635163784,0.019428040832281113
-0.010104607790708542,0.1325492560863495,0.23221459984779358,-0.08685319125652313,0.06942486763000488,0.1660420298576355,0.16762104630470276,0.01598469726741314,0.0893879383802414,-0.141460582613945,-0.010400420986115932,0.1710631400346756,-0.14440615475177765,0.004798317793756723,0.1579129546880722,-0.02312730997800827,-0.07045651227235794,0.03519011661410332,0.10342022031545639,-0.05947820469737053,-0.0731872096657753,0.05120784044265747,-0.06608787924051285,-0.23882992565631866,-0.0784870982170105,0.052953287959098816,-0.04594879597425461,0.09322989732027054,-0.13295432925224304,-0.013376761227846146,0.03555877134203911,-0.05591791123151779,-0.13249047100543976,-0.22792871296405792,-0.07196339219808578,0.05068173259496689,-0.21634481847286224,0.03432529792189598,-0.2272639274597168,0.013907779939472675,0.11474259197711945,0.21452569961547852,0.16073527932167053,0.16608864068984985,-0.23727475106716156,0.11155931651592255,-0.07128351181745529,0.38567665219306946,-0.10520774126052856,0.000766803277656436
-0.10888691246509552,-0.14157302677631378,0.4686579406261444,-0.026925314217805862,0.1313195824623108,0.10941130667924881,-0.5422021746635437,-0.1252511590719223,0.04318760335445404,0.09486180543899536,-0.14511337876319885,0.13221710920333862,-0.01579035446047783,0.03014976717531681,-0.380265474319458,0.020196348428726196,-0.0662640705704689,0.02546936273574829,0.050200045108795166,-0.03500937670469284,-0.014233882538974285,0.00875712651759386,-0.1757083535194397,0.3216494023799896,0.193250373005867,0.12981384992599487,-0.13991762697696686,-0.08912403136491776,-0.15236449241638184,-0.2695806920528412,-0.11875183135271072,-0.1263575255870819,-0.3641033470630646,0.11408280581235886,-0.17239677906036377,0.23182892799377441,-0.0151069276034832,-0.05247246101498604,0.08609986305236816,-0.0912327840924263,0.3407135009765625,-0.25637689232826233,-0.23124469816684723,0.31585693359375,-0.18390168249607086,0.03909200429916382,-0.06764978915452957,-0.1798447221517563,0.13512057065963745,0.3644545376300812
